  0.672997 -0.00578103   0.0014228 -0.00933672   -0.531157 -0.00622728    0.853319
  0.678658  -0.00791156 -0.000175099    -0.010402   -0.529814 -0.00268724    0.851976
   0.68302 -0.00578103 -0.00124036  -0.0125325    -0.52188 -0.00647142    0.845262
  0.688538 -0.00631366 0.000357532  -0.0114672  -0.513701 -0.0136736   0.839281
  0.692782 -0.00311787   0.0014228  -0.0119999  -0.511626 -0.0190447   0.838182
  0.698634 0.00274109 0.00195543 -0.0125325 -0.516875 -0.017824  0.843675
  0.702766  0.00114319 0.000890165 -0.00986935  -0.527251 -0.0104997   0.852586
  0.708588 -0.00578103 0.000357532 -0.00880408   -0.534331 -0.00341967    0.857591
  0.712689  -0.00791156 -0.000707732   -0.0109346   -0.531645 -0.00171068    0.854417
  0.718635 -0.00631366 -0.00230563  -0.0119999   -0.522124 -0.00757006    0.845262
  0.723054   -0.0036505 -0.000707732   -0.0114672  -0.513335 -0.0159929   0.836961
  0.728518 -0.000454709   0.00195543    -0.010402  -0.511504 -0.0202654   0.835741
  0.732792  0.00114319  0.00248806 -0.00986935  -0.516997 -0.0181902   0.841966
  0.738636 -0.00151997   0.0014228 -0.00880408   -0.526274 -0.00952318    0.851488
  0.742947 -0.00418313  -0.0001751 -0.00933672   -0.532378 -0.00158861    0.855882
  0.748592  -0.00737893 -0.000707732   -0.0109346    -0.52896 -0.00097826    0.851732
  0.752757  -0.0105747 0.000357532  -0.0119999    -0.51956 -0.00708178    0.843797
  0.758637 -0.00897682   0.0014228  -0.0119999  -0.512847 -0.0157488   0.837572
  0.763104 -0.00311787   0.0014228  -0.0114672  -0.512847 -0.0203874   0.838548
  0.768473 -0.00151997  0.00195543 -0.00986935  -0.520049 -0.0181902   0.845628
   0.77277 -0.00418313  0.00248806 -0.00880408 -0.528716 -0.010866  0.852586
  0.778658 -0.00418313 0.000357533 -0.00986935   -0.531889 -0.00366381    0.854906
   0.78306 -0.00258524   -0.001773  -0.0130651   -0.527251 -0.00341967    0.849901
  0.788531 -0.00418313 -0.00124036  -0.0135978   -0.517729 -0.00988939    0.841722
  0.792792  -0.0100421 0.000890165 -0.00827145  -0.511992 -0.0173357    0.83745
  0.798635  -0.0068463  0.00248806 -0.00667355  -0.513945 -0.0202654   0.839403
  0.802918  0.00114319   0.0014228 -0.00933672   -0.52188 -0.0150163   0.847337
  0.808589 0.00220845 -0.0001751 -0.0114672   -0.530791 -0.00634935    0.855882
   0.81277  -0.0036505 -0.00124036  -0.0119999   -0.532988 -0.00158861    0.856859
  0.818599 -0.00631366 -0.00230563  -0.0125325   -0.526274 -0.00341967    0.849168
  0.822682 -0.00151997 -0.00230563  -0.0135978  -0.516631 -0.0112322   0.840135
  0.828634  0.00380635 -0.00124036  -0.0141304 -0.510893 -0.017824  0.835008
  0.833084 0.00380635  0.0014228 -0.0114672  -0.513945 -0.0189226    0.83867
  0.838594 7.79238e-05  0.00248806 -0.00986935  -0.522734 -0.0147722   0.847948
  0.842844 -0.00311787   0.0014228  -0.0114672   -0.530547 -0.00671556    0.854661
  0.848639 -0.0052484 -0.0001751 -0.0130651   -0.531889 -0.00195482    0.854295
  0.852957  -0.00950946 -0.000707732   -0.0119999   -0.524809 -0.00476244    0.847093
  0.858467  -0.0100421 0.000357532 -0.00880408  -0.515776 -0.0124529   0.839525
  0.862799  -0.0036505  0.00195543 -0.00933672  -0.512114 -0.0188005   0.836961
  0.868636 0.000610556  0.00248806   -0.010402  -0.516264 -0.0185564    0.84099
  0.872834 0.000610556  0.00195543 -0.00986935  -0.525054 -0.0119646   0.849412
  0.878674 7.79238e-05 0.000890165  -0.0130651   -0.530669 -0.00439623    0.854295
  0.883101  -0.00418313 -0.000707732   -0.0141304   -0.528472 -0.00146654    0.851121
  0.888634 -0.00897682 -0.00124036  -0.0114672   -0.520903 -0.00610521    0.844285
  0.892928   -0.0068463 -0.000707732    -0.010402  -0.512969 -0.0151384   0.838182
  0.898635 -0.00418313  0.00248806 -0.00880408   -0.51187 -0.0205095   0.837694
   0.90292 -0.00258524  0.00461859 -0.00827145  -0.519072 -0.0186785   0.843797
  0.908664  -0.0036505  0.00302069 -0.00720619  -0.529204 -0.0106218   0.853197
    0.9129 -0.00737893 0.000357533 -0.00773882   -0.535307 -0.00293139    0.858202
  0.918667 -0.00578103 -0.00230563  -0.0125325   -0.531889 -0.00232103    0.853929
  0.922801 -0.00258524 -0.00390353   -0.014663   -0.521758 -0.00793627    0.843797
  0.928545 -0.00311787 -0.00230563  -0.0125325  -0.513091 -0.0151384   0.836473
  0.932766 -0.00311787  -0.0001751 -0.00986935  -0.510893 -0.0195329   0.835741
  0.938665 -0.00205261 0.000890165 -0.00827145  -0.516753 -0.0168474   0.842332
  0.943099 -0.000987342  0.000890165  -0.00880408   -0.526274 -0.00891283     0.85222
  0.948666  -0.00311787 -0.000707732   -0.0114672   -0.530791 -0.00183275    0.856126
  0.952943  -0.0036505 -0.00230563  -0.0157283   -0.527251 -0.00134447     0.85222
  0.958667  -0.0052484 -0.00124036  -0.0151957   -0.518828 -0.00842455    0.843919
  0.962885  -0.0105747  0.00302069 -0.00880408  -0.512724 -0.0158708   0.838182
  0.968665 -0.00471577  0.00408596 -0.00933672  -0.513701 -0.0198992   0.839403
  0.972983 0.00380635 0.00302069 -0.0130651  -0.521025 -0.0177019    0.84575
  0.978692 0.000610556  0.00248806   -0.010402   -0.529692 -0.00976732    0.852586
  0.983092 -0.00791156   0.0014228 -0.00773882  -0.532134 -0.0045183   0.853563
  0.988601 -0.00950946 0.000357532   -0.010402    -0.52603 -0.00549486    0.847703
  0.992853  -0.00631366 -0.000707732   -0.0114672  -0.516631 -0.0118425   0.840135
  0.998677 -0.00205261 -0.00124036 -0.00986935  -0.510649 -0.0189226   0.836107
   1.00315   0.00487161 -0.000707732   -0.0114672  -0.513213 -0.0190447   0.839525
   1.00867  0.00220845 0.000890165  -0.0114672 -0.523345 -0.012697  0.848924
    1.0129 -0.00151997   0.0014228  -0.0125325   -0.531889 -0.00427416    0.856615
   1.01866 -0.00258524 -0.00124036  -0.0135978   -0.532988 0.000364513    0.856615
   1.02292 -0.00950946 -0.00283826   -0.010402   -0.525786 -0.00415209    0.848314
   1.02866   -0.0121726 -0.000175099  -0.00827145  -0.515532 -0.0130632   0.838304
   1.03298 -0.00258524   0.0014228  -0.0109346  -0.511015 -0.0190447   0.835374
   1.03853  0.00646951 0.000890165  -0.0135978  -0.513823 -0.0203874   0.839403
    1.0428 7.79219e-05  0.00195543   -0.010402 -0.522856 -0.014406   0.84807
   1.04867 -0.00631366  0.00248806 -0.00933672 -0.531645 -0.005739  0.854906
   1.05306 -0.00844419   0.0014228   -0.010402   -0.531401 -0.00171068    0.854295
   1.05861 -0.00897683 0.000357532  -0.0114672   -0.523589 -0.00525072    0.847826
   1.06276 -0.00471577  -0.0001751  -0.0119999  -0.515532 -0.0139177   0.839891
   1.06867 -0.000454707   -0.0001751   -0.0109346  -0.512969 -0.0192888   0.837327
   1.07279 -0.00151997   0.0014228 -0.00933672  -0.517973 -0.0180681   0.842454
   1.07869 -0.00418313  0.00248806 -0.00880408   -0.52664 -0.0112322   0.850877
   1.08312  -0.0052484 0.000890165 -0.00986935  -0.531523 -0.0032976   0.855638
   1.08867 -0.00578103   -0.001773  -0.0125325  -0.528349 -0.0012224   0.851854
   1.09296 -0.00631366 -0.00283826   -0.014663   -0.518828 -0.00683764    0.842454
    1.0986  -0.0105747 0.000357532 -0.00986935  -0.510771 -0.0155046   0.835985
    1.1028 -0.00737893  0.00355333 -0.00720619  -0.510161 -0.0209978   0.836961
   1.10867 -0.00151997  0.00408596 -0.00827145   -0.51834 -0.0183122   0.845262
   1.11312 -0.00418314  0.00302069 -0.00773882  -0.530547 -0.0100115   0.855638
   1.11867  -0.0068463 0.000890165 -0.00986935  -0.535796 -0.0032976   0.859544
   1.12282 -0.0068463 -0.0001751 -0.0125325   -0.531035 -0.00268724    0.853441
   1.12867   -0.0052484 -0.000707732   -0.0125325   -0.521147 -0.00927904     0.84221
   1.13303 -0.00098734 -0.00124036   -0.010402  -0.512114 -0.0167253   0.834886
   1.13862  0.00114319 0.000890165 -0.00933672  -0.511382 -0.0197771   0.835618
   1.14276  0.00114319  0.00195543 -0.00986935   -0.51895 -0.0168474   0.842821
   1.14867 0.00114319 -0.0001751  -0.010402   -0.528349 -0.00805834    0.852342
   1.15307  0.00114319 -0.00124036  -0.0135978     -0.5325 -0.00146654    0.856126
   1.15867   -0.0036505 -0.000707732   -0.0151957   -0.527373 -0.00256517    0.850999
    1.1629 -0.0127053  0.0014228 -0.0114672   -0.518584 -0.00976732    0.842088
   1.16867  -0.0127053  0.00195543 -0.00880408 -0.513335 -0.017946  0.837327
   1.17287 -0.0036505  0.0014228  -0.010402  -0.513823 -0.0206316   0.839036
   1.17869 0.000610556  0.00195543   -0.010402  -0.521636 -0.0151384   0.845994
   1.18309 -0.000454709    0.0014228    -0.010402   -0.529692 -0.00683764    0.852708
   1.18845 -0.00311787 0.000357532  -0.0135978   -0.530547 -0.00183275    0.853197
   1.19292  -0.00471577 -0.000707732   -0.0151957   -0.524809 -0.00341967    0.847703
   1.19867 -0.00471577 -0.00124036  -0.0125325  -0.515288 -0.0117204   0.839647
   1.20296  -0.00205261 -0.000707732  -0.00986935  -0.510893 -0.0190447   0.837083
   1.20867 0.00274109  0.0014228  -0.010402  -0.515288 -0.0202654   0.841478
   1.21301 0.00167582 0.00248806 -0.0114672  -0.525176 -0.0134294   0.849901
   1.21867 -0.000987342  0.000890165   -0.0135978  -0.533843 -0.0045183   0.857103
    1.2229 -0.00471577 -0.00124036  -0.0130651   -0.533354 -0.00146654    0.856126
   1.22867 -0.00950946 -0.00230563  -0.0109346   -0.524565 -0.00512865    0.847459
   1.23293  -0.00897683 -0.000707732   -0.0114672  -0.515288 -0.0128191   0.839403
   1.23867  -0.0068463  0.00248806 -0.00986935  -0.511626 -0.0181902   0.835741
   1.24312 -0.00205261  0.00355333 -0.00986935   -0.51541 -0.0175798   0.839891
   1.24848 0.00167582 0.00248806 -0.0119999  -0.524321 -0.0119646   0.848924
   1.25276 -0.0052484 0.00248806 -0.0109346   -0.531279 -0.00500658    0.854661
   1.25867 -0.0100421  0.0014228 -0.0109346  -0.530547 -0.0024431   0.853563
   1.26303 -0.00844419  -0.0001751  -0.0125325   -0.522734 -0.00769213    0.845384
   1.26855  -0.00258524 -0.000707732   -0.0135978    -0.5148 -0.0155046   0.838304
   1.27284  0.00114319 0.000890165  -0.0119999  -0.512969 -0.0195329   0.837938
   1.27869 -0.000454709   0.00248806  -0.00827145  -0.518218 -0.0174578   0.842699
   1.28302 -0.000987342    0.0014228  -0.00880408   -0.527007 -0.00915697    0.850511
   1.28858 -0.000987342   -0.0001751   -0.0130651   -0.531279 -0.00195482    0.855028
   1.29274 -0.00471577 -0.00124036  -0.0135978   -0.527861 -0.00134447    0.850511
   1.29867   -0.0121726 -0.000707732    -0.010402    -0.51956 -0.00720385    0.841844
   1.30281  -0.0105747  -0.0001751 -0.00933672  -0.511382 -0.0167253   0.835863
    1.3087 -0.00151997   0.0014228  -0.0109346  -0.510893 -0.0216081   0.837572
   1.31274 0.00114319 0.00355333 -0.0109346   -0.51956 -0.0186785   0.845994
   1.31867 -0.00418313  0.00408596 -0.00827145   -0.529692 -0.00988939     0.85515
   1.32312  -0.0105747  0.00248806 -0.00720619   -0.533476 -0.00195482    0.858446
   1.32854  -0.0105747  -0.0001751 -0.00986935   -0.528594 -0.00171068    0.852464
   1.33285 -0.00791156 -0.00124036  -0.0109346  -0.519072 -0.0078142    0.84221
   1.33859  -0.0068463 0.000357533 -0.00933672   -0.51187 -0.0156267   0.836473
   1.34284  -0.0036505  0.00248806 -0.00986935 -0.512358 -0.019655  0.837938
   1.34867 -0.000454709   0.00302069   -0.0109346  -0.520903 -0.0168474    0.84514
   1.35292 7.79238e-05  0.00195543  -0.0114672   -0.530181 -0.00964525    0.852952
   1.35852 -0.00311787  -0.0001751  -0.0114672   -0.531767 -0.00354174    0.854661
   1.36292  -0.0052484 -0.00124036  -0.0114672   -0.522002 -0.00854662     0.84575
   1.36867 -0.00471577 -0.00124036  -0.0119999  -0.514067 -0.0156267   0.837938
   1.37301 -0.00205261 0.000890165  -0.0119999  -0.516142 -0.0169695   0.840257
   1.37869 0.000610556  0.00302069  -0.0119999  -0.518218 -0.0183122   0.842577
   1.38293 -0.00205261   0.0014228  -0.0109346    -0.52603 -0.00988939    0.850389
   1.38867 -0.00471577  -0.0001751 -0.00986935   -0.533843 -0.00146654    0.858202
   1.39283 -0.00737893 0.000357532  -0.0114672   -0.525786 -0.00500658    0.848802
   1.39867  -0.0100421 0.000890165  -0.0130651   -0.517729 -0.00854662    0.839403
    1.4029 -0.00631366 0.000357532  -0.0109346  -0.513213 -0.0158708   0.837572
   1.40867 -0.00258524  -0.0001751 -0.00880408  -0.508696 -0.0231951   0.835741
   1.41292 -0.00205261 0.000890165 -0.00986935  -0.520537 -0.0155046   0.846483
   1.41867 -0.00151997  0.00195543  -0.0109346  -0.532378 -0.0078142   0.857225
   1.42284  -0.00471577 -0.000175099   -0.0109346   -0.530669 -0.00390795    0.855516
   1.42867 -0.00791156 -0.00230563  -0.0109346    -0.52896 -1.6978e-06    0.853807
    1.4328   -0.0100421 -0.000707732  -0.00880408   -0.519682 -0.00879076    0.844652
   1.43867  -0.0121726 0.000890165 -0.00667356  -0.510405 -0.0175798   0.835496
   1.44282 -0.00578103   0.0014228 -0.00827145  -0.515776 -0.0177019   0.839525
   1.44867 0.000610556  0.00195543 -0.00986935 -0.521147 -0.017824  0.843553
   1.45304 -0.00471577   0.0014228 -0.00827145  -0.527007 -0.0101335   0.849535
   1.45867  -0.0100421 0.000890165 -0.00667356  -0.532866 -0.0024431   0.855516
   1.46281  -0.00418313 -0.000707732   -0.0114672    -0.52542 -0.00622728    0.848924
   1.46867  0.00167582 -0.00230563  -0.0162609  -0.517973 -0.0100115   0.842332
     1.473  0.00167582 -0.00124036  -0.0130651 -0.515532 -0.014406  0.839647
   1.47869  0.00167582  -0.0001751 -0.00986935  -0.513091 -0.0188005   0.836961
   1.48313 7.79238e-05   0.0014228 -0.00986935  -0.521391 -0.0117204   0.845384
   1.48855 -0.00151997  0.00302069 -0.00986935   -0.529692 -0.00464037    0.853807
   1.49276 -0.0052484 -0.0001751 -0.0114672   -0.526396 -0.00403002    0.849535
   1.49867 -0.00897682 -0.00337089  -0.0130651     -0.5231 -0.00341967    0.845262
   1.50302  -0.0100421 0.000890165  -0.0109346  -0.516142 -0.0120867   0.840868
   1.50867  -0.0111074  0.00515122 -0.00880408  -0.509184 -0.0207537   0.836473
   1.51294 -0.00684629  0.00461859 -0.00667355  -0.518218 -0.0169695   0.843797
   1.51867 -0.00258524  0.00408596 -0.00454303  -0.527251 -0.0131853   0.851121
   1.52299  -0.0036505   0.0014228 -0.00720619   -0.529814 -0.00720385    0.853197
   1.52856 -0.00471577 -0.00124036 -0.00986935  -0.532378 -0.0012224   0.855272
   1.53286  -0.0052484 -0.00124036  -0.0109346   -0.523711 -0.00744799    0.847093
   1.53867 -0.00578103 -0.00124036  -0.0119999  -0.515044 -0.0136736   0.838914
   1.54292 -0.00311787 0.000357533   -0.010402  -0.516264 -0.0157488   0.840501
    1.5486 -0.000454709   0.00195543  -0.00880408 -0.517485 -0.017824  0.842088
   1.55281 -0.00151997   0.0014228   -0.010402  -0.524443 -0.0103777   0.849046
   1.55867 -0.00258524 0.000890165  -0.0119999   -0.531401 -0.00293139    0.856004
   1.56287 -0.00631366  -0.0001751  -0.0114672    -0.52542 -0.00525072    0.850145
   1.56867  -0.0127053 0.000357533 -0.00880408  -0.515654 -0.0117204   0.841112
   1.57307 -0.00897682 0.000890165 -0.00827145 -0.511504 -0.017824  0.838304
   1.57869 0.000610556 0.000890165   -0.010402    -0.5148 -0.0180681   0.841234
   1.58307  0.00540425 0.000890165  -0.0114672  -0.523467 -0.0115984   0.849779
   1.58867 0.00700214 -0.0001751 -0.0119999   -0.528472 -0.00683764     0.85576
   1.59292 -0.000987342   -0.0001751   -0.0119999   -0.527739 -0.00317553    0.853197
   1.59867 -0.00737893  -0.0001751  -0.0119999  -0.521758 -0.0045183   0.845628
   1.60304 -0.00578103 0.000357532  -0.0114672  -0.512602 -0.0151384   0.837205
   1.60867 -0.00151997   0.0014228  -0.0114672  -0.510527 -0.0220964   0.835374
   1.61291 0.00167582 0.00355333 -0.0109346  -0.517119 -0.0216081     0.8416
   1.61867 0.000610556  0.00515122 -0.00986935   -0.52188 -0.0197771   0.846239
   1.62276 -0.000454709   0.00248806   -0.0109346 -0.528594 -0.010866  0.851976
   1.62867 -0.00418314 -0.00124036  -0.0114672   -0.532256 -0.00195482    0.854661
   1.63295 -0.00844419   -0.001773   -0.010402   -0.524199 -0.00525072    0.845994
   1.63867  -0.00737893 -0.000707732   -0.0119999  -0.515532 -0.0120867   0.838426
   1.64305 -0.00418313 0.000357532  -0.0119999  -0.511626 -0.0173357   0.836229
   1.64867 -0.00205261 0.000890165 -0.00986935  -0.516753 -0.0167253   0.841966
   1.65288 -0.00205261 0.000357532   -0.010402  -0.526152 -0.0106218   0.851243
   1.65867   -0.0052484 -0.000707732   -0.0114672  -0.530181 -0.0045183   0.855638
   1.66305  -0.0052484 -0.00230563  -0.0130651   -0.527739 -0.00317553    0.853319
   1.66851  -0.0036505 -0.00283826  -0.0135978   -0.519805 -0.00744799    0.845384
   1.67276 -0.00205261   -0.001773  -0.0130651  -0.512358 -0.0131853   0.840135
   1.67869 -0.000987342  0.000890165   -0.0114672   -0.51248 -0.0164812   0.839891
   1.68312 7.79238e-05  0.00408596   -0.010402  -0.518706 -0.0146501   0.843797
   1.68867 -0.00258524  0.00515122  -0.0109346  -0.527617 -0.0090349   0.851243
   1.69291 -0.0068463 0.00355333 -0.0125325   -0.532012 -0.00586107    0.853929
   1.69855 -0.00791156   0.0014228  -0.0125325   -0.527739 -0.00671556     0.84868
   1.70288  -0.0105747 0.000890165 -0.00986935  -0.518462 -0.0122087   0.840501
   1.70867  -0.0068463   0.0014228 -0.00933672  -0.510527 -0.0183122   0.832933
   1.71287  0.00167582  0.00195543 -0.00986935  -0.51126 -0.017946   0.83391
   1.71867  0.00167582  0.00195543 -0.00986935  -0.525542 -0.0129412   0.850145
   1.72291  -0.0036505   0.0014228 -0.00933672   -0.538237 -0.00525072    0.861742
   1.72867  -0.0111074  -0.0001751 -0.00827145    -0.536284 -0.000123768     0.858079
   1.73312  -0.0100421 -0.00337089  -0.0119999   -0.528594 -0.00464037    0.849657
   1.73863 -0.00418313 -0.00443616  -0.0141304  -0.517607 -0.0139177   0.839769
   1.74287 -0.00418313 -0.00230563 -0.00986935  -0.509673 -0.0209978    0.83391
   1.74867 -0.00258524 0.000357533 -0.00827145  -0.512358 -0.0227068   0.837083
   1.75299 0.000610555   0.0014228 -0.00986935  -0.521514 -0.0159929   0.847337
   1.75858 0.00220845 -0.0001751 -0.0114672   -0.529936 -0.00610521     0.85576
   1.76287 -0.00311787   -0.001773  -0.0114672    -0.531035 -0.000489979     0.856859
   1.76867 -0.0068463  -0.001773 -0.0114672   -0.522978 -0.00134447    0.849168
   1.77289  -0.00471577 -0.000707732   -0.0114672   -0.513213 -0.00830248    0.839647
   1.77869 -0.00471577  0.00195543 -0.00880408  -0.509184 -0.0156267   0.836473
   1.78317 -0.00205261  0.00355333 -0.00933672  -0.513945 -0.0164812   0.841478
   1.78848 0.00220845 0.00195543 -0.0125325  -0.524443 -0.0111101   0.849779
   1.79297 -0.000454709    0.0014228   -0.0125325   -0.531523 -0.00403002    0.853807
   1.79867 -0.00791156 0.000890165  -0.0114672     -0.5325 -0.00219896     0.85283
   1.80291   -0.0111074 -0.000707732   -0.0109346   -0.526274 -0.00854662    0.846849
   1.80863 -0.00471577 -0.00124036  -0.0119999 -0.515654 -0.017824  0.837816
    1.8129 0.00114319 -0.0001751 -0.0109346  -0.510405 -0.0240496    0.83391
    1.8185  0.00220845 0.000357532 -0.00773882  -0.516264 -0.0217302   0.841234
   1.82283  0.00380635  -0.0001751 -0.00880408  -0.527007 -0.0117204   0.852098
   1.82867 0.00220845 -0.0001751 -0.0109346   -0.531889 -0.00158861    0.856859
   1.83313  -0.00471577 -0.000707732    -0.010402  -0.529082 0.00268385   0.853929
   1.83861 -0.00737893   -0.001773  -0.0114672   -0.520903 -0.00146654    0.845384
   1.84276  -0.00737893 -0.000707732   -0.0119999  -0.512602 -0.0102556    0.83806
   1.84867 -0.00471577   0.0014228  -0.0119999  -0.511626 -0.0167253   0.838182
   1.85305 -0.00205261  0.00248806  -0.0114672  -0.517851 -0.0175798   0.842699
   1.85858 -0.00631366  0.00302069 -0.00827145  -0.52603 -0.012697  0.848802
   1.86287  -0.0100421  0.00195543 -0.00720619   -0.531035 -0.00757006    0.853197
   1.86867  -0.0100421  -0.0001751 -0.00880408   -0.528594 -0.00659349    0.850389
   1.87312 -0.00258524 -0.00230563  -0.0135978   -0.520293 -0.00976732    0.843675
    1.8787 0.00274109  -0.001773  -0.014663  -0.513457 -0.0146501   0.839891
   1.88331  0.00167582 0.000357532   -0.010402  -0.513823 -0.0162371   0.840623
   1.88867 -0.00151997   0.0014228 -0.00827145  -0.521636 -0.0125749   0.846971
   1.89296 -0.00578103   0.0014228 -0.00986935 -0.529204 -0.005739  0.853197
    1.8987   -0.0068463 -0.000707732   -0.0119999  -0.530913 -0.0012224   0.853685
   1.90284 -0.00844419   -0.001773  -0.0119999   -0.525664 -0.00427416     0.84807
    1.9087 -0.00897682  -0.0001751  -0.0125325   -0.51541 -0.0130632   0.838426
   1.91283 -0.00737893  0.00248806   -0.010402  -0.510405 -0.0208757    0.83513
    1.9187 -0.00418314  0.00408596 -0.00773882  -0.513823 -0.0222185   0.839647
   1.92284 0.000610555  0.00248806 -0.00933672  -0.522612 -0.0148943   0.848314
    1.9287 -0.000454709   -0.0001751  -0.00986935   -0.532378 -0.00500658    0.857225
    1.9328 -0.00631366 -0.00124036 -0.00986935    -0.532866 -0.000367909     0.857225
    1.9387 -0.00844419 -0.00124036  -0.0125325   -0.525298 -0.00280931    0.848314
   1.94304  -0.0068463 -0.00124036  -0.0125325  -0.516142 -0.0103777   0.839891
    1.9487  -0.00418313 -0.000707732   -0.0114672 -0.510649 -0.017946  0.835618
   1.95296 -0.00205261 0.000890165  -0.0109346  -0.514433 -0.0197771   0.839159
    1.9587 -0.00205261  0.00195543   -0.010402  -0.523467 -0.0152605   0.847703
   1.96305 -0.00578103  0.00195543  -0.0109346   -0.530791 -0.00805834    0.853807
   1.96861 -0.00631366 0.000890165  -0.0130651   -0.531279 -0.00403002    0.854295
   1.97281 -0.00791156  -0.0001751  -0.0114672   -0.524687 -0.00695971    0.847703
   1.97872    -0.01164 0.000357532 -0.00667355  -0.516142 -0.0129412   0.840501
   1.98303 -0.00737893  0.00248806 -0.00614092  -0.512358 -0.0175798   0.837694
   1.98861 0.000610556  0.00302069 -0.00880408 -0.516631 -0.016115  0.841356
   1.99286  0.00380635 0.000890165  -0.0114672   -0.525908 -0.00854662    0.849901
    1.9987 -0.000454709 -0.000707732   -0.0130651   -0.532256 -0.00195482    0.854539
   2.00308 -0.0052484  -0.001773 -0.0141304   -0.530425 -0.00073412    0.851854
    2.0087 -0.00791156   -0.001773  -0.0130651   -0.521269 -0.00720385    0.843919
   2.01295   -0.0068463 -0.000707732   -0.0114672  -0.511626 -0.0180681   0.836229
    2.0187 -0.00151997 0.000357532  -0.0109346  -0.510649 -0.0235613   0.836351
   2.02292 0.00327372 0.00195543 -0.0119999  -0.517729 -0.0200212   0.843797
    2.0287 0.00487161 0.00195543 -0.0125325  -0.526518 -0.0112322   0.853075
   2.03282  0.00114319 0.000357532  -0.0119999   -0.531767 -0.00207689    0.858324
    2.0387 -0.00684629 0.000357532   -0.010402   -0.528716 0.000730724    0.853685
   2.04282  -0.0121726 0.000890165 -0.00827145   -0.519316 -0.00439623    0.844408
    2.0487 -0.00578103 0.000357532  -0.0109346  -0.512358 -0.0125749   0.838548
   2.05314 7.79238e-05  0.00195543  -0.0125325  -0.512847 -0.0175798   0.837327
   2.05873 -0.00311787  0.00461859 -0.00986935  -0.520049 -0.0153826   0.843065
   2.06287 -0.00791156  0.00408596 -0.00880408  -0.528472 -0.0103777   0.850511
    2.0687 -0.00791156 0.000890165   -0.010402   -0.531889 -0.00622728    0.853441
    2.0729 -0.00418313 -0.00230563   -0.010402   -0.528472 -0.00561693    0.850023
   2.07873 -0.00258524 -0.00283826  -0.0109346 -0.520537 -0.010988  0.842943
   2.08324 0.000610555 -0.00230563  -0.0135978  -0.513457 -0.0168474   0.838548
   2.08845 -0.000454709 -0.000707732    -0.010402  -0.514678 -0.0180681   0.840623
   2.09299 -0.00311787   0.0014228 -0.00773882  -0.522734 -0.0141619   0.847215
    2.0987 -0.00418313   0.0014228 -0.00933672   -0.530181 -0.00659349    0.853441
   2.10299  -0.00418313 -0.000707732   -0.0125325   -0.531157 -0.00171068    0.854051
    2.1087 -0.0052484  -0.001773  -0.014663   -0.523711 -0.00415209    0.847337
   2.11313 -0.00631366  -0.0001751   -0.014663 -0.514556 -0.012697  0.838792
    2.1187 -0.000987342    0.0014228   -0.0141304 -0.510161 -0.021364   0.83513
   2.12297 0.00327372 0.00248806 -0.0109346  -0.513701 -0.0222185   0.839525
   2.12871  0.00114319  0.00302069 -0.00773882  -0.523833 -0.0147722   0.848802
   2.13292  -0.0036505  0.00195543 -0.00667356   -0.531523 -0.00586107    0.856004
    2.1387 -0.00791156 0.000890165 -0.00827145    -0.531401 -0.000367909     0.856493
   2.14297  -0.00844419 -0.000707732   -0.0119999   -0.525176 -0.00183275    0.849046
   2.14859 -0.00418314   -0.001773  -0.0135978  -0.515776 -0.0100115   0.839403
   2.15275 -0.00311787 0.000890165 -0.00986935  -0.511504 -0.0172136   0.836351
    2.1587 -0.00311787  0.00302069 -0.00827145  -0.515288 -0.0186785   0.839891
   2.16304 7.79238e-05  0.00195543  -0.0109346  -0.523589 -0.0137956   0.847459
   2.16864 -0.00151997 0.000357532   -0.010402   -0.530791 -0.00695971    0.854295
   2.17283  -0.0052484 -0.00124036  -0.0114672   -0.529936 -0.00390795    0.853441
   2.17873 -0.00897683   -0.001773  -0.0119999    -0.52249 -0.00659349    0.846117
   2.18303  -0.0068463 -0.00124036   -0.010402  -0.514678 -0.0130632   0.839891
    2.1887 -0.00311787 0.000890165   -0.010402  -0.512847 -0.0177019   0.838548
    2.1929  -0.0036505  0.00302069 -0.00986935  -0.51834 -0.016115  0.843919
    2.1987 -0.00471577  0.00302069 -0.00880408   -0.526885 -0.00964525     0.85161
   2.20316  -0.0100421  0.00248806 -0.00880408   -0.532866 -0.00317553    0.855272
   2.20864   -0.0100421 -0.000175099   -0.0119999  -0.530425 -0.0024431   0.851854
   2.21277 -0.00578103   -0.001773  -0.0130651   -0.520659 -0.00927904    0.842454
    2.2187  -0.0036505 0.000357533  -0.0109346   -0.51248 -0.0181902   0.835252
   2.22316 7.79238e-05  0.00195543 -0.00880408  -0.512358 -0.0224626   0.836107
    2.2286  0.00433898  0.00248806 -0.00880408  -0.51956 -0.017946  0.844041
   2.23287 0.00380635  0.0014228 -0.0114672   -0.529204 -0.00866869    0.853319
    2.2387 -0.00205261  -0.0001751  -0.0119999   -0.533354 -0.00195482    0.857591
   2.24302  -0.00844419 -0.000707732    -0.010402    -0.528838 -0.000612049      0.85222
    2.2487 -0.00684629   -0.001773  -0.0125325   -0.519194 -0.00683764    0.842699
   2.25289  -0.00471577 -0.000175099   -0.0119999   -0.51187 -0.0156267   0.836839
    2.2587  -0.0052484  0.00302069 -0.00827145  -0.512847 -0.0191667   0.838548
   2.26298  -0.0036505  0.00355333 -0.00933672  -0.520415 -0.0168474   0.845628
   2.26871 -0.00418313  0.00248806  -0.0109346   -0.528838 -0.00927904     0.85222
   2.27299 -0.00950946  0.00248806 -0.00986935  -0.532256 -0.0032976   0.854417
   2.27872  -0.0111074   0.0014228 -0.00933672  -0.527129 -0.0045183   0.849901
   2.28304   -0.0052484 -0.000707732    -0.010402  -0.517363 -0.0103777   0.841966
    2.2887 -0.00098734  -0.0001751   -0.010402  -0.512114 -0.0169695   0.837572
   2.29307 7.79238e-05   0.0014228 -0.00880408  -0.514678 -0.0185564   0.840379
    2.2985 -0.00311787  0.00248806 -0.00933672  -0.523467 -0.0124529    0.84807
   2.30296 -0.00471577  0.00195543  -0.0114672   -0.531645 -0.00439623    0.854661
    2.3087 -0.00897682  -0.0001751 -0.00986935   -0.531523 -1.6978e-06    0.854539
   2.31299    -0.01164   -0.001773 -0.00986935   -0.523833 -0.00317553    0.847215
    2.3187 -0.0068463  -0.001773 -0.0119999  -0.514189 -0.0136736   0.837572
    2.3232 -0.000454709 -0.000707732   -0.0130651  -0.509306 -0.0212419    0.83452
    2.3287  0.00593688 0.000357532   -0.014663  -0.513213 -0.0211199   0.840013
   2.33287 0.00167582 0.00248806 -0.0114672  -0.523223 -0.0141619   0.849779
   2.33865 -0.00631366  0.00355333 -0.00933672   -0.532012 -0.00537279    0.857713
   2.34283 -0.00897682 0.000890165   -0.010402   -0.532256 -0.00073412    0.856981
    2.3487 -0.0100421  -0.001773  -0.010402   -0.524565 -0.00366381    0.848314
   2.35316  -0.0100421 -0.00124036 -0.00933672  -0.515532 -0.0124529   0.840135
   2.35852 -0.00418313 0.000890165 -0.00933672  -0.511504 -0.0189226   0.836839
   2.36283 0.00274109 0.00195543 -0.0109346  -0.516142 -0.0186785    0.84099
    2.3687 0.00220845 0.00195543 -0.0114672  -0.525542 -0.0130632   0.848924
   2.37303 -0.00205261 0.000357533  -0.0114672   -0.531645 -0.00622728    0.853563
   2.37872 -0.00737893 -0.00124036 -0.00880408  -0.530181 -0.0032976   0.852342
   2.38314 -0.00737893 -0.00124036 -0.00933672     -0.5231 -0.00757006     0.84575
    2.3885 -0.00737893 0.000357533 -0.00986935  -0.515044 -0.0145281   0.839891
   2.39301 -0.00205261 0.000890165  -0.0109346  -0.512724 -0.0180681   0.838914
    2.3987 0.00487161 -0.0001751 -0.0125325   -0.51834 -0.0159929   0.843187
   2.40282 -0.000987342  0.000890165   -0.0114672   -0.527739 -0.00854662    0.850877
    2.4087 -0.0100421  0.0014228  -0.010402   -0.532378 -0.00183275     0.85515
   2.41282  -0.0137705  -0.0001751 -0.00933672   -0.527983 -0.00146654    0.851121
    2.4187  -0.0111074 -0.00124036 -0.00986935   -0.518462 -0.00891283    0.842332
   2.42294 -0.00737893 0.000357533 -0.00827145  -0.510893 -0.0192888   0.835863
    2.4287 -0.00311787  0.00248806 -0.00720619  -0.511015 -0.0229509   0.837327
   2.43306  0.00274109  0.00302069 -0.00986935  -0.519072 -0.0188005    0.84575
    2.4387 0.00487161 0.00195543 -0.0114672   -0.529204 -0.00988939    0.854539
   2.44288 -0.00205261 0.000357532  -0.0109346   -0.532988 -0.00097826    0.857103
    2.4487 -0.00897682   -0.001773 -0.00933672   -0.528105 0.000120373    0.850999
   2.45286  -0.0111074   -0.001773 -0.00880408   -0.518462 -0.00634935    0.842088
    2.4587 -0.00578103 0.000357532  -0.0114672  -0.512358 -0.0139177   0.838182
   2.46294 0.00114319 0.00195543 -0.0130651  -0.513945 -0.0183122   0.839891
   2.46855 7.79238e-05  0.00248806  -0.0119999   -0.52188 -0.0159929   0.846483
   2.47306 -0.00737893  0.00248806 -0.00880408   -0.530058 -0.00976732    0.852952
   2.47873    -0.01164   0.0014228 -0.00773882 -0.531645 -0.005739  0.853929
   2.48319 -0.00897682 -0.00124036 -0.00880408    -0.52603 -0.00659349    0.849046
   2.48861 -0.00418313 -0.00230563  -0.0109346  -0.516997 -0.0117204   0.841722
   2.49282  0.00327372 -0.00124036  -0.0130651  -0.511748 -0.0163591   0.837572
    2.4987 0.00380635  0.0014228 -0.0109346 -0.514433 -0.016115   0.84099
   2.50295  -0.0036505  0.00302069 -0.00827145   -0.52249 -0.0104997   0.848924
    2.5087  -0.0105747  0.00195543 -0.00827145  -0.530547 -0.0024431   0.855394
   2.51293  -0.0127053 0.000357532 -0.00986935   -0.531645 0.000120373    0.854539
    2.5187  -0.0100421 -0.00124036  -0.0130651   -0.523467 -0.00610521    0.845872
   2.52284 -0.00311787   -0.001773  -0.0151957 -0.513579 -0.016115  0.837694
    2.5287 0.00114319 -0.0001751 -0.0130651  -0.510039 -0.0238054   0.834886
   2.53294 0.00274109 0.00195543  -0.010402  -0.514678 -0.0219744   0.839891
    2.5387 0.00487161 0.00248806 -0.0109346  -0.524443 -0.0129412   0.850145
   2.54291 0.00114319  0.0014228 -0.0119999   -0.531401 -0.00354174    0.857469
   2.54867 -0.0036505 -0.0001751 -0.0130651  -0.530913 0.00195143   0.855272
   2.55282 -0.00897682  -0.0001751  -0.0119999   -0.523345 -0.00195482    0.846605
    2.5587  -0.0137705   0.0014228 -0.00773882  -0.513823 -0.0111101   0.839281
   2.56314 -0.00737893   0.0014228 -0.00880408   -0.51187 -0.0180681   0.837816
   2.56867 0.00220845  0.0014228 -0.0119999  -0.517729 -0.0200212    0.84221
   2.57271 0.00114319 0.00248806 -0.0114672  -0.525786 -0.0146501   0.849046
   2.57873  -0.0036505 0.000890165  -0.0109346  -0.531401 -0.0078142   0.853563
   2.58316 -0.00418313   -0.001773  -0.0114672   -0.529204 -0.00537279    0.851732
   2.58864 -0.00205261 -0.00230563  -0.0119999   -0.520781 -0.00757006    0.844652
   2.59292 -0.000987342  -0.00124036   -0.0119999  -0.513823 -0.0136736   0.839647
    2.5987 7.79238e-05 0.000357532   -0.010402 -0.513335 -0.017824  0.839647
   2.60322  0.00114319   0.0014228 -0.00827145  -0.519805 -0.0146501   0.844896
   2.60864 -0.00151997 0.000890165 -0.00986935   -0.528472 -0.00757006    0.853075
   2.61271   -0.0068463 -0.000707732   -0.0114672   -0.532134 -0.00207689    0.856248
    2.6187    -0.01164 -0.00124036  -0.0119999   -0.527251 -0.00280931    0.850511
   2.62304  -0.0100421 -0.00124036  -0.0130651  -0.517363 -0.0111101   0.840623
    2.6287  -0.0068463 0.000357533   -0.010402  -0.509917 -0.0197771   0.835008
   2.63291 -0.00258524  0.00248806 -0.00880408  -0.511138 -0.0225847   0.837083
    2.6387  0.00114319  0.00248806 -0.00827145  -0.519927 -0.0168474   0.845628
   2.64307 -0.00151997   0.0014228 -0.00667356   -0.529082 -0.00695971    0.854661
   2.64866 -0.0036505 -0.0001751 -0.0114672    -0.532378 -0.000612049      0.85637
   2.65291 -0.00471577 -0.00124036  -0.0151957   -0.527495 -0.00110033    0.849901
   2.65857  -0.0100421 0.000357533  -0.0114672    -0.51834 -0.00854662      0.8416
   2.66288 -0.00950946   0.0014228 -0.00933672  -0.512114 -0.0169695   0.836717
    2.6687 -0.00205261   0.0014228 -0.00986935  -0.513945 -0.0195329   0.839159
   2.67295 0.000610556   0.0014228 -0.00933672  -0.522978 -0.0158708   0.846605
   2.67873 -0.00205261  -0.0001751 -0.00827145   -0.531279 -0.00854662    0.853197
   2.68328 -0.00258524 -0.00230563  -0.0109346   -0.532134 -0.00341967    0.854539
   2.68859 -0.00258524 -0.00283826  -0.0141304   -0.525664 -0.00561693    0.848314
   2.69283   -0.0068463 -0.000707732   -0.0125325  -0.516509 -0.0119646    0.84099
    2.6987 -0.00418313 0.000357532  -0.0114672  -0.511748 -0.0173357   0.838182
   2.70297 0.00433898 -0.0001751 -0.0135978  -0.515288 -0.0183122   0.841234
    2.7087 0.000610555  0.00195543   -0.010402  -0.525176 -0.0123308   0.849535
   2.71294 -0.00737893  0.00302069 -0.00773882     -0.5325 -0.00427416    0.855638
    2.7187 -0.00844419 0.000357533  -0.0114672   -0.531401 -0.00110033    0.853807
   2.72292   -0.0111074 -0.000707732   -0.0114672   -0.523467 -0.00525072     0.84514
    2.7287 -0.00950946 0.000357532  -0.0114672  -0.513579 -0.0147722   0.835741
   2.73304 -0.0052484 0.00248806 -0.0114672  -0.510039 -0.0208757   0.834032
    2.7387 -0.00258524  0.00355333 -0.00986935  -0.516264 -0.0195329   0.840501
   2.74294 -0.00205261  0.00195543 -0.00880408  -0.526274 -0.0122087   0.849779
    2.7487 -0.00844419 0.000890165 -0.00827145   -0.532622 -0.00390795    0.857103
   2.75306   -0.0105747 -0.000707732    -0.010402   -0.531157 -0.00134447    0.854539
    2.7587 -0.00418313 -0.00390353  -0.0135978    -0.52249 -0.00549486    0.845018
   2.76292 7.79238e-05 -0.00390353  -0.0130651  -0.513823 -0.0134294   0.839281
    2.7687  7.79238e-05 -0.000707732   -0.0109346   -0.51126 -0.0188005   0.838426
   2.77305 0.000610556   0.0014228  -0.0119999   -0.51602 -0.0164812   0.843797
   2.77873 0.000610556   0.0014228  -0.0141304   -0.524443 -0.00988939    0.851854
   2.78291 -0.00258524  -0.0001751  -0.0141304   -0.529814 -0.00354174    0.855638
    2.7887 -0.00578103 -0.00124036  -0.0119999   -0.527251 -0.00171068     0.85222
   2.79301 -0.00631366  -0.0001751  -0.0109346   -0.518462 -0.00793627     0.84453
    2.7987 -0.00418313 0.000357532  -0.0109346   -0.51248 -0.0158708   0.838792
   2.80291 -0.00205261   0.0014228   -0.010402 -0.514189 -0.019655  0.839281
    2.8087 0.000610555  0.00302069  -0.0109346  -0.521147 -0.0167253    0.84514
   2.81288 -0.00258524  0.00248806 -0.00986935   -0.530181 -0.00769213    0.853197
    2.8187 -0.00578103 0.000357533   -0.010402   -0.534087 -0.00146654    0.856493
   2.82279 -0.00471577   -0.001773  -0.0130651   -0.528105 -0.00232103    0.849779
    2.8287 -0.00258524   -0.001773   -0.014663   -0.517485 -0.00976732    0.839525
   2.83294 -0.000454709   -0.0001751   -0.0135978  -0.510649 -0.0192888   0.834032
    2.8387 -0.000987342    0.0014228  -0.00986935  -0.512602 -0.0219744   0.837205
   2.84305  -0.0036505  0.00248806 -0.00827145  -0.521391 -0.0167253   0.846117
    2.8487 -0.00578103 0.000890165 -0.00880408    -0.52957 -0.00866869    0.854295
   2.85295 -0.00791156   -0.001773 -0.00986935   -0.531523 -0.00219896    0.856248
    2.8587 -0.00844419 -0.00283826   -0.010402   -0.525908 -0.00305346    0.850023
   2.86306 -0.00471577 -0.00337089  -0.0109346  -0.516264 -0.0102556   0.841234
   2.86863 -0.00151997   -0.001773   -0.010402  -0.511015 -0.0166033   0.837816
   2.87283 -0.000454709    0.0014228  -0.00933672  -0.513945 -0.0184343   0.840257
   2.87874 -0.00151997   0.0014228   -0.010402  -0.522246 -0.0131853   0.847703
   2.88288 -0.00311787  -0.0001751  -0.0109346    -0.52957 -0.00634935    0.854295
    2.8887 -0.00631366   0.0014228  -0.0114672   -0.530303 -0.00341967    0.854173
   2.89292 -0.00791156  0.00195543  -0.0130651   -0.524687 -0.00561693    0.847826
    2.8987 -0.00737893   0.0014228  -0.0119999  -0.516509 -0.0124529   0.840623
   2.90305 -0.0036505 0.00195543  -0.010402  -0.512724 -0.0181902   0.838304
   2.90863 -0.00151997  0.00195543 -0.00880408  -0.517851 -0.0177019    0.84221
    2.9129 -0.00418313   0.0014228 -0.00720619  -0.527007 -0.0114763    0.84929
   2.91873 -0.00578103 0.000357532 -0.00880408  -0.532622 -0.0032976   0.854661
   2.92287 -0.00631366 -0.00124036  -0.0119999    -0.530669 -0.000245838     0.852952
   2.92873  -0.0068463 -0.00230563  -0.0135978   -0.521636 -0.00622728    0.844408
   2.93303  -0.00418314 -0.000707732   -0.0130651  -0.512847 -0.0153826   0.837083
   2.93866 -0.00151997  0.00248806  -0.0109346  -0.511015 -0.0212419   0.835985
   2.94297 -0.00258524  0.00355333 -0.00880408  -0.516997 -0.0194109     0.8416
   2.94873 -0.00258524  0.00248806 -0.00880408   -0.52664 -0.0117204   0.851488
   2.95308 -0.00258524 0.000890165  -0.0119999   -0.531889 -0.00415209    0.856615
   2.95873 -0.00737893 0.000357532  -0.0119999   -0.529204 -0.00158861     0.85222
     2.963 -0.00631366  -0.0001751  -0.0114672   -0.521269 -0.00683764    0.844163
   2.96873  7.79238e-05 -0.000707732   -0.0130651  -0.513579 -0.0151384    0.83745
   2.97299  0.00114319 0.000357532   -0.010402  -0.512724 -0.0192888   0.837694
   2.97876 -0.00151997  0.00195543 -0.00827145 -0.519682 -0.017946  0.844285
   2.98325 -0.00258524  0.00195543 -0.00933672  -0.528594 -0.0112322   0.851976
   2.98845 -0.00418314  -0.0001751  -0.0114672   -0.532256 -0.00427416    0.855516
    2.9929 -0.00737893 -0.00124036   -0.010402  -0.522978 -0.0078142   0.847459
   2.99873 -0.00791156 -0.00124036 -0.00773882  -0.514067 -0.0134294   0.839647
   3.00296 -0.00418313 0.000357533 -0.00880408  -0.514922 -0.0158708   0.840257
   3.00873 -0.000454709   0.00195543  -0.00986935  -0.515776 -0.0183122   0.840868
   3.01295  0.00167582 0.000890165  -0.0114672  -0.524443 -0.0103777   0.848558
   3.01874 0.00380635 -0.0001751 -0.0130651   -0.53311 -0.0024431   0.856248
   3.02295 7.79238e-05   -0.001773  -0.0135978   -0.527129 -0.00427416    0.850389
   3.02873  -0.0036505 -0.00337089  -0.0141304   -0.521147 -0.00610521     0.84453
   3.03298 -0.00098734   -0.001773  -0.0125325  -0.514922 -0.0139177   0.839159
   3.03873 0.00167582 -0.0001751 -0.0109346  -0.508696 -0.0217302   0.833787
   3.04284  0.00487161 0.000890165  -0.0130651  -0.517607 -0.0163591   0.842943
   3.04873 0.00806741 0.00195543 -0.0151957 -0.526518 -0.010988  0.852098
   3.05321 -0.00151997 0.000357533  -0.0125325   -0.528594 -0.00549486    0.852952
   3.05869  -0.0111074 -0.00124036 -0.00986935   -0.530669 -1.6978e-06    0.853807
   3.06286 -0.00844419 -0.00124036  -0.0114672  -0.521636 -0.0078142   0.845506
   3.06873 -0.00578103 -0.00124036  -0.0130651  -0.512602 -0.0156267   0.837205
   3.07301 -0.00311787 0.000890165   -0.010402  -0.516142 -0.0167253   0.840745
   3.07876 -0.000454709   0.00302069  -0.00773882 -0.519682 -0.017824  0.844285
   3.08331 -0.00258524   0.0014228 -0.00880408   -0.52603 -0.0102556   0.849779
   3.08866 -0.00471577  -0.0001751 -0.00986935   -0.532378 -0.00268724    0.855272
   3.09274 -0.00471577 -0.00124036   -0.010402   -0.525054 -0.00659349     0.84929
   3.09869 -0.00471577 -0.00230563  -0.0109346  -0.517729 -0.0104997   0.843309
   3.10282  -0.00151997 -0.000707732   -0.0125325   -0.51602 -0.0153826   0.841844
   3.10873  0.00167582 0.000890165  -0.0141304  -0.514311 -0.0202654   0.840379
   3.11315 -0.00311787   0.0014228  -0.0109346  -0.523345 -0.0130632   0.847826
   3.11873 -0.00791156  0.00195543 -0.00773882   -0.532378 -0.00586107    0.855272
   3.12302  -0.00844419 -0.000707732  -0.00986935    -0.52896 -0.00390795    0.852342
   3.12873 -0.00897682 -0.00337089  -0.0119999   -0.525542 -0.00195482    0.849412
     3.133 -0.00631366 -0.00124036   -0.010402  -0.516631 -0.0106218   0.841478
   3.13873  -0.0036505 0.000890165 -0.00880408   -0.50772 -0.0192888   0.833543
   3.14293 -0.00205261  0.00195543 -0.00986935   -0.51541 -0.0166033   0.840501
   3.14856 -0.000454709   0.00302069   -0.0109346    -0.5231 -0.0139177   0.847459
   3.15284 -0.00578103   0.0014228   -0.010402   -0.529082 -0.00720385    0.851854
   3.15873  -0.0111074  -0.0001751 -0.00986935    -0.535063 -0.000489979     0.856248
   3.16313  -0.0105747 0.000357532 -0.00986935   -0.525542 -0.00659349    0.847948
   3.16873  -0.0100421 0.000890165 -0.00986935  -0.51602 -0.012697  0.839647
   3.17306  -0.0052484   0.0014228 -0.00986935  -0.515044 -0.0164812   0.839036
   3.17876 -0.000454709   0.00195543  -0.00986935  -0.514067 -0.0202654   0.838426
   3.18312 -0.00258524   0.0014228   -0.010402    -0.5231 -0.0123308   0.846483
   3.18873 -0.0052484 -0.0001751 -0.0114672   -0.532134 -0.00439623    0.854539
   3.19312 -0.00631366 -0.00124036  -0.0109346   -0.527495 -0.00476244    0.850267
   3.19859  -0.0068463 -0.00124036 -0.00986935   -0.522856 -0.00512865    0.845994
   3.20296 -0.00418314 0.000357533  -0.0109346  -0.516753 -0.0129412   0.841478
   3.20873 -0.00151997  0.00195543  -0.0119999  -0.510649 -0.0207537   0.836961
   3.21302 7.79238e-05  0.00195543  -0.0114672  -0.519194 -0.0168474   0.844041
   3.21873 -0.00418313  0.00248806 -0.00986935   -0.530913 -0.00720385    0.854661
   3.22318  -0.0121726  0.00195543 -0.00880408   -0.532866 -0.00073412    0.855516
   3.22873  -0.0143031 0.000890165 -0.00880408   -0.531645 -1.6978e-06     0.85283
   3.23291 -0.00791156 -0.00124036   -0.010402   -0.521636 -0.00793627    0.843797
   3.23873 -0.00151997 -0.00337089  -0.0119999  -0.511626 -0.0158708   0.834764
   3.24287   0.00114319 -0.000707732   -0.0114672  -0.514433 -0.0168474   0.838304
   3.24873 0.00380635  0.0014228 -0.0125325    -0.5231 -0.0139177   0.847703
   3.25305 -0.00205261   0.0014228  -0.0114672   -0.531157 -0.00671556    0.855882
   3.25854 -0.00791156  0.00195543 -0.00880408   -0.533354 -0.00341967    0.858202
   3.26289    -0.01164 0.000357533 -0.00827145   -0.526274 -0.00598314    0.850755
   3.26874   -0.0121726 -0.000707732  -0.00773882  -0.515532 -0.0124529   0.839891
   3.27303 -0.00258524  -0.0001751 -0.00933672   -0.51248 -0.0177019   0.837816
   3.27876  0.00433898 0.000357532  -0.0114672  -0.515776 -0.0177019     0.8416
    3.2832 -0.00311787  0.00195543 -0.00827145  -0.523467 -0.0114763   0.848802
   3.28848  -0.0127053  0.00248806 -0.00614092   -0.530669 -0.00439623    0.855394
   3.29289 -0.00897682 0.000357533  -0.0114672   -0.529692 -0.00256517    0.853319
   3.29873  -0.00205261 -0.000707732   -0.0167936   -0.522246 -0.00720385    0.846117
   3.30288 -0.00151997   0.0014228  -0.0151957    -0.5148 -0.0156267   0.840135
   3.30873 -0.00205261  0.00302069   -0.010402  -0.512602 -0.0202654   0.838548
   3.31314 -0.00311787  0.00355333 -0.00667355  -0.519072 -0.0181902   0.844408
   3.31873  -0.0068463  0.00355333 -0.00507566 -0.528716 -0.010866   0.85222
     3.323 -0.00631366 0.000890165 -0.00933672  -0.533476 -0.0024431   0.855882
   3.32873  -0.00897682 -0.000707732   -0.0109346    -0.529936 -0.000612049      0.85222
   3.33302 -0.0111074  -0.001773  -0.010402   -0.519682 -0.00708178    0.842332
   3.33873 -0.00631366   -0.001773  -0.0114672  -0.511626 -0.0158708   0.834642
   3.34292 -0.00151997 0.000890165 -0.00986935  -0.511138 -0.0211199    0.83513
   3.34873  0.00220845  0.00195543 -0.00827145  -0.517729 -0.0186785   0.842699
     3.353  0.00167582 0.000357533 -0.00933672  -0.527617 -0.0102556   0.853319
   3.35873  -0.00418313 -0.000707732    -0.010402     -0.5325 -0.00354174    0.857591
   3.36288 -0.00844419 -0.00124036  -0.0109346   -0.528349 -0.00268724    0.851732
   3.36873  -0.0036505 -0.00283826  -0.0130651    -0.51895 -0.00866869    0.842821
    3.3731  0.00167582 -0.00230563  -0.0135978  -0.512114 -0.0169695   0.836717
   3.37876 0.000610555 0.000890165  -0.0109346  -0.513457 -0.0192888    0.83867
   3.38309 -0.00205261  0.00355333 -0.00986935  -0.520781 -0.0153826   0.845994
   3.38874 -0.00311787  0.00355333   -0.010402   -0.528105 -0.00818041    0.852464
   3.39294 -0.00844419  0.00195543 -0.00933672   -0.530791 -0.00232103    0.854173
   3.39874   -0.0111074 -0.000707732  -0.00933672   -0.526274 -0.00415209    0.849535
   3.40316 -0.00418313 -0.00283826  -0.0119999  -0.517973 -0.0113542   0.842088
   3.40858 -0.00098734  -0.0001751  -0.0130651 -0.513335 -0.017946   0.83745
   3.41288  -0.0036505  0.00355333 -0.00986935  -0.515532 -0.0200212   0.839647
   3.41873 -0.00205261  0.00355333 -0.00986935  -0.523833 -0.0141619   0.848314
   3.42309 -0.00151997 0.000890165  -0.0114672   -0.532012 -0.00537279     0.85515
   3.42873  -0.0068463 -0.00124036  -0.0109346   -0.532256 -0.00073412    0.854539
   3.43318 -0.00631366   -0.001773  -0.0135978   -0.524809 -0.00390795    0.847826
   3.43868 -0.00258524   -0.001773  -0.0141304  -0.514556 -0.0131853   0.838304
   3.44292   0.00114319 -0.000707732   -0.0130651  -0.509917 -0.0200212   0.834642
   3.44873 0.00540425  0.0014228 -0.0130651  -0.514311 -0.0205095   0.839891
   3.45305 0.000610556  0.00302069   -0.010402   -0.5231 -0.014406  0.849412
   3.45873 -0.00471577  0.00195543  -0.0119999   -0.530913 -0.00586107    0.856248
   3.46319 -0.0052484 -0.0001751  -0.014663   -0.530669 -0.00207689    0.854661
   3.46866 -0.00791156 -0.00124036  -0.0119999    -0.52249 -0.00500658    0.846483
   3.47274 -0.00631366  -0.0001751  -0.0114672  -0.514433 -0.0119646   0.838792
   3.47876 -0.000454707    0.0014228   -0.0135978 -0.512114 -0.017824  0.836595
   3.48321 -0.00098734  0.00302069  -0.0109346  -0.517241 -0.0175798   0.841844
   3.48866  -0.0052484  0.00355333 -0.00827145  -0.526274 -0.0118425    0.84929
   3.49285 -0.00791156   0.0014228 -0.00880408   -0.531645 -0.00488451    0.853685
   3.49864 -0.00897682 -0.00124036 -0.00986935   -0.530181 -0.00280931    0.851976
   3.50278 -0.0068463  -0.001773 -0.0109346   -0.522002 -0.00854662    0.844774
   3.50874 -0.000454709 -0.000707732   -0.0130651 -0.513091 -0.016237  0.839159
   3.51303  0.00487161 0.000357532  -0.0130651   -0.51248 -0.0202654   0.839159
   3.51874  0.00167582  0.00248806 -0.00880408  -0.519438 -0.0174578    0.84453
   3.52292 -0.00098734  0.00248806 -0.00773882   -0.529326 -0.00830248    0.852952
   3.52863 -0.00311787  -0.0001751 -0.00986935   -0.533721 -0.00134447    0.856981
    3.5328  -0.0100421 -0.00124036  -0.0109346   -0.528227 -0.00110033    0.851732
   3.53873   -0.0121726 -0.000707732    -0.010402   -0.51834 -0.0078142     0.8416
   3.54315 -0.00631366 0.000357532  -0.0109346  -0.510893 -0.0173357   0.834398
   3.54869 -0.000987342  0.000890165  -0.00933672  -0.511382 -0.0209978   0.835618
   3.55289  0.00220845 0.000890165 -0.00827145 -0.519316 -0.017946  0.844041
   3.55873  0.00220845   0.0014228 -0.00986935  -0.528349 -0.0101335   0.853685
   3.56308 -0.0036505 0.00195543 -0.0114672   -0.532744 -0.00256517    0.857469
   3.56874 -0.0100421  0.0014228 -0.0114672    -0.52896 -0.00256517     0.85222
   3.57296 -0.00844419  -0.0001751  -0.0114672   -0.519316 -0.00915697    0.841844
   3.57876 -0.0036505 -0.0001751  -0.010402  -0.512602 -0.0159929   0.836351
   3.58321 -0.00258524   0.0014228 -0.00933672  -0.513579 -0.0189226   0.838426
   3.58873 7.79238e-05  0.00195543  -0.0114672  -0.521147 -0.0150163   0.845506
   3.59303 -0.00098734   0.0014228  -0.0135978  -0.529082 -0.0078142   0.853197
   3.59874 -0.00578103 0.000357532  -0.0125325  -0.530547 -0.0032976   0.853929
   3.60304 -0.00631366 -0.00230563   -0.010402   -0.524687 -0.00464037    0.848558
   3.60874 -0.00151997 -0.00337089  -0.0114672  -0.515776 -0.0115984    0.84221
   3.61281  7.79238e-05 -0.000175099   -0.0114672  -0.511138 -0.0177019   0.838426
   3.61874 0.000610555   0.0014228  -0.0119999  -0.515532 -0.0186785   0.841478
   3.62299  0.00167582 0.000890165  -0.0119999  -0.525298 -0.0137956   0.849046
   3.62864 -0.00205261 0.000890165  -0.0119999   -0.532988 -0.00488451     0.85515
   3.63286 -0.00737893  -0.0001751  -0.0135978    -0.532866 -0.000489979     0.854417
   3.63873 -0.0105747  -0.001773 -0.0114672   -0.523955 -0.00525072    0.846117
   3.64301 -0.00578103 -0.00283826 -0.00986935  -0.513945 -0.0139177   0.837327
   3.64874  0.000610556 -0.000707732    -0.010402  -0.510039 -0.0202654   0.835008
   3.65286 -0.00258524  0.00302069 -0.00773882  -0.514556 -0.0198992   0.840501
   3.65874 -0.00737893  0.00408596 -0.00614092  -0.524809 -0.0120867   0.850633
   3.66289 -0.00631366  0.00195543 -0.00880408   -0.531889 -0.00378588    0.856615
   3.66874  -0.00950946 -0.000707732    -0.010402   -0.529936 -0.00158861    0.853929
   3.67308    -0.01164 -0.00124036 -0.00986935   -0.522002 -0.00598314     0.84575
   3.67876 -0.00631366 -0.00124036   -0.010402  -0.514067 -0.0145281   0.837938
   3.68296 -0.00151997  -0.0001751   -0.010402   -0.51248 -0.0198992   0.836595
   3.68874  0.00327372 0.000890165  -0.0109346  -0.518706 -0.0183122   0.841966
   3.69314 -0.000454709    0.0014228  -0.00986935  -0.526885 -0.0113542   0.850023
   3.69874  -0.0100421  0.00248806 -0.00720619   -0.531279 -0.00427416    0.854784
   3.70298 -0.00844419  -0.0001751   -0.010402   -0.528349 -0.00305346     0.85161
   3.70859 -0.00258524 -0.00283826   -0.014663   -0.520659 -0.00744799    0.843431
   3.71301  -0.00205261 -0.000707732   -0.0130651  -0.513823 -0.0147722   0.838182
   3.71874 -0.00098734  0.00195543   -0.010402  -0.512602 -0.0195329   0.838914
   3.72295 -0.00205261  0.00355333 -0.00880408   -0.51956 -0.0163591   0.845506
   3.72874 -0.00791156  0.00408596 -0.00880408    -0.52957 -0.00793627    0.853685
    3.7331 -0.0105747  0.0014228 -0.0114672   -0.533843 -0.00171068    0.856493
   3.73865 -0.0111074  -0.001773 -0.0125325   -0.528716 -0.00268724    0.851243
   3.74292 -0.00950946   -0.001773  -0.0119999  -0.518218 -0.0101335   0.841234
   3.74873 -0.0036505 -0.0001751 -0.0114672  -0.510893 -0.0177019   0.835008
   3.75307  0.00220845 0.000890165  -0.0109346  -0.511626 -0.0206316    0.83745
   3.75874  0.00114319  0.00248806 -0.00880408  -0.519194 -0.0173357   0.844896
     3.763 -0.00311787  0.00355333 -0.00880408    -0.52896 -0.00842455    0.853929
   3.76865 -0.00311787   0.0014228  -0.0130651   -0.532378 -0.00195482    0.856981
   3.77287 -0.00471577  -0.0001751  -0.0151957   -0.526763 -0.00256517    0.850755
   3.77876  -0.00471577 -0.000707732   -0.0135978   -0.518218 -0.00940111    0.841478
   3.78311 -0.00205261  -0.0001751  -0.0114672  -0.513335 -0.0175798   0.836595
    3.7885 -0.000987342    0.0014228    -0.010402   -0.51541 -0.0198992   0.839647
    3.7931 0.000610556   0.0014228  -0.0114672  -0.523345 -0.0155046   0.846727
   3.79874 7.79238e-05 0.000890165  -0.0125325   -0.530425 -0.00793627    0.853197
   3.80299 -0.00737893 0.000357532 -0.00986935   -0.530791 -0.00293139    0.853075
   3.80874   -0.0105747 -0.000707732  -0.00880408   -0.523955 -0.00464037    0.846727
   3.81301 -0.0052484  -0.001773  -0.010402    -0.5148 -0.0117204   0.840135
   3.81874  7.79238e-05 -0.000175099   -0.0119999   -0.51126 -0.0186785    0.83806
   3.82295 0.00220845 0.00302069 -0.0119999  -0.515776 -0.0192888   0.842577
   3.82866 0.00167582 0.00195543 -0.0109346  -0.525908 -0.0117204   0.851243
   3.83279 -0.00631366 0.000890165 -0.00986935   -0.533598 -0.00366381    0.857103
   3.83874  -0.0127053 0.000890165 -0.00986935   -0.531645 -0.00171068    0.854661
   3.84312   -0.0111074 -0.000707732  -0.00986935     -0.5231 -0.00671556    0.845628
   3.84867 -0.00737893 -0.00124036 -0.00880408  -0.514067 -0.0155046   0.836229
   3.85291   0.00220845 -0.000707732   -0.0114672  -0.510771 -0.0203874    0.83452
   3.85874 0.00700214  0.0014228 -0.0135978  -0.516631 -0.0184343    0.84099
    3.8631 -0.000454709   0.00355333    -0.010402 -0.525786 -0.010866  0.850877
   3.86865 -0.00578103  0.00195543  -0.0109346   -0.531401 -0.00232103    0.857591
   3.87286  -0.00737893 -0.000707732   -0.0125325    -0.530181 -0.000612049     0.853807
   3.87877  -0.0105747 -0.00124036   -0.010402 -0.522002 -0.005739  0.844041
   3.88325 -0.00684629  -0.0001751 -0.00986935  -0.513823 -0.0137956   0.837694
   3.88874  0.00167582 0.000357532  -0.0114672  -0.512602 -0.0202654    0.83745
   3.89309  0.00167582 0.000890165   -0.010402  -0.518828 -0.0186785   0.843797
   3.89874  -0.0052484  0.00248806 -0.00667355  -0.527983 -0.0113542   0.851854
   3.90306 -0.00631366 0.000357532 -0.00880408   -0.531767 -0.00427416    0.854417
   3.90876 -0.00631366   -0.001773  -0.0130651  -0.527373 -0.0024431   0.850023
   3.91298 -0.00791156 0.000357533  -0.0130651   -0.518462 -0.00866869    0.842821
   3.91877 -0.00311787   0.0014228  -0.0125325  -0.511626 -0.0166033   0.838426
     3.923 0.00220845  0.0014228 -0.0114672  -0.512847 -0.0197771   0.840379
   3.92877 -0.000987342   0.00302069  -0.00880408 -0.520903 -0.016237  0.846971
   3.93294  -0.0036505  0.00302069 -0.00827145   -0.530669 -0.00732592    0.854784
   3.93876  -0.0052484 0.000357533   -0.010402   -0.534087 -0.00134447    0.857591
   3.94305 -0.00791156   -0.001773  -0.0114672   -0.527495 -0.00317553    0.850511
   3.94876 -0.00631366   -0.001773  -0.0119999   -0.517851 -0.00952318    0.840135
   3.95305  -0.0036505 0.000357533  -0.0125325  -0.512114 -0.0163591   0.834642
   3.95877 -0.00151997  0.00195543   -0.010402  -0.512969 -0.0190447   0.836595
   3.96306 -0.00151997  0.00248806 -0.00827145  -0.521269 -0.0150163   0.845872
   3.96877 -0.00205261  0.00248806 -0.00933672   -0.529814 -0.00732592    0.854784
   3.97305  -0.00418314 -0.000175099   -0.0119999   -0.531157 -0.00219896    0.855394
   3.97879 -0.00791156   -0.001773  -0.0119999  -0.525542 -0.0045183   0.848558
   3.98307 -0.00737893 -0.00124036   -0.010402  -0.516387 -0.0119646   0.840013
   3.98877 -0.00311787  -0.0001751   -0.010402  -0.511626 -0.0175798   0.837205
   3.99297 0.000610556   0.0014228   -0.010402    -0.5148 -0.0191667   0.840379
   3.99877  0.00220845 0.000890165 -0.00986935  -0.522978 -0.0137956   0.847948
   4.00323   0.00167582 -0.000707732   -0.0109346 -0.530181 -0.005739  0.855028
   4.00858   -0.0036505 -0.000707732   -0.0114672   -0.530181 -0.00293139    0.853563
     4.013  -0.0100421 0.000357532  -0.0109346   -0.522612 -0.00598314    0.846483
   4.01877 -0.00950946 0.000890165 -0.00986935  -0.514433 -0.0139177   0.840013
   4.02294 -0.00205261   0.0014228 -0.00986935   -0.51126 -0.0201433   0.837327
   4.02877  0.00220845  0.00248806 -0.00933672  -0.516264 -0.0185564   0.842821
   4.03289 -0.00098734  0.00248806 -0.00880408  -0.527373 -0.0111101   0.851488
   4.03877 -0.00471577 0.000890165   -0.010402   -0.534209 -0.00232103    0.856004
   4.04302 -0.00897683  -0.0001751   -0.010402   -0.532134 0.000486583    0.853929
   4.04877  -0.00950946 -0.000707732   -0.0125325   -0.522124 -0.00525072     0.84453
   4.05315 -0.00897683 0.000357533  -0.0109346  -0.512847 -0.0141619   0.836107
   4.05877 -0.00578103   0.0014228 -0.00827145   -0.51126 -0.0205095   0.835863
   4.06309 0.00540425  0.0014228 -0.0119999  -0.516264 -0.0200212   0.841112
   4.06877   0.0101979 0.000890165  -0.0151957  -0.525908 -0.0124529   0.851121
   4.07309 -0.000454709  0.000357532   -0.0125325   -0.531889 -0.00415209    0.857347
   4.07879 -0.00844419  -0.0001751   -0.010402   -0.528838 -0.00110033    0.852952
   4.08319 -0.00578103   -0.001773  -0.0130651   -0.520415 -0.00549486    0.844774
   4.08862  -0.00418313 -0.000707732   -0.0130651  -0.512724 -0.0136736   0.838304
   4.09309 -0.00258524  0.00195543 -0.00986935  -0.512602 -0.0180681   0.838548
   4.09856 -0.00151997  0.00248806 -0.00880408  -0.519072 -0.0163591   0.843675
   4.10289 -0.00471577  0.00248806 -0.00827145   -0.527129 -0.00976732    0.850877
   4.10877 -0.00737893  0.00195543 -0.00827145   -0.532256 -0.00415209    0.854417
   4.11302 -0.00737893  -0.0001751 -0.00933672   -0.527617 -0.00488451    0.848924
   4.11877 -0.0036505  -0.001773 -0.0119999  -0.517851 -0.0107439   0.841356
   4.12293  -0.00205261 -0.000175099   -0.0119999  -0.512358 -0.0173357   0.837816
   4.12877 -0.00151997  0.00248806 -0.00986935  -0.513945 -0.0195329   0.839281
   4.13289 7.79238e-05  0.00195543  -0.0109346  -0.522978 -0.0139177   0.847581
   4.13877 -0.000987342  0.000357532   -0.0125325   -0.532256 -0.00586107    0.855638
   4.14289 -0.00471577 -0.00124036  -0.0130651   -0.533843 -0.00085619    0.856615
   4.14873 -0.00737893 -0.00337089  -0.0135978   -0.527007 -0.00305346    0.850145
   4.15277  -0.0068463 -0.00283826  -0.0125325  -0.516509 -0.0122087   0.839769
   4.15877 -0.0036505 -0.0001751 -0.0109346  -0.510527 -0.0195329   0.835008
   4.16313 -0.00098734  0.00248806   -0.010402 -0.512847 -0.021364  0.838548
   4.16877 -0.00311787  0.00355333 -0.00720619  -0.520781 -0.0158708   0.847581
   4.17302 -0.00578103  0.00248806 -0.00667355   -0.529448 -0.00598314    0.855882
   4.17879 -0.00631366 0.000357533 -0.00986935   -0.531523 -0.00110033    0.855882
    4.1832  -0.0068463 -0.00124036  -0.0114672  -0.524443 -0.0032976   0.848192
   4.18869 -0.00791156  -0.0001751  -0.0114672  -0.515776 -0.0103777   0.840257
   4.19289 -0.0036505  0.0014228 -0.0119999  -0.512114 -0.0181902   0.836961
   4.19877 -0.000987342   0.00195543  -0.00880408 -0.515776 -0.019655  0.840501
   4.20293 -0.00205261  0.00302069 -0.00560829  -0.525298 -0.0142839   0.848436
   4.20877 -0.00578103  0.00302069 -0.00667355   -0.532256 -0.00671556    0.854051
   4.21301 -0.00737893  0.00195543  -0.0109346   -0.531157 -0.00268724     0.85283
   4.21877 -0.00844419 0.000890165  -0.0125325    -0.52249 -0.00647142    0.845994
   4.22312  -0.0100421 0.000890165 -0.00986935  -0.513213 -0.0141619   0.838914
   4.22877  -0.0036505   0.0014228 -0.00933672   -0.51126 -0.0188005   0.838182
   4.23302 0.00220845  0.0014228  -0.010402  -0.517241 -0.0177019   0.843797
   4.23877 -0.000987342   0.00195543  -0.00986935  -0.527373 -0.0102556   0.852464
   4.24304  -0.00311787 -0.000175099   -0.0109346   -0.533721 -0.00293139    0.857713
   4.24877 -0.00471577   -0.001773  -0.0125325   -0.530181 -0.00195482    0.853197
   4.25285  -0.00844419 -0.000707732   -0.0114672   -0.520659 -0.00769213    0.844285
   4.25868  -0.00578103 -0.000707732   -0.0109346  -0.513213 -0.0158708   0.837205
   4.26284 -0.00151997 0.000357533   -0.010402  -0.51126 -0.019655  0.835985
   4.26877 0.000610556  0.00302069 -0.00986935  -0.517363 -0.0174578   0.842088
   4.27315 0.00167582 0.00302069 -0.0109346   -0.526763 -0.00964525    0.850999
   4.27879 -0.0036505  0.0014228 -0.0109346   -0.532012 -0.00171068    0.855516
   4.28322  -0.0100421  -0.0001751 -0.00986935  -0.529204 -0.0012224   0.851732
   4.28866   -0.0111074 -0.000707732   -0.0109346   -0.520415 -0.00757006    0.843065
    4.2929 -0.00737893 0.000357532  -0.0119999  -0.514311 -0.0152605   0.837816
   4.29877 -0.00098734 0.000890165  -0.0109346  -0.514433 -0.0201433   0.838792
   4.30323 7.79238e-05  0.00195543 -0.00880408  -0.521269 -0.0174578   0.845018
   4.30857 -0.00258524  0.00195543 -0.00827145   -0.529204 -0.00976732    0.852464
   4.31289 -0.00418313 0.000357532 -0.00986935   -0.530303 -0.00403002    0.853441
   4.31877 -0.00258524 -0.00124036  -0.0135978   -0.524931 -0.00403002    0.848192
   4.32309 -0.00205261 -0.00124036  -0.0135978  -0.516631 -0.0104997   0.841844
   4.32877 -0.000454709  0.000357532   -0.0114672  -0.510893 -0.0174578   0.837938
   4.33316 -0.000454709   0.00248806   -0.0109346  -0.513701 -0.0190447   0.840868
   4.33872 -0.00151997  0.00461859  -0.0109346  -0.522856 -0.0140398    0.84868
   4.34294 -0.00205261  0.00195543  -0.0109346   -0.531401 -0.00561693    0.855882
   4.34877 -0.00737893 -0.00124036   -0.010402     -0.53311 -0.000367909     0.856615
   4.35297  -0.0100421 -0.00124036  -0.0119999   -0.525786 -0.00317553    0.848558
   4.35877 -0.00897682  -0.0001751  -0.0119999  -0.516387 -0.0113542   0.838426
   4.36298 -0.00578103  0.00195543  -0.0109346  -0.511382 -0.0185564   0.833421
    4.3687 -0.00098734  0.00248806 -0.00933672  -0.513945 -0.0203874    0.83745
   4.37277  0.00220845   0.0014228 -0.00880408 -0.524809 -0.014406  0.848314
    4.3788 -0.000454709  0.000890165    -0.010402   -0.532622 -0.00610521    0.855516
   4.38332 -0.00258524 -0.00124036  -0.0130651   -0.531889 -0.00256517    0.854539
   4.38858 -0.00737893 -0.00230563  -0.0119999   -0.524809 -0.00561693    0.847948
   4.39304  -0.0068463 -0.00230563  -0.0119999    -0.5148 -0.0130632   0.839403
   4.39865 -0.000454709    -0.001773   -0.0130651  -0.511504 -0.0185564   0.837572
   4.40292 -0.000454709    0.0014228    -0.010402  -0.516387 -0.0186785    0.84221
   4.40877 0.00220845 0.00195543 -0.0109346  -0.524687 -0.0125749   0.849535
   4.41298   0.00380635 -0.000707732   -0.0141304   -0.530913 -0.00488451    0.854906
   4.41877  -0.00578103 -0.000707732   -0.0119999   -0.528594 -0.00232103     0.85222
   4.42317   -0.015901   0.0014228 -0.00614092   -0.519805 -0.00671556    0.844041
    4.4287    -0.01164  0.00195543 -0.00667355  -0.512724 -0.0148943   0.838182
   4.43285 7.79238e-05   0.0014228   -0.010402  -0.511504 -0.0191667   0.837694
   4.43877  0.00433898  0.00248806 -0.00986935   -0.51834 -0.0159929   0.843797
    4.4432 -0.00258524  0.00302069 -0.00827145   -0.528716 -0.00866869    0.852342
   4.44877 -0.00791156 0.000357533 -0.00986935   -0.534331 -0.00158861    0.856248
   4.45295  -0.0105747 -0.00124036  -0.0114672  -0.531401 -0.0012224    0.85283
   4.45877  -0.0105747 -0.00124036  -0.0119999   -0.522124 -0.00891283    0.842821
   4.46308  -0.00631366 -0.000707732   -0.0114672  -0.514189 -0.0169695    0.83513
   4.46877 -0.00311787 0.000890165 -0.00986935  -0.512602 -0.0212419   0.835496
   4.47292  0.00167582 0.000890165 -0.00986935  -0.518096 -0.0186785   0.843065
   4.47879  0.00114319 -0.00124036  -0.0109346   -0.527495 -0.00976732    0.853197
   4.48328 -0.00631366 -0.00124036   -0.010402  -0.531889 -0.0024431   0.857347
   4.48877  -0.00897682 -0.000707732   -0.0114672   -0.526885 -0.00158861    0.852708
   4.49304  -0.0036505 -0.00124036   -0.014663   -0.517729 -0.00708178    0.843797
   4.49877 -0.00258524 0.000890165  -0.0135978  -0.512114 -0.0153826   0.837694
   4.50295 -0.00578103  0.00408596 -0.00880408  -0.513823 -0.0191667   0.839647
   4.50877  -0.0036505  0.00355333 -0.00827145 -0.521636 -0.016115  0.846605
   4.51324 -0.00418314  0.00195543 -0.00880408  -0.530181 -0.0090349   0.852708
   4.51862 -0.00418314   0.0014228  -0.0114672   -0.532622 -0.00354174    0.853685
   4.52299  -0.00471577 -0.000707732    -0.014663   -0.526274 -0.00525072    0.847337
   4.52877  -0.0052484 -0.00124036  -0.0130651  -0.515776 -0.0117204   0.838304
   4.53314 -0.00311787 0.000890165  -0.0109346  -0.509917 -0.0175798   0.835741
   4.53877 7.79238e-05   0.0014228 -0.00986935  -0.513335 -0.0183122   0.840013
   4.54329  0.00220845 0.000890165 -0.00986935  -0.524077 -0.0117204   0.848924
   4.54871 -0.000454709  0.000357532   -0.0119999   -0.532988 -0.00378588    0.857103
   4.55288 -0.00471577 -0.00124036  -0.0135978    -0.532866 -0.000489979     0.856981
   4.55877 -0.00631366 -0.00230563  -0.0141304  -0.525176 -0.0045183   0.848802
    4.5632 -0.00418313 -0.00124036   -0.014663  -0.515532 -0.0137956    0.83867
   4.56877 -0.00258524 0.000357532  -0.0114672  -0.510649 -0.0201433   0.834764
   4.57309 -0.000987342   0.00195543  -0.00880408  -0.514433 -0.0201433   0.839891
    4.5788 -0.000454709   0.00248806  -0.00880408  -0.523345 -0.0135515   0.849046
   4.58302 -0.00258524   0.0014228 -0.00933672   -0.530791 -0.00378588    0.855516
   4.58877  -0.0068463 0.000890165  -0.0114672    -0.531523 -0.000123768     0.855272
   4.59304  -0.00737893 -0.000707732   -0.0135978   -0.523833 -0.00464037    0.846971
   4.59877  -0.0068463 -0.00124036  -0.0114672  -0.515044 -0.0128191   0.838548
   4.60323 -0.00631366   0.0014228 -0.00827145  -0.512724 -0.0195329   0.836717
   4.60857 -0.00151997  0.00248806 -0.00880408  -0.517851 -0.0191667     0.8416
   4.61288  0.00220845 0.000890165  -0.0119999  -0.526763 -0.0128191   0.849901
   4.61877 -0.000987342   -0.0001751   -0.0135978   -0.531889 -0.00537279    0.854173
   4.62291  -0.0068463 -0.00124036  -0.0114672   -0.529204 -0.00293139    0.851121
   4.62877 -0.00897682 -0.00230563 -0.00986935   -0.520537 -0.00842455    0.844041
   4.63291   -0.0052484 -0.000175099  -0.00880408  -0.514556 -0.0163591   0.840745
   4.63877 -0.00151997  0.00195543 -0.00773882  -0.514067 -0.0197771   0.841356
   4.64299 -0.00205261   0.0014228 -0.00986935  -0.523711 -0.0114763   0.849901
   4.64877 -0.00258524 0.000890165  -0.0119999   -0.533354 -0.00317553    0.858446
   4.65313 -0.0036505 -0.0001751 -0.0125325   -0.528594 -0.00378588     0.85283
   4.65877 -0.00471577 -0.00124036  -0.0130651   -0.523833 -0.00439623    0.847215
   4.66298  -0.00471577 -0.000707732   -0.0109346  -0.516997 -0.0128191   0.841356
   4.66877 -0.00471577  -0.0001751 -0.00880408  -0.510161 -0.0212419   0.835496
   4.67308 -0.00205261   0.0014228 -0.00986935  -0.517729 -0.0170915   0.843187
    4.6788 0.000610556  0.00302069  -0.0109346  -0.525298 -0.0129412   0.850877
   4.68316 0.000610556  0.00248806  -0.0109346   -0.528838 -0.00818041    0.853807
   4.68852 -0.00578103  0.00195543 -0.00933672   -0.531767 -0.00134447    0.855272
   4.69315   -0.0111074 -0.000175099  -0.00933672   -0.522124 -0.00647142     0.84514
   4.69877  -0.0100421 -0.00230563  -0.0109346  -0.513091 -0.0136736   0.836473
   4.70301  -0.00418313 -0.000707732    -0.010402  -0.515288 -0.0169695   0.839647
   4.70877  0.00167582 0.000890165 -0.00986935  -0.517485 -0.0202654   0.842821
   4.71297 -0.00205261  -0.0001751 -0.00986935  -0.525786 -0.0125749    0.84929
   4.71877 -0.00578103 -0.00124036 -0.00986935   -0.534087 -0.00488451     0.85576
   4.72289 -0.000987342    -0.001773    -0.014663   -0.526274 -0.00647142    0.849412
   4.72873  0.00380635 -0.00230563  -0.0194567   -0.518462 -0.00805834    0.843065
   4.73277  0.00114319 0.000890165  -0.0141304  -0.513579 -0.0141619   0.839525
   4.73873 -0.00151997  0.00408596 -0.00880408  -0.508696 -0.0202654   0.835985
   4.74277 0.000610555  0.00355333   -0.010402  -0.519682 -0.0135515   0.845506
   4.74879 0.00274108 0.00302069 -0.0119999   -0.530669 -0.00683764    0.855028
   4.75302 -0.0052484  0.0014228 -0.0119999   -0.531035 -0.00427416    0.853685
   4.75877 -0.0132379 -0.0001751 -0.0119999   -0.531401 -0.00171068    0.852342
   4.76298 -0.00897682 0.000357532  -0.0119999  -0.522368 -0.0104997   0.843675
   4.76868 -0.00471577 0.000890165  -0.0119999  -0.513335 -0.0192888   0.835008
    4.7729 -0.00205261 0.000890165 -0.00880408  -0.516631 -0.0183122   0.839647
   4.77879 -0.000454709  0.000357532  -0.00614092  -0.519927 -0.0173357   0.844285
   4.78329  -0.0036505  -0.0001751 -0.00773882   -0.526396 -0.00866869    0.850023
   4.78871 -0.00578103  -0.0001751 -0.00880408   -0.532866 -1.6978e-06     0.85576
   4.79278  -0.00737893 -0.000707732    -0.010402   -0.524687 -0.00525072    0.849046
   4.79877 -0.00897682 -0.00124036  -0.0119999  -0.516509 -0.0104997   0.842332
   4.80312 -0.00631366 0.000357533  -0.0114672    -0.5148 -0.0157488   0.841112
   4.80877 -0.0036505 0.00195543 -0.0109346  -0.513091 -0.0209978   0.839891
   4.81305 -0.00418313  0.00248806   -0.010402  -0.522002 -0.0137956   0.847215
   4.81854 -0.00471577  0.00302069 -0.00986935   -0.530913 -0.00659349    0.854539
   4.82303 -0.0052484  0.0014228 -0.0109346   -0.527495 -0.00500658    0.850145
    4.8287 -0.00578103  -0.0001751  -0.0119999   -0.524077 -0.00341967     0.84575
   4.83295 -0.00418313 0.000890165  -0.0114672 -0.517119 -0.010866   0.84099
   4.83877 -0.00098734  0.00248806  -0.0114672  -0.510161 -0.0183122   0.836229
   4.84312 0.000610556  0.00195543  -0.0114672  -0.519072 -0.0152605   0.844041
   4.84877 0.000610556 0.000890165  -0.0109346  -0.527983 -0.0122087   0.851854
     4.853  -0.00418313 -0.000707732   -0.0114672   -0.530913 -0.00708178    0.854051
   4.85877 -0.00897682 -0.00230563  -0.0119999   -0.533843 -0.00195482    0.856248
   4.86296  -0.0068463 -0.00337089  -0.0114672   -0.523711 -0.00879076    0.846117
   4.86877 -0.00311787 -0.00283826   -0.010402  -0.511138 -0.0177019   0.835496
   4.87306 -0.000454709  0.000357533  -0.00986935   -0.51187 -0.0192888   0.838182
    4.8788 7.79238e-05  0.00302069   -0.010402  -0.520049 -0.0145281    0.84575
   4.88337 -0.000454709   0.00248806   -0.0109346   -0.528716 -0.00586107    0.854173
   4.88877 -0.00311787 0.000357532  -0.0109346   -0.530669 -0.00073412    0.856004
   4.89307 -0.00844419  -0.0001751  -0.0114672   -0.524809 -0.00256517    0.849412
   4.89877  -0.00631366 -0.000707732   -0.0141304  -0.516997 -0.0106218   0.841234
   4.90317  -0.0036505 0.000890165  -0.0135978  -0.512969 -0.0191667   0.837327
    4.9088  -0.0052484  0.00302069 -0.00880408  -0.516142 -0.0209978   0.840379
   4.91306 -0.00311787  0.00195543 -0.00720619  -0.525054 -0.0156267    0.84807
    4.9188 -0.00258524 0.000890165 -0.00880408   -0.532256 -0.00720385    0.854417
   4.92299  -0.00311787 -0.000707732   -0.0119999   -0.531767 -0.00183275    0.853929
    4.9288 -0.00578103   -0.001773  -0.0135978   -0.523467 -0.00439623    0.845994
   4.93313 -0.00791156 -0.00124036  -0.0114672  -0.513091 -0.0125749   0.837083
   4.93868 -0.00631366 0.000357533 -0.00827145  -0.509917 -0.0186785   0.835863
    4.9429 -0.00205261  0.00248806 -0.00827145  -0.515654 -0.0189226   0.841844
    4.9488 -0.00151997  0.00302069 -0.00986935   -0.52664 -0.0120867   0.851488
   4.95316 -0.00471577   0.0014228  -0.0109346   -0.534331 -0.00415209    0.858202
    4.9588 -0.00471577   -0.001773  -0.0130651   -0.531645 -0.00207689    0.855882
   4.96302 -0.00578103 -0.00337089   -0.014663     -0.5231 -0.00647142    0.846727
    4.9688  -0.0068463 -0.00230563  -0.0125325  -0.514311 -0.0146501   0.837938
   4.97314 -0.00418314 0.000357533 -0.00880408  -0.510405 -0.0190447   0.835741
   4.97882 -0.000987342   0.00195543  -0.00773882  -0.515654 -0.0172136   0.841112
   4.98316 -0.000987342   0.00195543  -0.00880408  -0.525054 -0.0102556   0.850145
   4.98868 -0.00418314 0.000357533  -0.0109346  -0.531279 -0.0024431   0.855882
    4.9931  -0.00737893 -0.000707732   -0.0125325    -0.52957 -0.00146654    0.853319
    4.9988   -0.0068463 -0.000707732   -0.0135978   -0.520903 -0.00744799    0.844652
   5.00292 -0.00631366 0.000890165  -0.0114672 -0.514189 -0.016115  0.838426
    5.0088 -0.00578103  0.00355333 -0.00773882  -0.513701 -0.0219744   0.837694
   5.01312 -0.00205261  0.00302069 -0.00667356  -0.520049 -0.0192888   0.843553
    5.0188  0.00114319 0.000890165 -0.00827145  -0.529326 -0.0106218   0.851976
   5.02302  -0.00151997 -0.000707732    -0.010402     -0.5325 -0.00305346    0.854417
   5.02876 -0.00897682 -0.00124036 -0.00986935   -0.527617 -0.00097826    0.849657
   5.03292  -0.0100421 -0.00124036 -0.00933672   -0.518096 -0.00683764      0.8416
    5.0388  -0.00418314 -0.000707732   -0.0109346  -0.510405 -0.0153826   0.836717
   5.04294 -0.00151997 0.000890165  -0.0114672   -0.51187 -0.0195329   0.839769
    5.0488 -0.00311787  0.00248806 -0.00986935  -0.521025 -0.0170915   0.847581
   5.05308 -0.0036505  0.0014228  -0.010402   -0.530425 -0.00940111    0.855638
   5.05875 -0.00418313 -0.00124036  -0.0114672   -0.533354 -0.00415209    0.857957
   5.06305 -0.00578103 -0.00124036  -0.0109346   -0.527373 -0.00525072    0.850389
    5.0688 -0.00578103  -0.0001751 -0.00986935  -0.517485 -0.0107439   0.840868
   5.07309 -0.00311787 0.000357532 -0.00773882 -0.511015 -0.016237  0.836229
   5.07883  0.00274109  0.00195543 -0.00933672  -0.512969 -0.0166033   0.838548
   5.08333 0.00220845 0.00302069 -0.0114672  -0.522002 -0.0120867   0.846971
   5.08858 -0.00311787  0.00195543 -0.00986935   -0.530181 -0.00634935    0.854661
   5.09295 -0.00737893 0.000890165   -0.010402   -0.532012 -0.00293139    0.855516
    5.0988  -0.00418313 -0.000707732    -0.014663   -0.526518 -0.00561693    0.848924
   5.10295 -0.00098734   -0.001773   -0.014663  -0.517485 -0.0136736   0.840257
    5.1088 -0.00258524  -0.0001751 -0.00933672  -0.512602 -0.0198992   0.837083
   5.11318 -0.00205261  0.00248806 -0.00720619  -0.515898 -0.0202654   0.840013
   5.11872  -0.0036505  0.00302069 -0.00773882 -0.523955 -0.012697  0.847826
   5.12304  -0.0068463 0.000890165 -0.00827145   -0.529814 -0.00256517     0.85515
    5.1288 -0.00737893 -0.00230563   -0.010402   -0.52896 0.00109694   0.853197
   5.13308 -0.00258524 -0.00390353  -0.0151957   -0.521636 -0.00293139    0.844652
    5.1388 -0.00151997 -0.00124036  -0.0162609  -0.513091 -0.0130632   0.837938
   5.14294 -0.00258524  0.00195543  -0.0119999  -0.510649 -0.0214861   0.836839
    5.1488 0.00220845 0.00195543 -0.0114672  -0.517485 -0.0214861   0.843187
   5.15292 0.00274109  0.0014228 -0.0114672  -0.527495 -0.0141619   0.852342
    5.1588 -0.000987342    0.0014228    -0.010402    -0.53311 -0.00549486    0.857103
   5.16322  -0.00205261 -0.000707732   -0.0119999   -0.530547 -0.00195482    0.854417
    5.1688  -0.0036505 -0.00283826  -0.0125325   -0.521758 -0.00525072    0.844774
   5.17313 -0.00471577   -0.001773 -0.00933672  -0.512969 -0.0115984   0.837205
   5.17883 -0.00151997 0.000890165 -0.00880408  -0.510649 -0.0167253   0.836595
   5.18319 0.00327372 0.00248806 -0.0125325  -0.517485 -0.0163591    0.84221
    5.1888 0.00380635 0.00248806 -0.0151957   -0.527861 -0.00976732    0.851488
   5.19301  -0.0036505 0.000890165  -0.0141304    -0.5325 -0.0045183    0.85576
    5.1988  -0.0143031  -0.0001751 -0.00880408    -0.52896 -0.00464037     0.85222
   5.20321  -0.0148358  -0.0001751 -0.00773882  -0.520659 -0.0100115   0.844285
   5.20865  -0.0052484 -0.00124036   -0.010402  -0.513579 -0.0170915   0.837938
   5.21289   0.00167582 -0.000707732    -0.010402 -0.513823 -0.019655  0.838426
    5.2188  0.00220845 0.000890165   -0.010402  -0.520903 -0.0156267   0.844774
   5.22305 0.000610556 0.000357532  -0.0109346   -0.528838 -0.00720385     0.85222
   5.22876 -0.00631366 0.000357532 -0.00986935  -0.531645 -0.0012224   0.854661
   5.23293 -0.00897683 0.000357532  -0.0125325  -0.526518 -0.0024431   0.849046
    5.2388  -0.00418313 -0.000707732   -0.0157283 -0.515898 -0.010866  0.839769
   5.24308  -0.00098734 -0.000707732   -0.0130651  -0.509184 -0.0197771   0.836107
    5.2488 -0.00098734  0.00195543 -0.00827145  -0.512236 -0.0222185   0.839525
   5.25303  0.00114319  0.00302069 -0.00720619  -0.522368 -0.0156267   0.848558
    5.2587  0.00220845   0.0014228 -0.00986935   -0.531035 -0.00549486    0.856737
   5.26281 -0.00471577 0.000357532   -0.010402   -0.532256 0.000730724    0.857225
    5.2688   -0.0105747 -0.000707732   -0.0109346   -0.526518 -0.00085619    0.849901
   5.27325 -0.0100421 -0.0001751 -0.0125325   -0.517363 -0.00976732    0.840501
   5.27882 -0.00631366   0.0014228  -0.0114672   -0.51187 -0.0181902   0.835863
   5.28322 0.00114319 0.00195543 -0.0125325 -0.514922 -0.021364  0.838182
    5.2888 0.00433898  0.0014228 -0.0135978  -0.523955 -0.0173357   0.846605
   5.29307 -0.00418313  0.00195543   -0.010402  -0.531767 -0.0090349   0.854417
    5.2988  -0.0121726   0.0014228 -0.00827145   -0.531767 -0.00403002    0.854661
   5.30302 -0.00897682   -0.001773   -0.010402   -0.524443 -0.00512865     0.84807
    5.3088 -0.00471577 -0.00283826   -0.010402  -0.516387 -0.0107439     0.8416
   5.31301  -0.00311787 -0.000707732  -0.00880408  -0.511992 -0.0167253   0.838548
    5.3188  0.00167582 0.000890165  -0.0114672   -0.51541 -0.0170915   0.841478
   5.32316 -0.000454709  0.000890165   -0.0125325  -0.524565 -0.0118425   0.849168
    5.3288 -0.0052484  0.0014228 -0.0130651   -0.530058 -0.00512865    0.854539
   5.33319 -0.00844419 0.000357533  -0.0109346  -0.529204 -0.0024431    0.85222
    5.3388 -0.00737893   -0.001773 -0.00986935   -0.522002 -0.00757006    0.844041
   5.34302  -0.00418313 -0.000707732   -0.0109346 -0.512602 -0.016115  0.836717
    5.3488 0.000610556  0.00195543 -0.00986935  -0.510649 -0.0206316   0.836839
   5.35298  0.00540425  0.00248806 -0.00986935  -0.517851 -0.0180681   0.843553
    5.3588 0.00274109  0.0014228 -0.0109346   -0.528227 -0.00842455    0.851976
   5.36301 -0.00311787   0.0014228  -0.0125325    -0.534087 -0.000612049     0.856248
   5.36866  -0.0105747 0.000890165  -0.0119999    -0.530669 -0.000367909     0.852586
   5.37293  -0.0148358  -0.0001751 -0.00933672   -0.521636 -0.00683764    0.844041
   5.37882 -0.00950946  -0.0001751   -0.010402  -0.513701 -0.0166033    0.83745
   5.38332 -0.000454709   -0.0001751   -0.0135978  -0.511748 -0.0216081    0.83745
   5.38871  0.00327372 0.000890165  -0.0141304  -0.518584 -0.0195329   0.843919
   5.39298 -0.00205261  0.00195543  -0.0109346  -0.528105 -0.0117204   0.851976
    5.3988 -0.00791156 0.000890165 -0.00880408   -0.531645 -0.00366381    0.855638
   5.40297    -0.01164  -0.0001751 -0.00827145   -0.527373 -0.00232103     0.85222
    5.4088  -0.0137705  -0.0001751 -0.00720619    -0.51895 -0.00732592    0.843919
   5.41323 -0.00897683   0.0014228 -0.00880408  -0.512602 -0.0139177   0.838914
   5.41857 -0.000454709   0.00302069   -0.0109346  -0.513823 -0.0186785   0.838914
   5.42299 7.79238e-05  0.00302069 -0.00986935  -0.521758 -0.0159929   0.845262
    5.4288 -0.00631366  0.00248806 -0.00827145   -0.530425 -0.00866869    0.853563
   5.43304 -0.00578103 0.000357533  -0.0109346  -0.533354 -0.0045183   0.853929
    5.4388 -0.00311787 -0.00230563  -0.0141304   -0.527251 -0.00525072    0.847337
   5.44322 -0.00311787 -0.00230563  -0.0135978  -0.516631 -0.0117204   0.839036
    5.4488 -0.00098734  -0.0001751  -0.0109346  -0.509795 -0.0183122   0.834886
   5.45305  0.00220845  0.00195543 -0.00986935   -0.51248 -0.0188005   0.839525
    5.4588 0.00540425  0.0014228 -0.0125325  -0.522124 -0.0131853    0.84868
   5.46293 0.000610555 0.000357532  -0.0125325   -0.530669 -0.00464037    0.856126
    5.4688  -0.0100421 0.000357532  -0.0109346    -0.532012 -0.000123768     0.856859
   5.47295 -0.0121726 -0.0001751 -0.0119999    -0.52542 -0.00341967    0.848436
   5.47882 -0.00950946 0.000357532  -0.0114672  -0.516264 -0.0115984   0.840135
   5.48304 -0.00578103  0.00195543   -0.010402   -0.51187 -0.0197771    0.83745
    5.4888 -0.00311787  0.00302069 -0.00827145  -0.514556 -0.0214861   0.839769
   5.49306 0.000610556  0.00302069 -0.00720619    -0.5231 -0.0151384   0.847826
    5.4988 -0.000454709   0.00195543  -0.00933672   -0.530547 -0.00647142    0.854417
   5.50323  -0.00471577 -0.000707732   -0.0109346   -0.529814 -0.00171068    0.854051
   5.50873 -0.00791156   -0.001773 -0.00933672   -0.523467 -0.00439623     0.84807
   5.51295 -0.00791156  -0.0001751 -0.00986935  -0.516142 -0.0111101   0.840379
    5.5188 -0.00578103  0.00302069 -0.00986935  -0.512847 -0.0167253   0.837327
   5.52302  -0.0052484  0.00461859 -0.00827145  -0.517729 -0.0177019   0.841478
    5.5288 -0.00418313  0.00355333 -0.00986935   -0.52664 -0.0122087   0.848924
   5.53321 -0.00897682  0.00248806   -0.010402     -0.5325 -0.00525072    0.854173
   5.53867     -0.01164 -0.000175099  -0.00986935   -0.530303 -0.00317553    0.851976
   5.54298    -0.01164 -0.00230563 -0.00827145   -0.520171 -0.00793627    0.843309
    5.5488 -0.00631366 -0.00124036 -0.00827145  -0.511748 -0.0164812   0.836595
   5.55314  0.00167582   0.0014228 -0.00986935  -0.510161 -0.0211199   0.836595
    5.5588 0.000610555  0.00302069 -0.00773882  -0.517363 -0.0168474   0.844041
   5.56303 -0.00311787  0.00248806 -0.00720619   -0.528227 -0.00830248    0.853807
    5.5688  -0.0036505 0.000890165  -0.0114672   -0.532622 -0.00171068    0.858202
   5.57307 -0.00844419 0.000357532  -0.0119999   -0.529448 -0.00110033    0.853563
   5.57883  -0.0105747 0.000357532  -0.0114672   -0.520537 -0.00818041    0.843797
   5.58312 -0.00471577 0.000357532  -0.0119999  -0.512602 -0.0166033   0.836595
   5.58867 7.79238e-05   0.0014228  -0.0109346  -0.513213 -0.0201433   0.836595
   5.59292 0.00274108 0.00302069 -0.0119999  -0.520659 -0.0170915   0.843675
    5.5988 0.00487161 0.00195543  -0.014663   -0.529082 -0.00891283    0.851854
    5.6033  7.79219e-05 -0.000707732   -0.0141304   -0.532256 -0.00268724    0.855028
   5.60876  -0.0100421 -0.00124036  -0.0109346   -0.527251 -0.00219896    0.850999
   5.61299 -0.00897682   -0.001773  -0.0125325   -0.518828 -0.00769213    0.843309
    5.6188 -0.00258524   -0.001773  -0.0141304 -0.512602 -0.016115  0.838182
   5.62328 -0.00205261 0.000357533   -0.010402  -0.513701 -0.0197771   0.839036
    5.6286 -0.00258524  0.00195543 -0.00827145  -0.521269 -0.0168474   0.846239
   5.63307 -0.00311787 0.000357533 -0.00933672   -0.529082 -0.00915697    0.853807
    5.6388 -0.00791156  -0.0001751   -0.010402   -0.531279 -0.00256517    0.854173
   5.64325  -0.00897683 -0.000707732   -0.0114672   -0.524321 -0.00390795    0.847703
    5.6488 -0.00418314 -0.00230563  -0.0125325  -0.513945 -0.0113542   0.839036
   5.65323 -0.00151997 0.000357532  -0.0109346  -0.509795 -0.0183122   0.835863
   5.65873 0.00220845 0.00302069 -0.0114672 -0.513945 -0.019655  0.840135
   5.66302 -0.00098734  0.00461859 -0.00986935  -0.523955 -0.0135515    0.84868
   5.66881 -0.00844419  0.00461859 -0.00614092   -0.532744 -0.00549486    0.855882
   5.67313 -0.00950946   0.0014228 -0.00880408   -0.532866 -0.00171068    0.855638
   5.67883 -0.00578103 -0.00230563  -0.0130651   -0.526274 -0.00500658    0.847826
   5.68335 -0.00151997 -0.00283826  -0.0141304  -0.517119 -0.0136736   0.839159
   5.68858 -0.00311787 0.000357533  -0.0109346  -0.512114 -0.0194109   0.836107
   5.69286  -0.0052484  0.00248806 -0.00773882  -0.515898 -0.0194109   0.840379
    5.6988 -0.00418313  0.00248806 -0.00720619  -0.523833 -0.0137956   0.848436
   5.70312  -0.00205261 -0.000175099  -0.00933672   -0.529692 -0.00500658    0.854539
   5.70876 -0.00311787 -0.00230563  -0.0114672   -0.528472 -0.00146654    0.854295
   5.71291 -0.00578103   -0.001773  -0.0114672   -0.520537 -0.00586107    0.846971
    5.7188 -0.0068463 -0.0001751  -0.010402 -0.512847 -0.012697  0.840868
   5.72303 -0.00471577  0.00248806 -0.00880408  -0.511626 -0.0186785    0.83867
    5.7288  0.00220845  0.00302069 -0.00986935  -0.518096 -0.0186785   0.843187
   5.73304 0.00540425  0.0014228 -0.0119999  -0.527861 -0.0115984    0.85161
    5.7388 -0.000987342  0.000357532   -0.0119999   -0.533232 -0.00439623    0.854661
   5.74304 -0.00897683 0.000357532   -0.010402   -0.529814 -0.00171068    0.851243
    5.7488  -0.0127053 0.000890165 -0.00880408   -0.519927 -0.00695971     0.84221
   5.75302 -0.00578103  -0.0001751 -0.00986935  -0.511504 -0.0158708   0.834398
    5.7588 -0.000454707    0.0014228  -0.00933672 -0.511748 -0.019655  0.835618
   5.76322 -0.00311787  0.00355333 -0.00827145  -0.520049 -0.0168474   0.843675
    5.7688 -0.00311787  0.00195543 -0.00986935  -0.529936 -0.0090349   0.853075
     5.773 -0.00578103  -0.0001751   -0.010402   -0.533965 -0.00219896    0.857835
   5.77883 -0.00791156   -0.001773  -0.0119999   -0.529082 -0.00280931    0.852342
    5.7833  -0.0100421 -0.00124036  -0.0119999   -0.519072 -0.00952318    0.843187
   5.78876 -0.00737893  -0.0001751  -0.0109346  -0.511748 -0.0169695   0.837327
   5.79291 0.00433898 -0.0001751 -0.0119999  -0.512114 -0.0192888   0.837816
   5.79875  0.00540425 0.000890165   -0.010402   -0.51956 -0.0152605   0.845628
    5.8029 -0.00311787  0.00195543 -0.00986935   -0.528594 -0.00805834    0.853319
    5.8088 -0.00631366   0.0014228  -0.0119999  -0.531035 -0.0024431   0.855516
   5.81318 -0.00471577 0.000357532   -0.014663   -0.525786 -0.00341967    0.850999
   5.81876 -0.00418313 0.000357532  -0.0135978  -0.517485 -0.0101335    0.84221
   5.82292 -0.00258524 0.000890165  -0.0109346 -0.512724 -0.016115  0.836961
    5.8288 -0.00205261  0.00195543 -0.00933672  -0.515288 -0.0181902   0.838792
   5.83293  -0.0036505  0.00302069 -0.00827145 -0.523467 -0.014406  0.845994
    5.8388  -0.0052484   0.0014228 -0.00933672   -0.531889 -0.00610521    0.852952
   5.84302  -0.00737893 -0.000707732  -0.00986935     -0.5325 -0.00073412     0.85283
    5.8488 -0.00791156 -0.00230563  -0.0109346   -0.523711 -0.00293139    0.845872
   5.85298 -0.00631366   -0.001773  -0.0119999  -0.513823 -0.0115984    0.83806
   5.85876 -0.0036505 -0.0001751 -0.0109346  -0.510649 -0.0191667   0.835741
   5.86293 -0.00098734 0.000890165   -0.010402  -0.515898 -0.0195329   0.840868
    5.8688  0.00114319 0.000890165   -0.010402   -0.52603 -0.0134294   0.849657
   5.87299 -0.00205261  -0.0001751   -0.010402 -0.533232 -0.005739  0.856859
   5.87884 -0.0052484  -0.001773 -0.0125325   -0.532012 -0.00219896    0.856493
   5.88319 -0.00791156 -0.00230563  -0.0119999   -0.523345 -0.00622728    0.847581
    5.8888  -0.00578103 -0.000707732   -0.0109346  -0.513945 -0.0141619   0.839891
   5.89329  0.00114319 0.000357532  -0.0114672  -0.510405 -0.0198992    0.83806
   5.89875 -0.000987342   0.00302069  -0.00933672  -0.515044 -0.0188005   0.841722
   5.90292  -0.0052484  0.00408596 -0.00827145 -0.524443 -0.010866  0.849168
   5.90883 -0.00471577   0.0014228  -0.0109346   -0.530669 -0.00427416    0.854417
   5.91318 -0.00737893  -0.0001751  -0.0109346   -0.528716 -0.00195482    0.852586
   5.91883  -0.0121726 0.000890165   -0.010402   -0.521758 -0.00549486    0.845628
   5.92318 -0.00844419  0.00195543  -0.0119999  -0.515166 -0.0136736   0.840013
   5.92862 -0.00205261  0.00195543  -0.0109346  -0.515288 -0.0194109   0.840257
   5.93308 7.79238e-05 0.000890165 -0.00986935  -0.522978 -0.0189226   0.845506
   5.93883  7.79238e-05 -0.000707732   -0.0114672  -0.530791 -0.0117204   0.851488
   5.94302 -0.000454709  -0.00230563   -0.0125325   -0.533721 -0.00354174    0.853685
   5.94883  -0.0036505 -0.00337089  -0.0130651   -0.528716 -0.00232103    0.849657
   5.95321  -0.0068463 -0.00283826  -0.0130651   -0.517973 -0.00842455    0.841112
   5.95883 -0.00471577   -0.001773  -0.0114672  -0.510405 -0.0164812   0.835252
   5.96309 -0.00098734 0.000357533 -0.00986935  -0.511138 -0.0195329   0.836717
   5.96883 0.00167582 0.00195543  -0.010402  -0.519194 -0.0151384   0.845262
   5.97318  0.00220845 0.000357533  -0.0119999   -0.528349 -0.00805834    0.854906
   5.97886 -0.00311787 -0.00124036  -0.0109346   -0.531523 -0.00232103    0.857469
   5.98324 -0.00950946 -0.00124036 -0.00933672   -0.526885 -0.00280931    0.851121
    5.9886 -0.00950946  -0.0001751 -0.00933672   -0.517485 -0.00988939    0.841356
   5.99302 -0.00631366   0.0014228 -0.00933672  -0.511504 -0.0168474   0.837083
   5.99883 -0.00311787  0.00302069 -0.00827145  -0.513945 -0.0188005   0.840135
   6.00316 0.00327372 0.00248806  -0.010402  -0.522002 -0.0145281   0.847215
   6.00864 0.000610555 0.000890165  -0.0109346   -0.530791 -0.00695971    0.854173
    6.0132 -0.00844419 0.000357532 -0.00933672   -0.532866 -0.00280931    0.855394
   6.01884   -0.0111074 -0.000707732  -0.00986935   -0.526518 -0.00537279    0.849657
   6.02308 -0.00844419   -0.001773   -0.010402  -0.518584 -0.0129412   0.843309
   6.02884  -0.00151997 -0.000707732   -0.0109346  -0.513945 -0.0203874   0.838426
   6.03308 -0.00151997  0.00195543 -0.00827145  -0.516875 -0.0216081   0.840135
   6.03883 -0.00418313   0.0014228 -0.00560829  -0.526274 -0.0168474   0.848314
   6.04313  -0.00578103 -0.000707732  -0.00507566   -0.533476 -0.00891283    0.854784
   6.04878  -0.0052484 -0.00230563 -0.00880408   -0.532378 -0.00293139    0.853685
   6.05284 -0.00418313 -0.00283826  -0.0119999   -0.522978 -0.00476244    0.845384
   6.05883 -0.00418313 -0.00230563 -0.00986935  -0.513091 -0.0119646    0.83745
   6.06298  -0.00151997 -0.000707732  -0.00880408  -0.509429 -0.0168474    0.83513
   6.06883  0.00540425 0.000357532  -0.0109346 -0.513213 -0.016115  0.840013
   6.07307  0.00274108 0.000890165   -0.010402   -0.523955 -0.00952318    0.850145
   6.07886  -0.0068463 0.000357533 -0.00880408   -0.532256 -0.00256517    0.856859
   6.08332 -0.00791156   -0.001773  -0.0114672  -0.531157 -0.0012224   0.853929
   6.08873 -0.00418313 -0.00337089   -0.014663   -0.523345 -0.00695971     0.84575
   6.09298 -0.000454709  -0.00230563    -0.014663  -0.514433 -0.0169695   0.838548
   6.09883 -0.00205261 0.000357532 -0.00986935  -0.512602 -0.0223406    0.83745
   6.10323 -0.00418313  0.00195543 -0.00614092  -0.518584 -0.0195329    0.84221
   6.10883 -0.00311787  0.00248806 -0.00720619  -0.526274 -0.0117204   0.849901
   6.11295 -0.000987342  -0.00124036  -0.00933672   -0.530913 -0.00354174    0.855394
   6.11883 -0.00151997 -0.00337089  -0.0109346   -0.527251 -1.6978e-06    0.852708
   6.12322  -0.0036505 -0.00283826  -0.0114672   -0.518584 -0.00341967    0.844285
   6.12884 -0.00258524   -0.001773  -0.0119999  -0.512358 -0.0103777   0.839281
   6.13307 -0.00205261   0.0014228  -0.0114672  -0.511748 -0.0166033   0.839403
   6.13875 7.79238e-05   0.0014228   -0.010402 -0.519194 -0.016237  0.844285
   6.14304 0.00274109 -0.0001751 -0.0125325  -0.529936 -0.0101335    0.85222
   6.14883 -0.00311787  -0.0001751  -0.0130651   -0.533476 -0.00549486    0.855028
   6.15306  -0.00791156 -0.000707732   -0.0125325   -0.528105 -0.00500658    0.850023
   6.15883  -0.00950946 -0.000707732  -0.00986935  -0.518584 -0.0104997     0.8416
   6.16317  -0.00418313 -0.000707732  -0.00827145  -0.510161 -0.0168474   0.835618
   6.16876  0.00220845 0.000890165 -0.00880408  -0.510893 -0.0169695   0.837205
   6.17303 7.79238e-05  0.00248806 -0.00880408  -0.520171 -0.0114763   0.846361
   6.17886 -0.00205261 0.000890165  -0.0109346   -0.529204 -0.00415209     0.85515
   6.18327 -0.00737893 0.000357532  -0.0114672   -0.532256 -0.00085619    0.856859
   6.18883  -0.0100421 -0.00124036  -0.0130651   -0.527739 -0.00476244    0.850145
   6.19309 -0.00897682 -0.00230563  -0.0119999  -0.518828 -0.0135515   0.841112
   6.19883  -0.00631366 -0.000707732  -0.00773882  -0.512724 -0.0217302   0.836473
   6.20309  0.00220845  -0.0001751 -0.00827145  -0.513945 -0.0225847   0.838426
   6.20884 0.00593688 -0.0001751  -0.010402  -0.521758 -0.0147722   0.846117
   6.21302 7.79238e-05  -0.0001751 -0.00880408    -0.52896 -0.00476244    0.853197
   6.21884   -0.0068463 -0.000707732  -0.00827145    -0.52957 0.000730724    0.854295
    6.2232 -0.00737893 -0.00124036  -0.0119999   -0.523955 -0.00110033     0.84868
   6.22874  -0.00737893 -0.000707732   -0.0119999  -0.515288 -0.0090349   0.841356
   6.23302  -0.0052484 0.000357532   -0.010402  -0.511748 -0.0170915   0.839159
   6.23884 0.000610555 0.000890165   -0.010402  -0.516631 -0.0205095   0.842577
   6.24303 0.000610555 0.000890165 -0.00933672  -0.525908 -0.0157488   0.848802
   6.24883 -0.00205261  -0.0001751 -0.00986935   -0.532744 -0.00708178    0.854661
   6.25295 -0.00258524 -0.00337089  -0.0114672   -0.530791 -0.00305346    0.853563
   6.25879 -0.00258524 -0.00550142  -0.0119999   -0.521758 -0.00549486    0.844774
   6.26289 -0.00151997   -0.001773   -0.010402  -0.513213 -0.0130632   0.837327
   6.26883 -0.000454709   0.00195543  -0.00880408 -0.510161 -0.017824  0.835252
   6.27312 -0.00258524   0.0014228 -0.00986935  -0.520415 -0.0118425    0.84514
   6.27886 -0.00471577 0.000890165  -0.0109346   -0.530669 -0.00586107    0.855028
   6.28339 -0.00418313   -0.001773  -0.0125325 -0.529936 -0.005739  0.852342
    6.2888  -0.0036505 -0.00443616  -0.0141304   -0.529204 -0.00561693    0.849657
     6.293 -0.00258524 -0.00283826  -0.0125325  -0.520171 -0.0137956   0.842943
   6.29883 -0.00151997 -0.00124036  -0.0109346  -0.511138 -0.0219744   0.836229
   6.30299 -0.00205261 0.000890165 -0.00720619  -0.516875 -0.0198992   0.841478
   6.30883 -0.00258524  0.00302069 -0.00347776 -0.522612 -0.017824  0.846727
   6.31326 -0.00258524  0.00195543 -0.00614092   -0.526152 -0.00915697    0.850633
   6.31875 -0.00258524 0.000890165 -0.00880408    -0.529692 -0.000489979     0.854539
   6.32292 -0.00205261 0.000890165  -0.0114672   -0.522124 -0.00317553    0.848314
   6.32884 -0.00151997 0.000890165  -0.0141304   -0.514556 -0.00586107    0.842088
   6.33318 -0.000987342  0.000357532   -0.0119999   -0.514556 -0.00976732    0.841722
    6.3387 -0.000454709   -0.0001751  -0.00986935  -0.514556 -0.0136736   0.841356
   6.34296 -0.00471577 0.000357532 -0.00933672   -0.524077 -0.00940111    0.848558
   6.34883 -0.00897682 0.000890165 -0.00880408   -0.533598 -0.00512865     0.85576
   6.35309 -0.00844419 -0.00124036  -0.0109346  -0.527373 -0.0078142   0.850389
   6.35884 -0.00791156 -0.00337089  -0.0130651  -0.521147 -0.0104997   0.845018
   6.36295 -0.00205261 -0.00230563  -0.0125325  -0.515532 -0.0168474   0.840501
   6.36884  0.00380635 -0.00124036  -0.0119999  -0.509917 -0.0231951   0.835985
   6.37297  0.00220845 0.000357533 -0.00986935  -0.517973 -0.0158708    0.84453
   6.37886 0.000610556  0.00195543 -0.00773882    -0.52603 -0.00854662    0.853075
   6.38344 -0.00418313   0.0014228 -0.00986935   -0.527983 -0.00305346    0.853807
   6.38877 -0.00897682 0.000890165  -0.0119999  -0.529936 0.00243971   0.854539
   6.39306 -0.00631366 0.000357532  -0.0125325   -0.520903 -0.00671557    0.846483
   6.39884 -0.0036505 -0.0001751 -0.0130651   -0.51187 -0.0158708   0.838426
   6.40315  -0.0036505 0.000890165  -0.0109346  -0.515288 -0.0170915   0.839647
   6.40884  -0.0036505  0.00195543 -0.00880408  -0.518706 -0.0183122   0.840868
   6.41299 -0.00098734 0.000357533  -0.0114672  -0.526396 -0.0119646   0.849046
   6.41883  0.00167582 -0.00124036  -0.0141304   -0.534087 -0.00561693    0.857225
   6.42307 -0.00151997 -0.00230563  -0.0125325   -0.526396 -0.00708178    0.849901
   6.42883 -0.00471577 -0.00337089  -0.0109346   -0.518706 -0.00854662    0.842577
   6.43318 -0.00258524 -0.00124036  -0.0109346  -0.515166 -0.0139177   0.840501
   6.43873 -0.000454709  0.000890165   -0.0109346  -0.511626 -0.0192888   0.838426
   6.44309 0.000610556 0.000357532  -0.0114672 -0.521514 -0.012697  0.847093
   6.44884 0.00167582 -0.0001751 -0.0119999   -0.531401 -0.00610521     0.85576
   6.45314 -0.00737893 0.000357532  -0.0114672    -0.52896 -0.00378588     0.85222
   6.45884  -0.0164337 0.000890165  -0.0109346   -0.526518 -0.00146654     0.84868
   6.46306  -0.0111074 0.000357532 -0.00933672  -0.517973 -0.0115984   0.841722
   6.46879 -0.00578103  -0.0001751 -0.00773882  -0.509429 -0.0217302   0.834764
   6.47291 -0.00311787  0.00195543 -0.00827145  -0.515288 -0.0194109   0.840013
   6.47887  0.00167582  0.00302069 -0.00933672  -0.526763 -0.0113542   0.850877
   6.48323 7.79238e-05 0.000890165  -0.0114672   -0.532988 -0.00256517    0.856859
   6.48884 -0.00737893  -0.0001751  -0.0119999    -0.529448 -0.000367909     0.852708
   6.49335    -0.01164  -0.0001751 -0.00880408   -0.521147 -0.00512865    0.844408
   6.49884  -0.00737893 -0.000707732  -0.00827145  -0.516997 -0.0090349   0.840623
    6.5031  0.00114319 -0.00124036  -0.0125325  -0.515654 -0.0136736   0.840135
   6.50884 0.00540425 -0.0001751 -0.0157283  -0.514311 -0.0183122   0.839647
   6.51307 0.000610556   0.0014228  -0.0130651  -0.522734 -0.0130632   0.847215
   6.51884 -0.00897682   0.0014228 -0.00933672   -0.531889 -0.00586107    0.856248
   6.52315   -0.0105747 -0.000707732    -0.010402   -0.528105 -0.00525072    0.852464
   6.52872 -0.00791156 -0.00230563  -0.0119999   -0.523589 -0.00659349    0.847215
   6.53294  -0.00631366 -0.000175099  -0.00933672  -0.517241 -0.0122087   0.843797
   6.53883 -0.000454709   0.00195543  -0.00880408  -0.513457 -0.0175798   0.841722
   6.54314 -0.000454709   0.00248806  -0.00933672  -0.520781 -0.0129412   0.847093
   6.54884 -0.00737893  0.00248806 -0.00720619   -0.529204 -0.00488451    0.853929
   6.55321 -0.00950946 0.000890165 -0.00986935    -0.531279 -0.000612049     0.855028
   6.55884 -0.00844419 -0.00124036  -0.0125325  -0.524687 -0.0032976   0.848314
   6.56308 -0.00631366   -0.001773  -0.0109346  -0.515654 -0.0119646   0.840135
   6.56884 -0.00151997 0.000357533  -0.0109346  -0.510771 -0.0197771   0.836351
   6.57305 0.00540425 0.00195543 -0.0125325  -0.514067 -0.0197771   0.840013
   6.57886 0.00700214  0.0014228 -0.0125325  -0.523345 -0.0131853    0.84868
   6.58312 0.000610556 0.000890165  -0.0114672   -0.531157 -0.00525072    0.856493
   6.58869  -0.0052484 0.000357532  -0.0125325    -0.532744 -0.000245838     0.857225
    6.5929  -0.00844419 -0.000707732   -0.0135978   -0.525908 -0.00354174    0.848802
   6.59884  -0.00631366 -0.000707732   -0.0130651  -0.515776 -0.0129412   0.840013
   6.60337 -0.00258524   0.0014228  -0.0119999  -0.511382 -0.0202654   0.836961
   6.60884  -0.0052484  0.00355333 -0.00720619  -0.515044 -0.0207537    0.84099
   6.61316  -0.0036505  0.00248806 -0.00614092   -0.52603 -0.0145281   0.851366
   6.61866   0.00220845 -0.000707732   -0.0119999   -0.531889 -0.00586107    0.854784
   6.62298 -0.000987342  -0.00230563   -0.0141304   -0.52188 0.00146315   0.842577
   6.62884   -0.0111074 -0.000175099  -0.00933672   -0.516142 -0.00171068    0.841112
   6.63303    -0.01164  0.00248806 -0.00773882    -0.5231 -0.0145281   0.854784
   6.63884 -0.00205261  0.00302069  -0.0109346  -0.521636 -0.0205095   0.850755
   6.64322 0.00380635 0.00195543 -0.0114672 -0.521269 -0.019655  0.841722
   6.64878 0.000610556 0.000890165 -0.00933672 -0.521514 -0.010988  0.839036
   6.65291 -0.00631366 0.000357532  -0.0109346    -0.51834 -0.00110033    0.839403
   6.65884   -0.01164 -0.0001751 -0.0114672  -0.524077 -0.0012224   0.850877
   6.66322  -0.0132379 0.000357532 -0.00986935   -0.528227 -0.00793627    0.861375
   6.66884 -0.00844419 0.000890165 -0.00986935  -0.524077 -0.0145281   0.850999
   6.67299 -0.000987342    0.0014228  -0.00880408  -0.513823 -0.0162371   0.833299
   6.67886 7.79238e-05  0.00195543 -0.00720619  -0.520415 -0.0164812   0.840379
   6.68334  -0.0052484 0.000890165 -0.00773882  -0.520049 -0.0101335   0.841356
   6.68872 -0.00631366 0.000357532  -0.0119999   -0.510893 -0.00280931    0.837572
   6.69299  -0.0111074 0.000357532   -0.010402   -0.527373 -0.00512865    0.859422
   6.69884  -0.0105747 0.000357532   -0.010402  -0.533843 -0.0101335   0.866258
   6.70318 7.79238e-05   0.0014228  -0.0141304 -0.523345 -0.012697  0.843675
   6.70884 0.000610556  0.00248806  -0.0109346  -0.518706 -0.0155046   0.833177
   6.71311 -0.00258524  0.00195543 -0.00827145  -0.521636 -0.0172136   0.842699
   6.71884 -0.00205261 -0.00124036 -0.00986935   -0.52188 -0.0135515   0.846727
   6.72299 -0.000454709  -0.00283826   -0.0109346   -0.519438 -0.00866869    0.848314
   6.72884  -0.00311787 -0.000707732  -0.00986935   -0.521147 -0.00561693    0.851243
   6.73332 -0.00471577 0.000890165  -0.0109346   -0.519805 -0.00415209    0.846971
   6.73864 -0.00418313   0.0014228  -0.0130651   -0.518584 -0.00769213      0.8416
   6.74306 -0.0052484  0.0014228 -0.0109346  -0.521391 -0.0135515   0.844285
   6.74884 -0.00471577  0.00195543 -0.00933672  -0.525054 -0.0155046   0.850145
   6.75322 -0.00418313 0.000890165  -0.0109346  -0.525786 -0.0120867   0.851732
   6.75884 -0.00578103 -0.00124036  -0.0114672   -0.523955 -0.00695971    0.850145
   6.76324 -0.00631366  -0.0001751  -0.0114672   -0.521514 -0.00671556    0.846117
   6.76884 -0.00151997 0.000357532  -0.0119999  -0.516997 -0.0118425   0.840013
   6.77312 0.00114319  0.0014228  -0.010402  -0.513457 -0.0156267   0.835985
   6.77886 0.00327372 0.00355333 -0.0109346   -0.51541 -0.0156267   0.840135
   6.78329 0.00327372 0.00302069 -0.0119999  -0.524443 -0.0112322   0.851488
   6.78875 -0.00311787   0.0014228  -0.0114672   -0.531523 -0.00488451    0.859056
   6.79292 -0.00950946 0.000357532  -0.0119999   -0.530058 -0.00097826    0.855272
   6.79884   -0.0132379 -0.000707732   -0.0119999  -0.522612 -0.0032976   0.845262
   6.80303  -0.0111074 -0.00124036  -0.0119999 -0.517973 -0.014406    0.8416
   6.80884 -0.00418313 -0.00124036   -0.010402 -0.510771 -0.021364  0.832811
   6.81314  0.00167582 0.000890165 -0.00986935  -0.502715 -0.0177019   0.826341
   6.81884  0.00114319  0.00248806 -0.00986935  -0.522856 -0.0124529   0.854661
   6.82318 -0.00258524  0.00195543  -0.0109346   -0.543974 -0.00500658    0.880907
   6.82865  -0.0036505 0.000890165  -0.0130651  -0.534087 0.00280592   0.862352
   6.83296 -0.0052484 -0.0001751 -0.0119999    -0.520293 -0.000123768     0.839036
   6.83884  -0.0100421  0.00195543 -0.00933672  -0.506987 -0.0101335   0.827562
    6.8431  -0.0105747  0.00461859 -0.00933672  -0.495513 -0.0192888   0.818773
   6.84884  -0.0036505  0.00568386 -0.00986935  -0.514433 -0.0258806    0.84453
   6.85303 0.00167582 0.00461859 -0.0109346 -0.541533 -0.019655  0.875413
   6.85884 0.000610555   0.0014228  -0.0135978   -0.542876 -0.00232103    0.864671
   6.86307  -0.0127053 0.000357532 -0.00773882  -0.533476 0.00585768   0.844408
   6.86884  -0.0190968   -0.001773 -0.00454303   -0.523589 -0.00464037    0.839647
   6.87321 -0.00791156 -0.00390353 -0.00933672  -0.510771 -0.0200212   0.835008
   6.87887  0.00274108 -0.00230563  -0.0109346  -0.506865 -0.0271013    0.83513
    6.8833  0.00380635 0.000890165   -0.010402  -0.504424 -0.0180681    0.83159
   6.88884 0.00327372 0.00195543 -0.0119999   -0.515288 -0.00366381    0.841356
   6.89323 -0.00151997 0.000890165  -0.0119999   -0.546172 0.000364513     0.87346
   6.89884  -0.0105747 0.000357532  -0.0109346   -0.549346 -0.00085619    0.873704
   6.90311  -0.0121726 -0.00124036 -0.00986935   -0.525054 -0.00622728    0.842577
   6.90874 -0.00791156 -0.00230563 -0.00720619  -0.506987 -0.0175798   0.826463
   6.91301 -0.00151997 0.000357532 -0.00933672  -0.503203 -0.0262468   0.829149
   6.91887 0.00433898 0.00248806 -0.0130651  -0.510283 -0.0223406   0.838304
   6.92315  0.00646951 0.000890165  -0.0130651   -0.526763 -0.00964525    0.855882
   6.92887   -0.0036505 -0.000707732  -0.00986935  -0.535674 0.00500319   0.860887
   6.93308  -0.0111074 -0.00230563 -0.00986935  -0.531889 0.00707838   0.854417
   6.93887  -0.0105747 -0.00337089  -0.0130651   -0.521758 -0.00610521     0.84514
   6.94303 -0.00684629 -0.00230563  -0.0135978  -0.502593 -0.0163591   0.829881
   6.94876 -0.00098734   0.0014228  -0.0125325  -0.506133 -0.0228288   0.837938
   6.95295 0.000610556  0.00355333   -0.010402  -0.526763 -0.0217302   0.859422
   6.95887 -0.00151997  0.00302069 -0.00986935   -0.532622 -0.00952318    0.857347
    6.9631  -0.0036505 0.000890165   -0.010402   -0.532134 -0.00085619    0.848436
   6.96887  -0.00578103 -0.000707732  -0.00880408   -0.528349 -0.00195482    0.846727
   6.97302 -0.00791156 0.000357532 -0.00773882   -0.517607 -0.00830248    0.838426
   6.97889 -0.00418313   0.0014228 -0.00880408  -0.509551 -0.0170915   0.833787
   6.98338 0.00220845 0.00195543 -0.0109346  -0.514678 -0.0205095   0.842577
   6.98869 0.00487161  0.0014228 -0.0135978 -0.523589 -0.012697  0.848924
   6.99304 7.79238e-05 0.000357532  -0.0141304  -0.533476 -0.0032976   0.854295
   6.99887 -0.00950946 -0.00124036  -0.0130651   -0.530303 0.000242443     0.84807
   7.00318  -0.0111074 -0.00337089  -0.0130651   -0.516509 -0.00659349    0.838792
   7.00887 -0.00631366 -0.00283826   -0.010402  -0.518218 -0.0192888    0.84868
   7.01308 -0.00151997  -0.0001751 -0.00773882 -0.517607 -0.023073  0.850877
   7.01887 0.000610556  0.00302069 -0.00773882  -0.514678 -0.0167253   0.841356
   7.02309 -0.00205261  0.00461859 -0.00773882   -0.524077 -0.00842455    0.846361
   7.02887 -0.00737893  0.00408596 -0.00827145   -0.531035 -0.00207689    0.854661
   7.03321 -0.00950946  0.00195543  -0.0114672   -0.524443 0.000364513    0.846361
   7.03868  -0.0068463 -0.00124036  -0.0125325    -0.51541 -0.00622728    0.841966
   7.04308 -0.00418313 -0.00124036   -0.010402  -0.513579 -0.0159929   0.843675
   7.04887 -0.000454707    0.0014228   -0.0114672  -0.516875 -0.0190447   0.845384
   7.05306 7.79238e-05  0.00248806  -0.0125325  -0.524443 -0.0158708   0.847215
   7.05887  -0.0036505 0.000890165  -0.0109346   -0.524199 -0.00598314    0.841356
   7.06316  -0.0111074 0.000357532 -0.00880408  -0.527007 -0.0012224   0.851488
   7.06887  -0.0143031  0.00195543 -0.00933672   -0.530425 -0.00403002    0.864305
   7.07314 -0.0132379 0.00302069 -0.0114672    -0.51895 -0.00390795    0.842577
   7.07889 -0.0153684 0.00195543 -0.0141304   -0.505644 -0.00537279    0.820604
   7.08334 -0.0100421  0.0014228 -0.0157283  -0.510161 -0.0111101   0.835863
    7.0888 -0.00897682  0.00195543  -0.0135978   -0.52896 -0.0106218   0.854661
   7.09302  -0.00844419 -0.000707732   -0.0162609   -0.534941 -0.00793627    0.852952
    7.0988 -0.00311787 -0.00603405  -0.0189241  -0.538115 -0.0145281   0.854173
   7.10297 -0.00737893 -0.00869722  -0.0135978  -0.537627 -0.0260027   0.851732
   7.10887 0.00167582 -0.0102951 -0.0109346   -0.51956 -0.0332048   0.843553
   7.11315   0.0165895 -0.00976248 -0.00933672   -0.51126 -0.0321062   0.845384
   7.11874   0.0149916 -0.00496879 -0.00454303  -0.509917 -0.0251482   0.845384
   7.12314  0.0123285  0.0014228 -0.0024125   -0.494536 -0.00964525    0.838304
   7.12887  0.0101979 0.00781438 -0.0008146  -0.504546 0.00317213   0.858568
   7.13316 -0.000987342    0.0147386   -0.0024125  -0.529936 0.00854322   0.875658
   7.13887  -0.0121726   0.0195323 -0.00614092 -0.521514 0.0145247  0.852952
   7.14297 -0.0127053  0.0200649  -0.010402  -0.514189 0.00732252   0.838182
   7.14887 -0.00897682   0.0189997  -0.0141304    -0.51602 -0.00732592    0.830736
    7.1532 -0.00897682   0.0158039  -0.0135978 -0.517241 -0.017824  0.825487
   7.15879 -0.00897682   0.0110102  -0.0114672 -0.537871 -0.024782  0.841844
   7.16287 -0.0068463 0.00355333  -0.010402  -0.558257 -0.0225847   0.856493
   7.16887  -0.0052484 -0.00763195  -0.0114672  -0.556304 -0.0136736   0.848192
   7.17308 -0.00151997  -0.0172193  -0.0130651   -0.534331 -0.00720385    0.829759
   7.17889 0.00220845 -0.0204151 -0.0135978  -0.519072 -0.0104997   0.827684
   7.18317 0.00114319 -0.0193499  -0.010402  -0.513457 -0.0137956   0.841844
   7.18887  0.00220845  -0.0166867 -0.00986935  -0.505766 -0.0102556   0.849901
   7.19312 -0.000987342   -0.0124256   -0.0119999   -0.511015 -0.00403002    0.859422
   7.19887 -0.00737893 -0.00763195   -0.014663  -0.513213 0.00268385   0.860399
   7.20299  -0.0100421 -0.00230563  -0.0173262  -0.504912 0.00268385   0.848192
   7.20887   -0.01164 0.00302069 -0.0162609   -0.511138 -0.00927904     0.85222
   7.21326 -0.00844419  0.00834702  -0.0135978  -0.518462 -0.0250261    0.85991
   7.21882 -0.00471577   0.0136733 -0.00933672  -0.513701 -0.0316179   0.848802
   7.22294  -0.0036505   0.0168691 -0.00347776  -0.513091 -0.0257585   0.838182
   7.22887 -0.000454709    0.0158039  -0.00294513  -0.526396 -0.0156267   0.846849
    7.2332  0.00114319   0.0115428 -0.00507566    -0.53958 -0.00525072    0.854906
   7.23887 -0.00737893  0.00834702 -0.00401039 -0.528594 0.0045149  0.836961
   7.24319 -0.00897682  0.00408596 -0.00827145  -0.519194 0.00427076    0.82866
   7.24876  -0.0052484 0.000890165  -0.0125325   -0.527617 -0.00500658    0.843797
   7.25306   -0.0036505 -0.000707732   -0.0130651   -0.523711 -0.00940111    0.843065
   7.25887  0.00167582 -0.00550142  -0.0167936   -0.52957 -0.0112322   0.845018
   7.26303 -0.000987342  -0.00976248   -0.0173262   -0.536894 -0.00830248    0.852586
   7.26887 -0.00631366  -0.0124256  -0.0167936   -0.531645 -0.00634935    0.852342
   7.27324 -0.00737893  -0.0129583  -0.0178588  -0.523833 -0.0134294    0.84453
   7.27889  -0.0052484 -0.00976248  -0.0135978  -0.503081 -0.0185564    0.83513
   7.28329 -0.000454707  -0.00390353  -0.00933672  -0.507109 -0.0227068   0.844163
    7.2888 -0.00098734  0.00248806 -0.00720619  -0.509917 -0.0167253   0.850877
   7.29306 -0.000454709   0.00515122  -0.00933672  -0.513091 -0.0078142   0.851976
   7.29887 -0.00737893  0.00674912 -0.00667355   -0.525664 -0.00280931    0.859178
   7.30321  -0.0143031  0.00887965 -0.00614092   -0.523833 0.000120373    0.857591
   7.30874 -0.0121726 0.00781438 -0.0109346    -0.52188 -0.00476244    0.846483
   7.31301 -0.0111074 0.00781438  -0.010402  -0.514922 -0.0133074   0.837327
   7.31887 -0.00844419  0.00941228 -0.00880408  -0.514433 -0.0200212   0.833543
   7.32318 -0.000454709   0.00621649  -0.00773882  -0.522368 -0.0201433   0.840257
   7.32882  0.00327372  0.00195543 -0.00827145  -0.532378 -0.0130632   0.848314
   7.33309  -0.0036505  -0.0001751 -0.00827145   -0.537261 -0.00293139    0.850755
   7.33887 -0.00791156 -0.00390353  -0.0114672   -0.535185 0.000852794    0.849412
   7.34315 -0.00737893 -0.00709932   -0.014663   -0.524809 -0.00317553    0.843065
   7.34887 -0.00737893 -0.00603405  -0.0125325  -0.514067 -0.0120867   0.837694
   7.35312  -0.0052484 -0.00337089   -0.010402  -0.508208 -0.0173357   0.835863
   7.35887 -0.000454709  -0.00283826   -0.0109346 -0.511138 -0.017824  0.842821
   7.36309 -0.00205261 -0.00124036   -0.010402  -0.523711 -0.0133074   0.856493
   7.36876 -0.00471577  -0.0001751  -0.0114672   -0.532378 -0.00586107    0.864305
   7.37296  -0.00897682 -0.000707732    -0.010402   -0.529326 -0.00366381    0.858446
   7.37889  -0.0105747 0.000357532 -0.00827145   -0.517851 -0.00818041    0.845872
   7.38331  -0.0036505  0.00195543 -0.00986935  -0.509306 -0.0163591   0.836351
   7.38887 0.00380635 0.00408596  -0.010402 -0.507475 -0.021364  0.836107
   7.39309  0.00167582  0.00674912 -0.00720619   -0.51541 -0.0184343   0.842454
   7.39887  -0.0036505  0.00728175 -0.00667355   -0.521147 -0.00818041    0.843187
   7.40317  -0.0036505  0.00568386 -0.00933672  -0.527739 0.00146315   0.851732
   7.40887 -0.00631366  0.00355333  -0.0119999   -0.552886 0.000608654    0.867967
   7.41307  -0.0137705 -0.00124036 -0.00986935    -0.5325 -0.0032976   0.831956
   7.41871 -0.00791156 -0.00603405  -0.0125325  -0.513091 -0.0112322   0.808275
   7.42318  -0.0132379 -0.00550142  -0.0024125  -0.551299 -0.0181902   0.832201
   7.42887 -0.0206947  -0.011893 0.00557699  -0.543242 -0.0133074   0.842821
   7.43304 -0.00258524  -0.0273393  -0.0119999 -0.529448 -0.012697  0.845506
   7.43888 7.79219e-05  -0.0363941  -0.0167936  -0.538115 -0.0101335   0.850145
   7.44321 -0.00205261  -0.0390573  -0.0173262   -0.523223 -0.00427416    0.856126
   7.44887 -0.00258524  -0.0353288  -0.0178588   -0.506255 -0.00720385    0.853197
   7.45301 -0.00578103  -0.0268067  -0.0141304  -0.491484 -0.0134294   0.850755
   7.45887 7.79238e-05   -0.017752  -0.0141304  -0.485259 -0.0163591   0.854661
   7.46312 0.000610556 -0.00816458  -0.0125325  -0.494658 -0.0180681   0.863328
   7.46878  -0.0052484  0.00195543 -0.00880408  -0.502837 -0.0156267   0.865526
   7.47295 -0.00471577   0.0120754 -0.00880408   -0.510893 -0.00927904    0.864793
   7.47889 -0.00631366   0.0205976 -0.00720619   -0.521269 -0.00830248    0.860887
    7.4834 -0.00684629    0.024326 -0.00347776  -0.517729 -0.0113542   0.843553
   7.48887 -0.00311787   0.0248586 -0.00134723  -0.516509 -0.0163591   0.829637
   7.49332 -0.0052484   0.024326 0.00184856  -0.524077 -0.0184343   0.828172
   7.49887  -0.00418314    0.0179344 -0.000281967  -0.533476 -0.0125749   0.833055
   7.50323 7.79238e-05  0.00621649 -0.00667355   -0.544707 -0.00268724    0.839159
   7.50887 -0.000454707  -0.00496879   -0.0125325  -0.548857 0.00585768   0.842088
   7.51322 -0.0052484 -0.0134909 -0.0183915   -0.54251 0.00878736   0.842577
   7.51887 -0.00897682  -0.0193499  -0.0237178  -0.526152 0.00268385   0.840745
   7.52309 -0.00791156  -0.0198825  -0.0237178   -0.51187 -0.0117204   0.845018
   7.52887 -0.0052484 -0.0161541 -0.0194567  -0.506743 -0.0239275   0.849779
    7.5331 -0.00258524  -0.0113604  -0.0173262  -0.507353 -0.0253923   0.852464
   7.53882  -0.0036505 -0.00443616  -0.0141304   -0.51248 -0.0201433   0.861619
   7.54309 -0.0052484 0.00408596 -0.0109346  -0.514067 -0.0141619   0.864427
   7.54877 -0.00631366   0.0115428 -0.00880408  -0.508086 -0.0142839   0.857835
     7.553 -0.00471577    0.018467 -0.00560829  -0.498442 -0.0191667   0.847826
   7.55887  0.00274109   0.0259239 -0.00294513  -0.499297 -0.0212419   0.844408
   7.56325 0.00380635  0.0307176 -0.0008146  -0.514067 -0.0152605   0.851488
   7.56887 0.000610556   0.0317828 -0.00401039   -0.527983 -0.00317553     0.85869
     7.573 -0.00737893   0.0291197 -0.00720619   -0.533476 0.000608654    0.857347
   7.57889  -0.0132379   0.0232607 -0.00827145   -0.527739 -0.00659349    0.845384
   7.58327 -0.0036505  0.0189997 -0.0119999  -0.523345 -0.0119646   0.829393
   7.58861 0.00593688  0.0168691 -0.0119999   -0.529204 -0.00988939    0.827196
   7.59306  0.00274108   0.0147386 -0.00880408   -0.530791 -0.00818041    0.835496
   7.59887 -0.00311787   0.0104775 -0.00720619    -0.5325 -0.0078142   0.836961
   7.60343  -0.0052484  0.00461859 -0.00720619   -0.543974 -0.00085619    0.841844
   7.60887 -0.00950946 -0.00390352 -0.00880408  -0.551543 0.00878736   0.848192
   7.61312 -0.0121726 -0.0161541 -0.0199894  -0.531645 0.00720045   0.834886
   7.61887 -0.00897683  -0.0225457  -0.0242504   -0.512236 -0.00769213    0.823045
     7.623 -0.00578103   -0.022013  -0.0178588   -0.51956 -0.0242937   0.846727
   7.62887 -0.00631366  -0.0166867  -0.0173262  -0.514922 -0.0292986   0.854051
   7.63328 -0.00205261   -0.011893  -0.0167936  -0.505034 -0.0207537   0.843187
   7.63876 0.00114319 -0.0108277 -0.0141304  -0.515166 -0.0117204   0.859788
   7.64296  -0.0036505 -0.00763195   -0.010402   -0.519438 -0.00842455    0.874193
   7.64887  -0.0100421 0.000357533 -0.00667355  -0.509062 -0.0104997   0.865404
   7.65315 -0.00578103  0.00941228 -0.00827145   -0.50125 -0.0135515   0.850877
   7.65887  0.00220845   0.0158039 -0.00880408  -0.504302 -0.0147722    0.84514
   7.66324 -0.00098734   0.0216628 -0.00294513   -0.51248 -0.0148943   0.841966
   7.66887 -0.00258524   0.0237934  -0.0024125  -0.523467 -0.0113542   0.843187
   7.67312 -0.00311787   0.0200649 -0.00560829   -0.539092 -0.00671556    0.851243
   7.67889 -0.00471577   0.0131407 -0.00880408   -0.544341 -0.00341967    0.849535
   7.68328 -0.00151997  0.00568386  -0.0119999   -0.537261 -0.00488451    0.836595
   7.68883 7.79238e-05 0.000357533  -0.0114672  -0.530791 -0.0106218    0.82866
   7.69288 -0.00205261 -0.00337089 -0.00986935  -0.526518 -0.0134294   0.828294
   7.69874  0.00274109 -0.00816458  -0.0130651  -0.526518 -0.0124529   0.834032
   7.70297 0.00327372 -0.0124256  -0.014663   -0.530181 -0.00866869    0.845262
   7.70887 -0.00578103  -0.0150888  -0.0130651   -0.530303 -0.00366381    0.855028
   7.71314 -0.0105747 -0.0161541 -0.0151957   -0.526152 -0.00354174    0.856248
   7.71887 -0.00950946  -0.0145562  -0.0167936   -0.517729 -0.00805834    0.850755
   7.72322 -0.00471577 -0.00976248  -0.0162609  -0.505644 -0.0131853   0.840135
   7.72881  0.00167582 -0.00496879  -0.0125325  -0.510527 -0.0206316   0.853807
   7.73301 0.000610556  -0.0001751 -0.00827145  -0.511015 -0.0191667    0.85161
   7.73887 -0.00205261  0.00461859 -0.00720619    -0.49478 -0.00793627    0.835985
    7.7431 -0.00737893  0.00887965 -0.00507566  -0.528349 -0.0111101   0.863206
   7.74887    -0.01164   0.0126081 -0.00560829   -0.524932 -0.00403002    0.859666
   7.75324 -0.00151997   0.0110102   -0.014663    -0.51895 -0.00586107    0.842577
   7.75887 -0.00471577  0.00941228 -0.00933672  -0.524687 -0.0169695   0.839281
   7.76306  -0.0036505   0.0110102 -0.00560829  -0.510527 -0.0153826   0.835741
   7.76887 -0.00151997  0.00941228 -0.00720619  -0.533598 -0.0157488   0.844163
   7.77318 -0.00205261  0.00355333 -0.00773882   -0.533965 -0.00842455    0.849901
   7.77889 0.000610555 -0.00283826  -0.0135978    -0.53311 0.000852794    0.844896
   7.78339 -0.00631366 -0.00656669  -0.0125325  -0.537505 -0.0012224   0.849168
   7.78869 -0.00737893 -0.00709932  -0.0135978  -0.529204 -0.0090349   0.844285
   7.79295 -0.00258524 -0.00656669   -0.014663  -0.514922 -0.0120867   0.828783
   7.79887  0.00167582 -0.00656669   -0.014663   -0.51248 -0.0195329   0.835374
   7.80311  0.00167582 -0.00496879  -0.0125325  -0.516142 -0.0208757   0.846605
   7.80881 0.000610555 -0.00283826  -0.0114672  -0.522734 -0.0133074   0.857347
   7.81295  -0.0036505 -0.00230563  -0.0109346   -0.525054 -0.00403002    0.859422
   7.81887 -0.00578103 -0.00230563  -0.0119999   -0.520659 -0.00280931     0.85161
   7.82315  -0.00737893 -0.000707732   -0.0114672   -0.510771 -0.00793627    0.841356
   7.82887 -0.00471577  0.00302069  -0.0114672  -0.506743 -0.0142839   0.840623
   7.83307 -0.0052484 0.00728175 -0.0114672  -0.517119 -0.0202654   0.848192
   7.83887 -0.00578103  0.00887965 -0.00773882  -0.519682 -0.0173357   0.848192
   7.84329  -0.0036505  0.00728175 -0.00560829  -0.530425 -0.0117204   0.853563
    7.8487 -0.00471577  0.00461859 -0.00720619   -0.535552 -0.00695971    0.854417
   7.85304 -0.00151997  0.00195543  -0.0109346   -0.524565 -0.00415209    0.839281
   7.85887 -0.00151997 0.000357532   -0.010402  -0.519072 -0.0078142   0.835741
   7.86332 -0.00151997  -0.0001751   -0.010402  -0.515166 -0.0130632   0.836595
   7.86888 -0.00258524 0.000357532 -0.00773882  -0.515532 -0.0131853   0.838182
   7.87333   -0.0052484 -0.000707732  -0.00614092   -0.524931 -0.00866869    0.848314
    7.8789 -0.00418313 -0.00390353  -0.0119999   -0.532256 -0.00390795    0.856248
   7.88354  -0.0036505 -0.00603405  -0.0167936   -0.532378 -0.00280931    0.857591
   7.88887 -0.00631366 -0.00603405  -0.0173262   -0.524809 -0.00891283    0.849901
   7.89341 -0.00631366 -0.00443616  -0.0130651  -0.511138 -0.0177019   0.837083
   7.89875 7.79238e-05 -0.00230563   -0.010402  -0.506255 -0.0229509   0.835374
   7.90304  0.00380635 0.000890165  -0.0109346 -0.515044 -0.014406  0.848314
    7.9089 0.00380635 0.00302069 -0.0109346   -0.521636 -0.00464037    0.857713
    7.9131 -0.00205261  0.00408596  -0.0114672    -0.524077 -0.000123768     0.854173
    7.9189 -0.00791156  0.00515122  -0.0119999  -0.526518 0.00439283   0.850633
   7.92332 -0.00791156  0.00515122  -0.0114672    -0.523345 -0.000123768     0.845262
    7.9288 -0.00791156  0.00515122  -0.0109346  -0.517363 -0.0112322    0.83745
    7.9332 -0.00418313  0.00568386  -0.0114672  -0.515044 -0.0211199   0.835741
   7.93878 -0.000454709   0.00621649   -0.0119999 -0.522734 -0.023073    0.8416
   7.94301 -0.0036505 0.00195543 -0.0109346  -0.532988 -0.0120867   0.849412
    7.9489  -0.0068463 -0.00230563 -0.00986935   -0.53604 -0.0024431   0.852098
   7.95315 -0.00737893 -0.00283826 -0.00933672   -0.526885 -0.00561693    0.847215
    7.9589 -0.00791156 -0.00337089 -0.00880408   -0.517729 -0.00879076    0.842332
   7.96314 -0.00418313 -0.00283826 -0.00933672  -0.515166 -0.0133074   0.842577
    7.9689 -0.000454709  -0.00230563  -0.00986935 -0.512602 -0.017824  0.842821
   7.97311 -0.00258524   -0.001773   -0.010402   -0.51956 -0.0115984    0.84868
   7.97892 -0.00471577 -0.00124036  -0.0109346   -0.526518 -0.00537279    0.854539
   7.98339 -0.00844419  -0.0001751 -0.00827145   -0.522856 -0.00488451    0.849412
    7.9889  -0.0121726 0.000890165 -0.00560829   -0.519194 -0.00439623    0.844285
   7.99305 -0.00631366   0.0014228 -0.00720619  -0.514311 -0.0111101   0.840257
    7.9989 -0.000454709   0.00195543  -0.00880408 -0.509429 -0.017824  0.836229
   8.00328 -0.000987342   0.00355333  -0.00880408   -0.51956 -0.0153826   0.845994
    8.0089 -0.00151997  0.00515122 -0.00880408  -0.529692 -0.0129412    0.85576
   8.01312 -0.00151997  0.00302069  -0.0125325   -0.530547 -0.00708178    0.851243
    8.0188 -0.00151997 0.000890165  -0.0162609  -0.531401 -0.0012224   0.846727
   8.02309 0.000610555  -0.0001751  -0.0151957   -0.523955 -0.00842455    0.843187
    8.0289  0.00274108 -0.00124036  -0.0141304  -0.516509 -0.0156267   0.839647
   8.03316 -0.00471577   0.0014228 -0.00773882  -0.517607 -0.0152605   0.840868
    8.0389  -0.0121726  0.00408596 -0.00134723  -0.518706 -0.0148943   0.842088
   8.04305 -0.00631366 0.000357533 -0.00827145   -0.527251 -0.00879076    0.849412
    8.0489 -0.000454709  -0.00337089   -0.0151957   -0.535796 -0.00268724    0.856737
   8.05299 -0.00737893 -0.00283826  -0.0119999   -0.524199 -0.00561693    0.846361
   8.05883  -0.0143031 -0.00230563 -0.00880408   -0.512602 -0.00854662    0.835985
   8.06296 -0.00578103   -0.001773 -0.00933672 -0.510771 -0.014406  0.838182
    8.0689  0.00274108 -0.00124036 -0.00986935   -0.50894 -0.0202654   0.840379
   8.07311  0.00114319 0.000357533   -0.010402  -0.520171 -0.0136736   0.849168
   8.07892 -0.00258524 0.000890165  -0.0114672   -0.532866 -0.00427416    0.857103
    8.0835  -0.00737893 -0.000707732   -0.0125325   -0.527861 -0.00305346    0.850023
   8.08877  -0.0100421 -0.00124036  -0.0130651   -0.521391 -0.00464037    0.843797
   8.09304 -0.00844419 0.000357533   -0.010402  -0.517851 -0.0125749   0.842699
    8.0989  -0.0068463  0.00195543 -0.00773882  -0.514311 -0.0205095     0.8416
   8.10302 -0.000987342   0.00302069  -0.00933672  -0.519927 -0.0185564    0.84514
    8.1089 0.00540425 0.00195543 -0.0114672  -0.529204 -0.0130632   0.852708
   8.11326  7.79238e-05 -0.000707732  -0.00933672   -0.534575 -0.00659349    0.857469
    8.1189 -0.00578103 -0.00124036 -0.00667356   -0.536284 -0.00366381    0.858202
   8.12303  -0.0068463   -0.001773 -0.00720619 -0.524687 -0.005739  0.847703
    8.1289 -0.00418313 -0.00124036 -0.00986935 -0.511138 -0.010988  0.835496
   8.13323 7.79238e-05 0.000357532  -0.0119999 -0.511138 -0.014406  0.836107
    8.1389  0.00327372 0.000357532  -0.0125325   -0.51834 -0.0123308   0.842577
    8.1432   0.00114319 -0.000707732   -0.0119999    -0.52896 -0.00647142    0.852952
   8.14877  -0.0036505 -0.00124036  -0.0109346   -0.534331 -0.00293139    0.859178
   8.15304 -0.00791156 -0.00124036   -0.010402   -0.526274 -0.00439623    0.851488
    8.1589  -0.0121726 -0.00124036 -0.00986935   -0.518218 -0.00586107    0.843797
   8.16308  -0.00471577 -0.000707732   -0.0109346  -0.511748 -0.0130632   0.838426
    8.1689 -0.00151997  0.00248806 -0.00880408  -0.509184 -0.0195329   0.837327
   8.17316 -0.00418313  0.00568386 -0.00720619  -0.518584 -0.0145281   0.845872
   8.17893 -0.00311787  0.00461859 -0.00986935   -0.530058 -0.00683764    0.856981
   8.18331 -0.00737893  0.00248806 -0.00986935   -0.536772 -0.00183275    0.862962
   8.18879 -0.00950946   0.0014228  -0.0109346   -0.531035 -0.00317553    0.854051
   8.19306 -0.00737893 0.000890165  -0.0114672  -0.519805 -0.0106218   0.839159
    8.1989 -0.00311787 0.000357532  -0.0114672  -0.512724 -0.0180681   0.832811
   8.20317  0.00380635 0.000357532  -0.0130651  -0.511992 -0.0209978   0.834886
   8.20874 0.000610555  0.00195543 -0.00933672   -0.51834 -0.0164812   0.841844
   8.21303  -0.0036505   0.0014228 -0.00773882   -0.529448 -0.00805834    0.854539
    8.2189 -0.000454709    -0.001773   -0.0119999   -0.533965 -0.00110033    0.859056
   8.22324 -0.000454709  -0.00443616   -0.0157283   -0.527373 -1.6978e-06    0.851732
   8.22873 -0.00418314 -0.00390353  -0.0151957   -0.518218 -0.00634935    0.842821
   8.23328  -0.00897683 -0.000707732  -0.00986935  -0.511504 -0.0140398   0.837694
    8.2389  -0.0100421   0.0014228 -0.00667356   -0.51187 -0.0175798   0.839403
   8.24316 -0.00418313   0.0014228 -0.00933672  -0.519438 -0.0158708   0.846971
    8.2489 0.000610556 0.000890165  -0.0125325  -0.527617 -0.0100115   0.853929
   8.25307 -0.00258524 0.000890165  -0.0125325   -0.530303 -0.00622728    0.853929
    8.2589 -0.00471577 0.000357532  -0.0119999   -0.525664 -0.00891283    0.846971
    8.2632 -0.00311787 0.000890165  -0.0109346  -0.517607 -0.0148943   0.839647
   8.26875 -0.00098734  0.00248806 -0.00880408  -0.513335 -0.0181902   0.837572
   8.27291  0.00167582  0.00248806 -0.00667355  -0.516997 -0.0152605   0.843187
   8.27893  0.00114319  0.00195543 -0.00827145   -0.525786 -0.00793627    0.851854
   8.28337 -0.00205261 0.000357533  -0.0125325   -0.530181 0.000242443    0.854417
    8.2889 -0.00258524 -0.00337089  -0.0178588  -0.528227 0.00231764   0.851243
   8.29308  -0.0068463 -0.00443616  -0.0167936   -0.521758 -0.00378588    0.843919
    8.2989 -0.00950946 -0.00283826  -0.0114672  -0.514922 -0.0125749   0.837816
   8.30318  -0.00418314 -0.000707732   -0.0109346  -0.512969 -0.0190447   0.838548
    8.3089 -0.00418314  0.00195543 -0.00880408  -0.516631 -0.0203874   0.844285
   8.31308  -0.0036505  0.00195543 -0.00827145  -0.524443 -0.0147722   0.851732
    8.3189 -0.00418313 0.000890165 -0.00827145  -0.529692 -0.0078142    0.85576
   8.32323 -0.00791156 0.000357532 -0.00880408    -0.52603 -0.00476244    0.851854
    8.3289  -0.0068463 0.000357532   -0.010402   -0.517363 -0.00634935    0.844774
   8.33313 -0.00311787   0.0014228 -0.00986935  -0.512602 -0.0113542   0.840135
    8.3389 0.00327372 0.00302069 -0.0125325 -0.513213 -0.014406  0.840257
   8.34313 0.00167582 0.00461859 -0.0135978  -0.520659 -0.0130632   0.846361
    8.3489 -0.00578103  0.00408596 -0.00986935   -0.530058 -0.00879076     0.85283
   8.35324    -0.01164  0.00302069 -0.00773882   -0.532988 -0.00586107    0.853685
   8.35884  -0.0132379  0.00195543 -0.00933672   -0.527739 -0.00842455    0.847337
   8.36303 -0.00844419 0.000890165  -0.0109346  -0.518828 -0.0142839    0.83806
    8.3689 -0.000987342    0.0014228   -0.0109346  -0.512724 -0.0177019   0.833543
   8.37319 0.00274109 0.00248806  -0.010402  -0.515532 -0.0170915   0.838792
   8.37892  0.00114319  0.00355333 -0.00933672 -0.524809 -0.010866  0.849168
   8.38349 -0.00418313  0.00195543 -0.00880408   -0.531889 -0.00232103    0.856004
   8.38872     -0.01164 -0.000707732  -0.00933672   -0.532866 0.000364513     0.85576
   8.39311  -0.0164337 -0.00124036 -0.00933672   -0.526763 -0.00415209    0.849046
    8.3989  -0.0105747 -0.00230563  -0.0125325  -0.517607 -0.0133074   0.839647
   8.40318 0.000610556 -0.00337089  -0.0157283  -0.510771 -0.0212419   0.835008
    8.4089 0.00274109  -0.001773 -0.0125325  -0.512236 -0.0224626   0.840501
   8.41329  0.00220845  -0.0001751 -0.00933672  -0.520903 -0.0173357   0.850267
   8.41877 -0.000987342  0.000357532  -0.00827145   -0.527739 -0.00842455    0.856981
   8.42302 7.79238e-05 -0.00124036  -0.0114672  -0.527617 -0.0012224   0.857469
   8.42891 -0.00151997 -0.00230563  -0.0125325    -0.520537 -0.000489979     0.850023
   8.43315 -0.00418313 0.000890165  -0.0119999    -0.51187 -0.00598314    0.840379
    8.4389 -0.00205261  0.00461859  -0.0135978  -0.509673 -0.0123308    0.83745
   8.44324 -0.00791156  0.00834702 -0.00880408  -0.515654 -0.0148943   0.841112
    8.4489  -0.0100421  0.00887965 -0.00667355   -0.52603 -0.0117204   0.849168
   8.45319 -0.0052484 0.00515122 -0.0119999   -0.534087 -0.00695971    0.854784
    8.4589  -0.00151997 -0.000707732   -0.0151957   -0.532744 -0.00586107    0.851366
   8.46309 -0.00578103 -0.00337089  -0.0114672   -0.524443 -0.00952318    0.843065
    8.4689 -0.00897683   -0.001773 -0.00720619  -0.515654 -0.0163591   0.835863
   8.47303 -0.00258524   -0.001773 -0.00773882  -0.512358 -0.0188005   0.835741
   8.47893  0.00220845   -0.001773 -0.00986935  -0.517485 -0.0148943   0.843675
   8.48335  0.00167582 -0.00124036  -0.0125325   -0.526396 -0.00708178    0.852952
   8.48885  -0.00631366 -0.000707732   -0.0125325    -0.531645 -0.000489979     0.857835
   8.49311    -0.01164 -0.00124036  -0.0130651   -0.528838 -0.00195482    0.854784
    8.4989 -0.00791156 -0.00230563  -0.0135978   -0.520537 -0.00915697    0.844774
   8.50343 -0.00631366 -0.00124036 -0.00986935  -0.513213 -0.0168474   0.837327
   8.50891 -0.00737893  0.00248806 -0.00773882  -0.511138 -0.0218523   0.837083
   8.51316 -0.00098734  0.00355333 -0.00880408   -0.51602 -0.0195329   0.843553
    8.5189  0.00380635 0.000890165 -0.00986935  -0.525542 -0.0102556   0.852586
   8.52309 -0.00205261 0.000357532 -0.00880408   -0.530913 -0.00195482    0.856248
   8.52884 -0.00844419 0.000890165 -0.00773882   -0.527129 0.000120373    0.852708
   8.53302  -0.0100421 0.000890165 -0.00933672   -0.519316 -0.00476244    0.844774
    8.5389 -0.00631366 0.000890165  -0.0114672  -0.513457 -0.0124529    0.83806
   8.54305 -0.00205261  0.00248806  -0.0125325  -0.513335 -0.0175798   0.838304
    8.5489 0.00274109 0.00195543 -0.0135978  -0.520171 -0.0168474   0.845018
   8.55319 -0.00151997 0.000890165  -0.0109346   -0.529204 -0.00988939     0.85222
    8.5589 -0.00737893 0.000357533 -0.00986935   -0.532378 -0.00476244    0.854173
   8.56315 -0.00791156   -0.001773  -0.0114672 -0.527007 -0.005739   0.84807
   8.56891 -0.00631366 -0.00124036   -0.010402 -0.517729 -0.010866  0.839036
   8.57315 -0.00311787 0.000890165 -0.00880408  -0.511382 -0.0163591   0.835863
   8.57893 -0.00631366  0.00355333  -0.0130651  -0.502104 -0.0207537   0.828905
   8.58316 0.00167582 0.00568386  -0.024783  -0.493437 -0.0130632   0.843675
   8.58885 0.00700214  0.0115428 -0.0253157   -0.516997 -0.00500658    0.883104
   8.59291  -0.0143031   0.0211302 -0.00773882 -0.528472 0.0045149  0.885545
    8.5989   -0.015901   0.0259239 -0.00880408 -0.512602 0.0124495  0.848558
    8.6035 -0.0121726  0.0296523 -0.0130651   -0.512236 -0.00610521    0.837327
    8.6089   -0.015901   0.0355113 -0.00827145  -0.506133 -0.0277117    0.84868
   8.61313 -0.00205261   0.0392397  -0.0109346  -0.505889 -0.0341814   0.842943
   8.61891 -0.000987342    0.0408376  -0.00614092  -0.518706 -0.0242937   0.840379
   8.62322 -0.00471577   0.0397723 -0.00667356   -0.524321 -0.00293139    0.843309
   8.62891 -0.00684629   0.0371092  -0.0125325  -0.53543 0.0140364  0.848192
   8.63313 -0.0127053  0.0339134 -0.0157283 -0.544829 0.0176985  0.847948
   8.63891 -0.0174989  0.0301849 -0.0178588 -0.526763 0.0117171  0.836107
   8.64315 -0.0196295   0.028587 -0.0194567   -0.519194 -0.00195482    0.836473
    8.6489 -0.0190968  0.0264565 -0.0210546  -0.532012 -0.0225847    0.85576
   8.65326 -0.00950946   0.0227281  -0.0311746  -0.518218 -0.0246599   0.841356
   8.65872  0.0096653  0.0221955 -0.0396968  -0.508086 -0.0145281    0.84453
   8.66322  0.0112632  0.0269891 -0.0349031  -0.528716 -0.0194109   0.871751
    8.6689 -0.00578103   0.0365765  -0.0189241  -0.509673 -0.0256365   0.856248
   8.67316 -0.00205261   0.0498923 -0.00667356  -0.486235 -0.0268572   0.840501
   8.67893 -0.00045471   0.0589471  0.00238119  -0.51956 -0.024782    0.8416
   8.68347 -0.0100421  0.0562839 0.00877278 -0.533843 -0.016237    0.8416
   8.68861 -0.00578103   0.0482944 0.000783297   -0.528594 -0.00110033    0.827684
   8.69317 -0.00737893    0.040305 -0.00827145 -0.541289 0.0125715   0.83098
   8.69894 -0.0105747  0.0317828 -0.0189241  -0.54959 0.0196516  0.844896
   8.70296 -0.0143031   0.024326 -0.0269136 -0.546172 0.0128157  0.843431
    8.7089 -0.0164337  0.0195323 -0.0285115  -0.537993 -0.0113542   0.843431
   8.71328 -0.0111074  0.0163365 -0.0242504  -0.530425 -0.0324724   0.842088
    8.7189 -0.0068463  0.0131407 -0.0130651  -0.534819 -0.0378435   0.841722
   8.72321 -0.00578103  0.00781438 -0.00401039  -0.548613 -0.0286882   0.847703
    8.7289   -0.0052484 -0.000707732   -0.0008146  -0.558623 -0.0211199   0.847459
   8.73312 -0.00258524 -0.00976248 0.000250665  -0.551909 -0.0218523   0.830858
    8.7389 0.00274109 -0.0188172 0.00291383 -0.537871 -0.024904  0.819261
   8.74324  0.0133937  -0.027872 0.00238119  -0.534575 -0.0261247   0.827806
   8.74891   0.0267095  -0.0358615 -0.00347776   -0.52957 -0.0146501   0.831834
   8.75309   0.0256443  -0.0411878 -0.00827145  -0.519805 0.00817701   0.834032
    8.7589 0.00860004 -0.0411878 -0.0130651 -0.513579 0.0292952  0.843553
   8.76317 -0.0105747 -0.0347962  -0.020522 -0.507353 0.0369856   0.85576
   8.76891 -0.0238905  -0.022013 -0.0295767 -0.495757  0.025511  0.864305
   8.77333  -0.0297495 -0.00496879   -0.030642   -0.480254 0.000120373    0.861986
   8.77893 -0.0297495   0.014206 -0.0226525  -0.475737 -0.0240495    0.86223
   8.78331 -0.0254884  0.0333807 -0.0162609  -0.486357 -0.0397966   0.870042
    8.7888 -0.0169663  0.0456313 -0.0130651  -0.503569 -0.0484636   0.872484
   8.79308 -0.00897683   0.0525555 -0.00667355  -0.518584 -0.0471208   0.864183
    8.7989 -0.00258524   0.0584144  -0.0008146  -0.525786 -0.0400408   0.854173
   8.80309 0.00646951   0.060545 0.00131593  -0.524931 -0.0341814   0.842454
   8.80885  0.0171222   0.060545 0.00397909 -0.519927 -0.024904  0.831468
   8.81299  0.0235137   0.060545 0.00451172  -0.524077 -0.0111101   0.835252
    8.8189  0.0187201  0.0589471 0.00291383  -0.535185 0.00268385   0.842332
   8.82311  0.00753478   0.0536208 0.000250665 -0.544951  0.009886  0.842577
    8.8289 -0.00151997    0.044566 -0.00187987  -0.551543 0.00976393   0.835618
   8.83323 -0.00205261    0.034446 -0.00560829  -0.554717 0.00756666   0.827074
    8.8389 -0.00578103   0.0237934 -0.00773882    -0.55435 0.000364513    0.821947
   8.84313  -0.0100421   0.0126081 -0.00667356  -0.550932 -0.0137956   0.818407
   8.84891 -0.00631366 0.000890165 -0.00507566  -0.549834 -0.0251482   0.819871
   8.85313   0.0171222 -0.00869722   0.0210233 -0.594878 0.0250227  0.841356
   8.85891 0.0698527 -0.001773  0.151518 -0.603179  0.124754  0.811204
   8.86328  0.040558 0.0195323  0.268165 -0.575591  0.212034  0.817552
   8.86883 -0.0627727  0.0307176   0.256979 -0.567046  0.262083  0.851243
   8.87302 -0.150657 0.0371092  0.231413 -0.526274  0.245238  0.807542
   8.87894 -0.201257 0.0536208  0.227152 -0.514433  0.173216  0.809129
   8.88355 -0.204985 0.0589471  0.253251 -0.547514  0.108885  0.829881
    8.8889  -0.21191 0.0456313  0.305449 -0.562529 0.0803206  0.815599
   8.89331 -0.225226 0.0216628   0.33794 -0.571806 0.0611555  0.805833
   8.89876   -0.236411 -0.00922985    0.350723 -0.597563 0.0462629  0.816209
   8.90307  -0.246531 -0.0347962   0.367234 -0.596953 0.0419905  0.823411
   8.90893  -0.243335 -0.0475794   0.391735 -0.575469 0.0491926  0.812059
   8.91312  -0.241737 -0.0486446   0.419965 -0.556548 0.0664046  0.810472
   8.91893  -0.263575 -0.0427857   0.447129 -0.547637 0.0860579   0.82036
   8.92313  -0.294468 -0.0342636   0.463641 -0.548125  0.100462  0.821214
   8.92893 -0.316306 -0.027872  0.479087 -0.552519  0.108641  0.823656
   8.93321   -0.33548 -0.0241436   0.504121 -0.55435 0.105833 0.830858
   8.93893   -0.35359 -0.0188172    0.53022 -0.553374 0.0981428  0.836595
    8.9431  -0.364775 -0.0124256   0.554721 -0.548613 0.0881331  0.837572
   8.94893   -0.374895 -0.00709932    0.573896 -0.539458 0.0729963  0.835863
   8.95339    -0.38608 -0.00603405    0.585081 -0.537871  0.056761  0.832201
    8.9588  -0.392472 -0.0102951   0.593603 -0.542754  0.044676  0.829149
   8.96305 -0.389809 -0.017752  0.599995 -0.548369 0.0400374  0.834642
   8.96893  -0.394603 -0.0241436   0.608517 -0.553862 0.0386946  0.838914
   8.97339  -0.398864 -0.0273393   0.615974 -0.547881  0.036009  0.833177
   8.97896  -0.395668 -0.0284046   0.614376 -0.535552 0.0257551  0.830736
   8.98339   -0.39407 -0.0262741   0.609049 -0.527495 0.0113508  0.834276
   8.98893  -0.396733 -0.0236109   0.606919   -0.523467 0.000974865    0.836961
    8.9932 -0.399929 -0.022013  0.604256   -0.525176 -0.00549486    0.841966
   8.99893  -0.398864 -0.0209478   0.598397   -0.532134 -0.00964525    0.847826
    9.0032    -0.3962 -0.0198825   0.595201  -0.534331 -0.0131853   0.849168
   9.00893  -0.386613 -0.0161541   0.592538  -0.530181 -0.0172136   0.844408
   9.01341  -0.379689 -0.0102951   0.592005 -0.523833 -0.021364  0.841234
   9.01888    -0.37596 -0.00550142    0.588809 -0.515288 -0.026613  0.844896
   9.02301  -0.368504 -0.0001751   0.584016  -0.513213 -0.0295427    0.84514
   9.02893  -0.366373 0.00621649   0.578689  -0.516142 -0.0296648   0.848802
    9.0333  -0.369036 0.00887965   0.565906  -0.525176 -0.0295427   0.854784
   9.03887  -0.364775 0.00834702   0.558982  -0.534941 -0.0228288    0.84929
   9.04312  -0.354123 0.00302069   0.564841   -0.535063 -0.00622728    0.839525
   9.04893   -0.351459 -0.00443616    0.571232 -0.528716 0.0117171  0.833055
   9.05312   -0.364243 -0.00976248    0.580287 -0.525786 0.0155012  0.834642
   9.05893  -0.374363 -0.0150888   0.585081   -0.52664 0.00195143   0.842821
    9.0632   -0.37383 -0.0188172   0.579222  -0.531279 -0.0118425    0.84929
   9.06893  -0.377558 -0.0198825   0.579755  -0.534209 -0.0181902   0.846849
   9.07315  -0.379689 -0.0198825   0.583483  -0.534453 -0.0251482   0.842943
   9.07896  -0.372765 -0.0209478   0.581885  -0.530913 -0.0372331   0.840745
   9.08333  -0.362645 -0.0198825   0.578689 -0.522002 -0.049196  0.837205
   9.08893 -0.349329 -0.017752  0.572298  -0.516387 -0.0537126   0.841112
   9.09327  -0.344535 -0.0161541   0.562178  -0.514922 -0.0495622   0.847581
   9.09887  -0.341339 -0.0145562   0.554188  -0.520659 -0.0384538   0.851366
   9.10309   -0.339741 -0.00976248    0.554721  -0.529814 -0.0306413   0.852708
   9.10893   -0.344003 -0.00443616    0.556319  -0.535918 -0.0244158   0.844774
   9.11314    -0.34347 -0.00230563    0.550992  -0.536894 -0.0195329   0.833177
   9.11894    -0.336013 -0.000707732     0.545666 -0.535918 -0.023073  0.827684
   9.12346  -0.332285 -0.0001751   0.541405  -0.537749 -0.0318621   0.828416
   9.12875    -0.33548 -0.00230563    0.533948  -0.544341 -0.0401628   0.832567
   9.13303   -0.332817 -0.00656669    0.527557  -0.550444 -0.0437029    0.83391
   9.13893  -0.328024 -0.0129583    0.52223  -0.553618 -0.0437029   0.832567
   9.14319  -0.322697 -0.0209478   0.511578 -0.552153 -0.042238  0.830247
   9.14893  -0.316838 -0.0273393    0.49986  -0.540556 -0.0455339   0.829027
   9.15313  -0.310447 -0.0305351   0.485479  -0.528594 -0.0535906   0.833299
   9.15881  -0.304055 -0.0294699   0.473228  -0.522734 -0.0589617    0.83867
   9.16318  -0.293935 -0.0252088   0.468434  -0.520781 -0.0570085   0.844285
   9.16894   -0.28275 -0.0182846   0.460445  -0.524443 -0.0506609    0.85283
   9.17312  -0.280619 -0.0124256    0.45139  -0.534087 -0.0418718   0.852708
   9.17896   -0.283815 -0.00763195    0.450325  -0.537016 -0.0290544   0.840745
   9.18326    -0.280619 -0.000175099     0.454053  -0.527495 -0.0216081   0.828416
   9.18884  -0.272097 0.00461859   0.456184   -0.52957 -0.0238054   0.828294
   9.19306  -0.275293 0.00621649   0.462043  -0.537016 -0.0252703   0.836839
   9.19894  -0.282217 0.00568386   0.462043  -0.539214 -0.0157488   0.835863
   9.20338   -0.282217 0.000357533    0.454586   -0.551299 -0.00171068    0.833421
   9.20877   -0.290207 -0.00763195     0.45938  -0.562895 0.00720045   0.835741
   9.21319  -0.296598 -0.0161541   0.467369  -0.558135 0.00695631   0.826829
   9.21875 -0.297663 -0.022013  0.468967   -0.548369 -0.00378588    0.822679
   9.22311  -0.300327 -0.0252088   0.467369  -0.539702 -0.0180681   0.827928
   9.22894  -0.298196 -0.0268067   0.465239  -0.535063 -0.0272234   0.831468
    9.2332  -0.292337 -0.0268067   0.467902  -0.536894 -0.0291765   0.836595
   9.23894  -0.291272 -0.0241436   0.470032  -0.540679 -0.0281999   0.841722
   9.24317  -0.300327 -0.0209478   0.467902  -0.539092 -0.0285662    0.84453
   9.24894  -0.298729 -0.0209478    0.46151  -0.531767 -0.0302751   0.839525
   9.25329  -0.285946 -0.0198825   0.455119  -0.522978 -0.0314958   0.834764
   9.25894 -0.283282 -0.017752   0.45139  -0.516631 -0.0358904   0.841234
   9.26308 -0.285946 -0.017752  0.447129  -0.517119 -0.0371111   0.848802
   9.26893  -0.283815 -0.0204151   0.442868  -0.517973 -0.0327165    0.85161
   9.27306  -0.283815 -0.0246762   0.438607 -0.517363 -0.033449  0.856615
   9.27896  -0.284348 -0.0294699   0.430085  -0.515654 -0.0395525   0.856004
   9.28327  -0.274228 -0.0310678   0.417834  -0.509673 -0.0450456    0.85161
   9.28893  -0.26251 -0.027872  0.416236  -0.503813 -0.0463884   0.847337
   9.29326 -0.258781 -0.017752  0.419432  -0.507109 -0.0426042   0.845018
   9.29884   -0.257716 -0.00230563    0.409312  -0.514189 -0.0384538   0.849901
   9.30306 -0.260379 0.0104775  0.394931  -0.526274 -0.0361345   0.850755
   9.30893 -0.263575 0.0174018   0.38854  -0.535185 -0.0380876   0.844774
   9.31328 -0.253455 0.0168691  0.382148  -0.531279 -0.0444353   0.838548
   9.31894  -0.240139 0.00994491   0.371495  -0.527007 -0.0512712   0.840135
   9.32314   -0.232682 -0.00230563    0.353918  -0.520537 -0.0583513    0.84575
   9.32894  -0.218301 -0.0166867   0.332081 -0.512114 -0.064821  0.844041
   9.33327  -0.208181 -0.0252088    0.31983  -0.509673 -0.0706804   0.846361
   9.33885  -0.202855 -0.0294699   0.307579  -0.511504 -0.0731218   0.857591
   9.34309  -0.196463 -0.0326657   0.288937  -0.508818 -0.0705583   0.863451
   9.34894  -0.190072 -0.0310678   0.275089  -0.501494 -0.0676287   0.863328
    9.3532  -0.176756 -0.0230783   0.270828  -0.494292 -0.0640886   0.861986
   9.35894   -0.167169 -0.00816458    0.274024  -0.486968 -0.0587175   0.860765
   9.36317  -0.162908 0.00674912   0.271893  -0.488432 -0.0518816   0.862596
   9.36894 -0.160777  0.018467  0.262838 -0.502471 -0.040529  0.861619
    9.3731 -0.160244 0.0264565  0.256979  -0.517729 -0.0289324   0.854661
   9.37896 -0.162375 0.0291197  0.255914  -0.528105 -0.0233171   0.845262
   9.38307  -0.16344 0.0269891  0.252186 -0.534087 -0.024782  0.836229
   9.38894 -0.159712  0.018467  0.242598  -0.533843 -0.0313738   0.829759
   9.39331  -0.155983 0.00728175   0.232478  -0.532378 -0.0410173   0.826707
   9.39894   -0.150124 -0.00283826    0.227152  -0.538603 -0.0461443   0.831346
   9.40318   -0.14107 -0.0129583   0.225021 -0.548979 -0.040529  0.837083
   9.40894 -0.137341 -0.022013  0.221293  -0.555937 -0.0285662   0.838304
   9.41329 -0.136809 -0.027872  0.220228  -0.557402 -0.0136736   0.835252
   9.41893 -0.141602 -0.027872  0.227152   -0.548979 -0.00439623    0.828783
   9.42321  -0.147994 -0.0230783   0.233544   -0.537016 -0.00293139    0.828172
   9.42886  -0.150657 -0.0182846   0.234609   -0.527983 -0.00317553    0.833421
   9.43306  -0.152255 -0.0150888   0.235141   -0.524565 -0.00354174    0.838914
   9.43894  -0.151722 -0.0134909   0.239403    -0.529448 -0.000489979     0.843553
   9.44322  -0.154918 -0.0124256   0.245794  -0.534941 0.00463697    0.84807
   9.44894  -0.156516 -0.0129583   0.244196 -0.533721  0.009886  0.846239
   9.45318  -0.160777 -0.0129583   0.240468  -0.525664 0.00695631     0.8416
   9.45894  -0.160777 -0.0113604   0.237272   -0.518828 -0.00805834    0.844041
   9.46322   -0.15119 -0.0113604   0.231413  -0.517485 -0.0219744   0.846727
   9.46894  -0.143733 -0.0113604   0.231946  -0.519316 -0.0245378    0.84575
    9.4732    -0.1432 -0.0102951   0.242066 -0.527373 -0.016237  0.847215
   9.47896   -0.150657 -0.00976248    0.250055   -0.537139 -0.00439623     0.84868
   9.48334   -0.155451 -0.00922985    0.248457  -0.537749 0.00475904   0.844041
   9.48894   -0.157049 -0.00550142    0.247925 -0.534331 0.0101301  0.833055
   9.49336  -0.161842 0.00195543   0.257512 -0.530913 0.0158674  0.824754
   9.49894  -0.166636 0.00834702   0.268165 -0.532134 0.0186751   0.82512
   9.50332   -0.17356 0.00834702    0.27136 -0.540556 0.0173323  0.832933
   9.50885  -0.182082 0.00195543   0.269763 -0.547392 0.0145247  0.839647
   9.51315   -0.190604 -0.00550142    0.270295  -0.548369 0.00903151   0.838548
   9.51894 -0.190604 -0.011893  0.273491  -0.543852 0.00317213   0.836351
   9.52319 -0.176756 -0.022013  0.267099   -0.533232 -0.00293139    0.839159
   9.52894  -0.167701 -0.0289372   0.259643   -0.522368 -0.00866869    0.844041
   9.53316  -0.167701 -0.0257414   0.265502   -0.517119 -0.00927904    0.844041
   9.53894  -0.167701 -0.0225457    0.27136   -0.516264 -0.00622728    0.847093
   9.54324  -0.167701 -0.0166867   0.269763    -0.521025 -0.000367909     0.851243
   9.54889  -0.167701 -0.0108277   0.268165    -0.5231 0.00634596   0.852586
   9.55299   -0.178354 -0.00656669    0.264969   -0.514433 0.000974865    0.853807
   9.55894   -0.189007 -0.00230563    0.261773   -0.507231 -0.00659349    0.853563
   9.56319   -0.182082 -0.00283826    0.259643 -0.510649 -0.017824   0.84929
   9.56894   -0.175158 -0.00337089    0.257512  -0.514067 -0.0290544   0.845018
   9.57325   -0.174093 -0.00603405    0.260708  -0.529448 -0.0231951    0.84929
   9.57896   -0.173028 -0.00869722    0.263904  -0.544829 -0.0173357   0.853563
   9.58334   -0.175158 -0.00656669    0.264969  -0.538603 -0.0125749   0.844285
   9.58882   -0.177289 -0.00443616    0.266034  -0.532378 -0.0078142   0.835008
   9.59308   -0.176223 -0.00230563    0.269763  -0.524443 -0.0114763   0.834398
   9.59894  -0.175158 -0.0001751   0.273491  -0.516509 -0.0151384   0.833787
    9.6033   -0.174093 -0.00337089    0.268697  -0.524077 -0.0135515   0.839769
   9.60894   -0.173028 -0.00656669    0.263904  -0.531645 -0.0119646    0.84575
   9.61336   -0.171962 -0.00922985    0.263904   -0.538725 -0.00378588      0.8416
   9.61894 -0.170897 -0.011893  0.263904  -0.545806 0.00439283    0.83745
   9.62321   -0.173028 -0.00976248    0.266034  -0.540679 0.00317213   0.835741
   9.62894   -0.175158 -0.00763195    0.268165  -0.535552 0.00195143   0.834032
   9.63324   -0.177821 -0.00709932    0.274556  -0.532988 0.00121901   0.834642
   9.63894   -0.180484 -0.00656669    0.280948   -0.530425 0.000486583    0.835252
   9.64317   -0.184213 -0.00869722     0.28148  -0.530303 0.00146315   0.840257
   9.64894  -0.187941 -0.0108277   0.282013  -0.530181 0.00243971   0.845262
   9.65319  -0.190604 -0.0124256   0.279883  -0.525664 -0.0045183   0.843065
   9.65894  -0.193268 -0.0140235   0.277752  -0.521147 -0.0114763   0.840868
   9.66319  -0.185278 -0.0134909   0.273491  -0.517607 -0.0211199   0.842699
   9.66889  -0.177289 -0.0129583    0.26923  -0.514067 -0.0307634    0.84453
   9.67308 -0.176756 -0.017752  0.263904  -0.518096 -0.0325945   0.853197
   9.67896  -0.176223 -0.0225457   0.258577  -0.522124 -0.0344255   0.861864
   9.68338  -0.175158 -0.0268067    0.26124  -0.517729 -0.0339372   0.854295
   9.68888  -0.174093 -0.0310678   0.263904 -0.513335 -0.033449  0.846727
   9.69301  -0.169832 -0.0289372   0.252186  -0.506133 -0.0377214   0.849046
   9.69894  -0.165571 -0.0268067   0.240468  -0.498931 -0.0419939   0.851366
   9.70311 -0.159712 -0.022013  0.242066  -0.502104 -0.0383318   0.855638
   9.70885  -0.153853 -0.0172193   0.243664  -0.505278 -0.0346697    0.85991
   9.71303  -0.162375 -0.0102951   0.248457  -0.507231 -0.0255144     0.8593
   9.71894   -0.167701 -0.00124036     0.24899  -0.510649 -0.0164812   0.855394
   9.72337   -0.16344 0.00248806   0.243131  -0.510405 -0.0183122   0.850877
    9.7288  -0.162375 0.00408596   0.241533  -0.508696 -0.0200212   0.849657
   9.73306  -0.159712 0.00568386   0.243131  -0.509917 -0.0240496   0.847703
   9.73894  -0.157049 0.00728175   0.244729  -0.511138 -0.0280779    0.84575
   9.74319 -0.155451 0.0014228  0.238337  -0.521514 -0.0281999   0.849412
   9.74894    -0.15332 -0.00550142     0.23088 -0.531889 -0.028322  0.853075
   9.75327   -0.146396 -0.00709932    0.229283  -0.530669 -0.0225847   0.847215
   9.75889   -0.140004 -0.00763195     0.22875  -0.529448 -0.0168474   0.841356
   9.76302   -0.146396 -0.00603405    0.227685  -0.523955 -0.0239275   0.840623
   9.76894   -0.152788 -0.00443616    0.226619  -0.518462 -0.0310076   0.839891
   9.77319     -0.1432 -0.00709932    0.218097  -0.518096 -0.0314958    0.84575
   9.77896  -0.134678 -0.0124256   0.203716  -0.519438 -0.0338152    0.85515
   9.78338  -0.134678 -0.0161541   0.193064  -0.517851 -0.0378435   0.858934
   9.78878  -0.133613 -0.0172193    0.18827  -0.514556 -0.0400408   0.859178
   9.79305  -0.125091 -0.0145562   0.179748 -0.504668 -0.040529  0.853807
   9.79894   -0.111775 -0.00976248    0.165367  -0.496733 -0.0417497   0.850023
   9.80325   -0.105916 -0.00550142    0.161106  -0.499907 -0.0406511   0.854784
   9.80879   -0.104851 -0.00337089    0.162703  -0.501128 -0.0388201   0.857957
   9.81305 -0.0979264  -0.001773   0.155247  -0.505522 -0.0292986   0.860521
   9.81894  -0.0888717 0.000357532    0.143529  -0.509551 -0.0175798   0.859788
   9.82311 -0.0926001 0.00355333   0.138202  -0.509551 -0.0153826   0.855028
   9.82894 -0.0968611 0.00621649   0.135007  -0.508086 -0.0173357   0.848192
   9.83318 -0.0915348 0.00781438   0.131278  -0.509673 -0.0214861   0.843187
   9.83894 -0.0878064 0.00887965   0.131811   -0.51895 -0.0231951   0.844041
   9.84324 -0.0915348 0.00621649   0.136605  -0.530181 -0.0195329   0.846727
   9.84883 -0.0957959 0.00461859   0.141398  -0.537871 -0.0114763   0.846605
   9.85315 -0.0968611 0.00195543   0.141931   -0.536772 -0.00683764      0.8416
   9.85894  -0.0973938 -0.00283826     0.13767   -0.532134 -0.00927904    0.836351
   9.86315  -0.0963285 -0.00337089    0.138735  -0.530791 -0.0115984   0.831346
   9.86894  -0.0904696 -0.00283826    0.143529   -0.532988 -0.00879076    0.831102
   9.87325  -0.0936654 -0.00550142    0.148322   -0.538115 -0.00305346    0.835741
   9.87897   -0.108046 -0.00816458    0.157377  -0.545561 0.00427076   0.839525
   9.88356   -0.117634 -0.00709932    0.169095 -0.548735  0.013426  0.839403
   9.88894    -0.12083 -0.00443616    0.178682 -0.54605 0.020384 0.837205
   9.89321   -0.126689 -0.00283826     0.18827 -0.538848 0.0218489  0.831224
   9.89889    -0.135211 -0.000175099     0.198922  -0.52896 0.0183088  0.825975
   9.90314  -0.143733 0.00195543    0.20851 -0.525542 0.0146467  0.829637
   9.90897    -0.152788 -0.000175099     0.214901  -0.52896 0.0108626   0.83806
   9.91322   -0.161842 -0.00443616     0.22076  -0.533476 0.00890944   0.844041
   9.91897   -0.168766 -0.00763195    0.226619 -0.534453 0.0109846  0.846483
   9.92322   -0.168766 -0.00816458    0.229815 -0.533843 0.0118391  0.847459
   9.92897   -0.169299 -0.00763195    0.232478  -0.524687 0.00707838   0.845506
   9.93325   -0.166636 -0.00976248    0.229815    -0.51126 -0.00403002     0.84453
   9.93901   -0.163973 -0.00976248     0.22875  -0.507231 -0.0147722   0.850877
   9.94307   -0.160777 -0.00763195    0.230348  -0.507353 -0.0177019   0.858324
   9.94897   -0.152788 -0.00656669    0.225554  -0.506865 -0.0159929   0.859178
   9.95316   -0.146929 -0.00709932    0.213304  -0.504668 -0.0192888   0.860887
   9.95897   -0.145331 -0.00869722    0.195727  -0.499297 -0.0338152   0.862962
   9.96328  -0.141602 -0.0102951   0.176019  -0.490386 -0.0554216   0.861009
   9.96884  -0.127221 -0.0108277   0.154181 -0.482939 -0.080446  0.859422
    9.9731 -0.106449 -0.011893  0.123821  -0.48355 -0.103884  0.866258
   9.97899  -0.084078 -0.0182846  0.0907981 -0.494048  -0.11426  0.872972
   9.98333 -0.0611748 -0.0257414  0.0641665 -0.499541 -0.114504  0.873949
    9.9891 -0.0356084 -0.0316004  0.0354044  -0.49478 -0.114015  0.871263
   9.99321 -0.0121726 -0.0342636 0.00397909 -0.489897 -0.113039  0.867967
   9.99897 0.00806741 -0.0358615 -0.0162609 -0.484526 -0.102663  0.863939
   10.0032  0.0283074 -0.0342636 -0.0141304  -0.481719 -0.0762956   0.860399
    10.009  0.0394927 -0.0257414 0.00131593   -0.48709 -0.0389421   0.867235
   10.0131  0.0357643 -0.0156214  0.0125012    -0.49417 -0.00500658    0.873582
    10.019   0.0277748 -0.00390353   0.0119686 -0.493437 0.0192854   0.87285
   10.0232  0.0165895  0.0110102 0.00610962 -0.490874  0.034178  0.865526
    10.029 7.79238e-05   0.0253912 0.000783296 -0.487944 0.0345442  0.857225
   10.0332  -0.0143031   0.0376418 -0.00560829 -0.487822  0.020384  0.851243
    10.039  -0.0201621   0.0461639 -0.00986935   -0.499419 -0.00097826    0.845628
   10.0432 -0.0148358  0.0477618 -0.0125325  -0.51956 -0.017946  0.843187
   10.0489 -0.0100421  0.0424355 -0.0109346  -0.53958 -0.024782  0.841844
   10.0531 -0.00631366   0.0333807 -0.00614092  -0.550688 -0.0245378   0.840623
    10.059 0.000610556   0.0248586 -0.00294513  -0.549223 -0.0209978   0.841112
   10.0631  0.00753477   0.0168691 -0.00134723  -0.537627 -0.0163591    0.84099
    10.069   0.0165895   0.0110102 -0.00560829  -0.524321 -0.0129412   0.840501
   10.0732  0.0203179 0.00887965 -0.0109346   -0.516875 -0.00720385    0.837083
    10.079   0.014459 0.00674912 -0.0125325  -0.517363 0.00390455   0.836473
   10.0835 0.00114319 0.00568386 -0.0141304 -0.522734  0.013426  0.844163
   10.0889 -0.00844419  0.00515122  -0.0199894 -0.526396 0.0125715  0.850999
   10.0931 -0.0121726 0.00568386 -0.0258483  -0.519194 0.00158522   0.851976
    10.099 -0.0132379 0.00781438 -0.0311746  -0.506255 -0.0166033   0.849535
   10.1034 -0.00844419  0.00941228  -0.0391641  -0.497954 -0.0375994   0.851488
   10.1088 0.000610555   0.0110102  -0.0476862  -0.496733 -0.0529802   0.856126
   10.1132  0.0096653  0.0120754 -0.0535452  -0.502471 -0.0584734   0.858446
    10.119  0.0165895  0.0120754 -0.0546105  -0.509795 -0.0539568   0.861619
   10.1232  0.0240464  0.0115428 -0.0572736 -0.513457 -0.043947  0.860887
    10.129  0.0368295  0.0104775 -0.0689915   -0.51187 -0.0357683   0.856493
   10.1333  0.0480148 0.00994491 -0.0844379  -0.504912 -0.0347917   0.854051
   10.1389 0.0480148 0.0110102 -0.097221  -0.497222 -0.0406511   0.853075
   10.1431  0.0517433 0.00994491  -0.112667  -0.496123 -0.0496843   0.853563
    10.149  0.0586675 0.00728175  -0.127581  -0.501128 -0.0545671   0.854906
   10.1532  0.0687875 0.00461859  -0.140364   -0.51248 -0.0524919   0.858568
    10.159  0.0794401 0.00408596  -0.148354  -0.520171 -0.0477312   0.858568
   10.1632  0.0884949 0.00355333  -0.157941  -0.514922 -0.0457781   0.854051
    10.169  0.0954191 0.00302069  -0.174985  -0.506499 -0.0504167   0.851976
   10.1734  0.0980823 0.00248806  -0.187236  -0.499297 -0.0603044   0.853685
    10.179    0.108735 -0.00124036   -0.197356   -0.49478 -0.0649431   0.855516
   10.1833    0.126312 -0.00390353     -0.2144  -0.500029 -0.0588396   0.859056
    10.189    0.134301 -0.00337089   -0.227716  -0.512358 -0.0476091   0.863573
   10.1933    0.132703 0.000357532   -0.234108  -0.518218 -0.0399187   0.860399
    10.199    0.13803 0.00248806  -0.244228  -0.51187 -0.042116  0.850755
   10.2034   0.142291 0.00302069   -0.25275  -0.501372 -0.0528581   0.846605
    10.209   0.147084 0.00515122  -0.259674  -0.497588 -0.0634783   0.850511
   10.2131   0.158802 0.00728175  -0.263935  -0.503203 -0.0645769   0.855882
   10.2189   0.165194 0.00941228  -0.266598  -0.511626 -0.0574968   0.858202
   10.2231   0.169455 0.00887965  -0.278316  -0.517851 -0.0496843   0.854784
    10.229   0.176379 0.00461859  -0.290034  -0.520903 -0.0462663   0.848314
   10.2334   0.176912 0.00248806  -0.297491  -0.517485 -0.0479753   0.846605
   10.2389   0.175314 0.00568386  -0.306013  -0.511992 -0.0540788   0.845262
   10.2431   0.185434 0.00941228  -0.311872  -0.511626 -0.0609148   0.844163
    10.249   0.194489 0.00994491  -0.314535  -0.516631 -0.0605486   0.848314
   10.2533   0.194489 0.00834702  -0.320394  -0.524809 -0.0532244    0.84929
   10.2589   0.196619 0.00568386  -0.326786   -0.52957 -0.0435808   0.847215
   10.2631   0.198217 0.00408596  -0.328916  -0.528716 -0.0344255    0.84221
    10.269   0.199282 0.00408596  -0.333177  -0.521636 -0.0290544   0.838426
   10.2733   0.202478 0.00674912  -0.337971  -0.516997 -0.0275896   0.840501
    10.279   0.207272 0.00781438  -0.339569  -0.517607 -0.0250261   0.843309
   10.2834   0.202478 0.00781438  -0.337438  -0.522124 -0.0167253   0.845994
    10.289   0.195021 0.00941228  -0.335308   -0.528105 -0.00964525    0.850877
   10.2934   0.193956 0.00941228   -0.33584   -0.529326 -0.00634935    0.852708
   10.2988   0.193423 0.00728175  -0.333177   -0.525664 -0.00305346    0.849168
   10.3032   0.195021 0.00621649   -0.33371   -0.516753 -0.00488451    0.844896
    10.309    0.20088 0.00674912  -0.339036  -0.508208 -0.0130632   0.843309
   10.3133    0.20088 0.00781438  -0.339036  -0.505889 -0.0209978   0.845506
    10.319   0.197684 0.00887965  -0.337438  -0.510771 -0.0242937   0.850023
   10.3234   0.192358 0.00887965  -0.334775  -0.518218 -0.0225847   0.854539
   10.3287   0.189695 0.00674912  -0.336906  -0.521025 -0.0209978    0.85576
   10.3331    0.19875 0.00408596  -0.344362  -0.517851 -0.0229509   0.851488
    10.339   0.203543 0.00515122  -0.349689  -0.509673 -0.0288103   0.846239
   10.3432   0.207805 0.00674912  -0.356613  -0.507964 -0.0374773   0.846239
   10.3489   0.211533 0.00994491  -0.356613  -0.515166 -0.0396746   0.850389
   10.3532  0.215261 0.0126081 -0.350754  -0.520903 -0.0301531   0.850999
    10.359  0.216859 0.0120754 -0.348623 -0.528227 -0.016237  0.850877
   10.3633  0.213663 0.0115428 -0.350221   -0.529204 -0.00732592    0.847215
    10.369  0.209402 0.0131407 -0.352352   -0.524687 -0.00500658    0.838914
   10.3732  0.206207 0.0168691  -0.34383  -0.527983 0.00585768    0.83806
    10.379  0.205674 0.0195323 -0.327851 -0.524931 0.0136702  0.836473
   10.3833  0.197684 0.0163365 -0.329981   -0.52188 0.00854322   0.839036
   10.3888  0.186499 0.0110102 -0.339569  -0.528105 0.00463697    0.84221
   10.3932   0.185434 0.00941228  -0.339036  -0.533232 0.00146315   0.841844
    10.399   0.191293 0.00941228  -0.336373  -0.540556 0.00231764   0.847581
   10.4031   0.193423 0.00674912  -0.332112   -0.53665 0.00109694   0.847581
    10.409   0.195554 0.00355333  -0.335308   -0.520537 -0.00695971    0.838304
   10.4132   0.195021 0.00355333  -0.337971  -0.512114 -0.0131853   0.837327
    10.419   0.194489 0.00674912  -0.334242  -0.513579 -0.0147722   0.846727
   10.4233    0.19875 0.00834702  -0.329981   -0.519805 -0.00854662    0.854417
    10.429    0.19875 0.00568386  -0.328383  -0.524809 0.00512526   0.855394
   10.4332   0.193423 0.00834702  -0.327851 -0.526763 0.0136702  0.850999
    10.439  0.190228 0.0174018 -0.324122 -0.523467 0.0129378  0.843553
   10.4434   0.19076  0.024326 -0.324122  -0.518828 0.00634596   0.834154
   10.4489  0.187564 0.0291197 -0.320927   -0.523711 0.000242443    0.835374
   10.4532  0.188097 0.0291197 -0.315068  -0.532744 0.00292799   0.841844
    10.459  0.185434 0.0248586 -0.307078 -0.540801 0.0114729  0.842088
   10.4632  0.180108 0.0195323 -0.301219 -0.543486 0.0176985  0.840135
    10.469   0.18064 0.0115428  -0.30335 -0.540068 0.0209944  0.838304
   10.4733   0.179042 0.00408596  -0.302284 -0.532988  0.023802  0.836717
    10.479   0.179042 -0.0001751  -0.297491   -0.5231 0.0217268  0.835863
   10.4833  0.172651 0.0014228 -0.294828  -0.51895 0.0169661  0.840013
   10.4888   0.162531 0.00515122  -0.290567  -0.5231 0.015135 0.847948
    10.493     0.1604 0.00781438  -0.285773 -0.530913 0.0178206  0.851488
    10.499   0.160933 0.00887965  -0.280979  -0.53311 0.0231917  0.848314
   10.5034  0.157204 0.0110102 -0.278316 -0.527617 0.0191633  0.840868
    10.509  0.155074 0.0152712 -0.276185  -0.522124 0.00903151   0.838914
   10.5133  0.157204 0.0189997 -0.274588  -0.520659 0.00427076   0.839647
    10.519  0.155074 0.0200649 -0.274055  -0.522246 0.00134108   0.840257
   10.5233  0.150813 0.0189997 -0.269794  -0.530547 0.00158522   0.842943
    10.529  0.145487 0.0189997 -0.262337  -0.538725 0.00622389   0.841112
   10.5333 0.140693 0.018467 -0.25275 -0.543364 0.0122053  0.841356
   10.5389  0.144954 0.0147386 -0.251152  -0.54312 0.0167219   0.84099
   10.5431  0.150813 0.0120754 -0.250619 -0.533476 0.0179426  0.833665
    10.549  0.147084 0.0126081  -0.24263  -0.52896 0.0174544  0.832567
   10.5532 0.141225 0.014206 -0.23464 -0.532622 0.0201399  0.837816
    10.559  0.137497 0.0163365 -0.226118 -0.540556 0.0317366  0.839525
   10.5633  0.135899 0.0174018 -0.215465  -0.55081 0.0471174  0.838182
    10.569  0.126312 0.0216628 -0.197356  -0.56021 0.0592024  0.833177
   10.5733  0.112996 0.0296523 -0.171257 -0.560942 0.0629866  0.825487
    10.579  0.104474 0.0381744  -0.14143 -0.553984 0.0604231  0.824022
   10.5834 0.0879622 0.0450986 -0.112135 -0.553008 0.0623762  0.827928
   10.5889   0.070918  0.0498923 -0.0897642 -0.555449 0.0720198  0.826463
    10.593  0.0623959  0.0530881 -0.0732526 -0.559844 0.0826399  0.824022
    10.599  0.0485475  0.0568165 -0.0556757 -0.569853 0.0884993  0.823778
   10.6036  0.0299053  0.0621429 -0.0375662 -0.573393 0.0875227  0.818773
   10.6089  0.0160569  0.0642734 -0.0247831 -0.564604 0.0770247  0.810594
   10.6131 0.000610556   0.0621429  -0.0151957 -0.555449 0.0546858  0.811693
    10.619 -0.0132379   0.054686 -0.0130651 -0.552886 0.0256331  0.816942
   10.6233 -0.0212274  0.0408376 -0.0130651 -0.557768 0.0053694  0.816087
    10.629 -0.0265537  0.0237934 -0.0130651   -0.571196 -0.00293139    0.820482
   10.6331 -0.0233579 0.00302069  -0.014663  -0.589751 -0.0146501   0.827928
    10.639 -0.0174989 -0.0214804 -0.0114672  -0.583769 -0.0227068   0.814378
   10.6432 -0.00897683  -0.0433183  -0.0109346  -0.561919 -0.0236833   0.800584
   10.6489 -0.000987342   -0.0608952   -0.0125325   -0.55789 -0.0234392   0.812181
   10.6532 0.00220845 -0.0752762 -0.0135978 -0.548613 -0.012697  0.829515
    10.659 0.00433898 -0.0837984 -0.0194567  -0.531279 0.00573561    0.83806
   10.6631 -0.00471577  -0.0869942  -0.0237178 -0.526396 0.0208723  0.844896
    10.669 -0.0249558 -0.0853963  -0.020522 -0.529082 0.0312483  0.852098
   10.6732 -0.0457284 -0.0790047 -0.0167936 -0.517119  0.032469  0.850633
    10.679 -0.0531853 -0.0726131 -0.0226525 -0.502959 0.0218489   0.83867
   10.6835 -0.0569137 -0.0656889 -0.0258483  -0.502715 0.00280592   0.844896
   10.6887 -0.0569137 -0.0603625 -0.0199894 -0.506011 -0.017824  0.859422
   10.6931 -0.0537179 -0.0576994 -0.0119999  -0.514678 -0.0291765   0.860643
    10.699  -0.0499895  -0.0550362 -0.00560829  -0.525542 -0.0390642   0.863084
   10.7032  -0.0382716  -0.0507752 -0.00507566 -0.517729 -0.052614  0.863206
    10.709  -0.0169663  -0.0395899 -0.00986935  -0.491973 -0.0567644   0.857103
   10.7132 0.00646951  -0.022013  -0.010402  -0.483306 -0.0540788   0.860277
    10.719   0.0160569 -0.00390352 -0.00294513   -0.48709 -0.0440691   0.866991
   10.7233  0.0165895  0.0120754 0.00397909 -0.484892 -0.023073  0.862474
    10.729  0.0112632  0.0259239 0.00824015   -0.493071 -0.00097826    0.864061
   10.7332 0.00114319  0.0365765 0.00983805 -0.510527 0.0139143  0.870775
    10.739 -0.00631366   0.0440334  0.00504436 -0.518828 0.0184309  0.861619
   10.7432    -0.01164   0.0466965 -0.00134723 -0.518096 0.0131819   0.83867
    10.749 -0.0153684  0.0456313 -0.0024125   -0.521269 -0.00146654    0.827196
   10.7532 -0.00950946   0.0408376 -0.00401039  -0.532988 -0.0145281   0.829515
    10.759 -0.00578103   0.0323155 -0.00401039   -0.54727 -0.0158708   0.832567
   10.7632 -0.00844419   0.0195323  -0.0024125  -0.559233 -0.0114763   0.835863
    10.769 -0.00844419  0.00515122 -0.00347776   -0.562529 -0.00988939    0.838548
   10.7734 -0.00311787 -0.00869722 -0.00880408    -0.55435 -0.00866869    0.831956
    10.779 7.79238e-05  -0.0193499  -0.0114672   -0.539702 -0.00757006    0.824144
   10.7833 0.00274108 -0.0257414 -0.0114672   -0.526518 -0.00708178    0.825975
    10.789 0.00540425 -0.0294699  -0.014663   -0.517729 -0.00232103    0.835741
   10.7932 0.00487161 -0.0273393 -0.0215873   -0.51541 0.00427076   0.852708
    10.799 -0.00471577  -0.0241435  -0.0231852 -0.528349 0.0140364  0.856981
   10.8032 -0.0249558 -0.0236109 -0.0162609  -0.533965 0.00597975   0.860643
    10.809 -0.0190968  -0.022013 -0.0189241   -0.51895 -0.0170915   0.852098
   10.8131 -0.00631366  -0.0182846  -0.0189241    -0.5054 -0.0297869   0.836961
   10.8189 7.79238e-05  -0.0113604   -0.014663 -0.500395 -0.038698  0.846971
    10.823  0.00327372   -0.001773 -0.00720618  -0.500273 -0.0382097   0.854295
    10.829  0.00380635  0.00728175 0.000250665 -0.503691 -0.026613  0.858934
   10.8333 0.00860004  0.0147386 -0.0008146   -0.515654 -0.00964525    0.864549
   10.8389  0.00327372   0.0195323 0.000250665 -0.521025 0.0053694   0.86284
   10.8431 -0.00631366    0.024326 0.000783298 -0.516509 0.0109846  0.848924
    10.849 -0.0137705   0.028587 0.00131593  -0.514678 0.00695631   0.835618
   10.8532 -0.00950946   0.0280544 -0.00401039   -0.518218 -0.00146654    0.833543
    10.859 -0.00897682   0.0248586 -0.00827145  -0.530547 -0.0078142   0.834764
   10.8632  -0.0132379    0.018467 -0.00880408  -0.541167 -0.0078142   0.836839
   10.8689   -0.01164 0.00834702 -0.0119999   -0.550444 -0.00561693    0.840868
   10.8731  -0.0111074 -0.00337089  -0.0119999   -0.555327 -0.00818041    0.841844
    10.879 -0.00737893  -0.0124256  -0.0119999  -0.542998 -0.0151384   0.836229
   10.8835 7.79238e-05  -0.0161541  -0.0119999  -0.525908 -0.0206316   0.829027
    10.889 0.00860004 -0.0182846 -0.0125325  -0.517363 -0.0184343   0.831834
   10.8933 0.00860004 -0.0188172 -0.0125325   -0.518218 -0.00805834    0.844896
   10.8988 -0.000454709    -0.017752   -0.0114672  -0.522856 0.00402662   0.856615
   10.9032 -0.0105747 -0.0150888 -0.0125325  -0.522978 0.00939772   0.861375
    10.909 -0.0143031 -0.0113604 -0.0151957  -0.518218 0.00475904   0.857591
   10.9133  -0.0132379 -0.00709932   -0.014663  -0.510405 -0.0078142   0.847948
   10.9189  -0.00950946 -0.000175099   -0.0135978  -0.503569 -0.0216081   0.840257
   10.9231 -0.00151997  0.00674912  -0.0125325  -0.503691 -0.0291765    0.84099
    10.929  0.00327372   0.0120754 -0.00880408   -0.51248 -0.0271013   0.848192
   10.9332 7.79238e-05   0.0158039 -0.00401039   -0.52542 -0.0172136   0.857347
    10.939 -0.0052484  0.0152712 -0.0008146   -0.534331 -0.00659349    0.859666
   10.9433  -0.00791156    0.0131407 -0.000281967   -0.533476 -0.00146654    0.850023
    10.949 -0.00418313   0.0110102 -0.00294513   -0.526152 -0.00232103    0.836351
   10.9532  0.00114319  0.00887965 -0.00667356   -0.520537 -0.00537279     0.82866
    10.959 7.79238e-05  0.00834702 -0.00720619   -0.521025 -0.00561693    0.831468
   10.9632  -0.0036505  0.00621649 -0.00827145   -0.528472 -0.00207689     0.84099
    10.969 -0.00844419   0.0014228 -0.00986935  -0.537383 0.00195143   0.849535
   10.9732  -0.0111074 -0.00443616  -0.0130651  -0.540434 0.00170729   0.850511
    10.979  -0.0121726 -0.00976248  -0.0157283   -0.534819 -0.00549486    0.843431
   10.9835 -0.00844419  -0.0113604  -0.0162609 -0.522978 -0.016237  0.835496
   10.9888 -0.00258524  -0.0102951  -0.0130651  -0.514067 -0.0235613   0.834032
   10.9934 -0.000987342  -0.00763195  -0.00827145  -0.513945 -0.0224626   0.841478
    10.999 0.000610555 -0.00603405 -0.00880408  -0.520049 -0.0136736   0.854173
   11.0031 -0.00151997 -0.00603405   -0.010402   -0.526152 -0.00305346    0.862474
    11.009 -0.00897683 -0.00337089 -0.00986935  -0.526152 0.00243971   0.860155
   11.0133   -0.0100421 -0.000707732   -0.0109346   -0.519927 -0.00110033    0.850267
    11.019 -0.00418313 0.000890165  -0.0119999  -0.514433 -0.0124529   0.842332
   11.0231 -0.00311787  0.00568386 -0.00773882  -0.508696 -0.0207537   0.832811
    11.029 -0.00151997   0.0110102 -0.00347776 -0.506865 -0.019655  0.832689
   11.0332  0.00274108   0.0120754 -0.00614092   -0.52188 -0.0114763   0.849046
    11.039 -0.000987342    0.0104775  -0.00933672 -0.533721 0.0020735  0.856126
   11.0433 -0.00737893  0.00834702  -0.0109346 -0.529082 0.0109846  0.849168
    11.049 -0.0111074 0.00674912 -0.0130651  -0.527739 0.00768873   0.843431
   11.0532 -0.0148358 0.00515122 -0.0130651   -0.527983 -0.00354174    0.839159
    11.059 -0.0169663 0.00515122 -0.0130651   -0.52249 -0.0141619   0.831346
   11.0632 -0.0111074 0.00355333 -0.0135978  -0.521025 -0.0180681   0.830858
    11.069  -0.00578103 -0.000707732   -0.0141304    -0.5325 -0.0147722   0.846849
   11.0734 -0.00950946 -0.00390353  -0.0141304   -0.541411 -0.00842455    0.857225
    11.079  -0.0174989 -0.00656669   -0.010402   -0.530791 -0.00427416    0.846361
   11.0832  -0.0164337 -0.00763195  -0.0114672   -0.517485 -0.00671556     0.83867
    11.089 -0.00631366 -0.00656669  -0.0173262  -0.513701 -0.0135515   0.843309
   11.0932 -0.00205261 -0.00230563  -0.0173262  -0.512358 -0.0184343   0.848192
    11.099 -0.00151997  0.00248806  -0.0135978  -0.517851 -0.0202654   0.854661
   11.1033 -0.00631366  0.00515122 -0.00880408  -0.530425 -0.0205095   0.863817
    11.109 -0.00578103  0.00461859 -0.00614092  -0.533598 -0.0205095   0.861375
   11.1133 0.000610556  0.00408596 -0.00507566  -0.527495 -0.0200212   0.848192
    11.119  0.00220845  0.00674912 -0.00134723  -0.516264 -0.0183122    0.83452
   11.1234  0.00700214  0.00941228 0.000783298  -0.507231 -0.0136736   0.829149
   11.1289   0.0128611   0.0110102 -0.00294513   -0.510039 -0.00610521     0.83806
   11.1333   0.0117958   0.0131407 -0.00667356   -0.518096 0.000852794    0.850999
   11.1388 -0.00205261   0.0158039 -0.00560829   -0.52603 0.00878736    0.85515
   11.1431  -0.0185642   0.0163365 -0.00454303 -0.531645  0.015135  0.850999
    11.149    -0.02176   0.0131407 -0.00773882 -0.533476 0.0122053  0.844285
   11.1533 -0.0174989 0.00941228 -0.0130651   -0.530181 0.000120373    0.838304
    11.159 -0.0137705 0.00781438 -0.0157283 -0.520659 -0.012697   0.83098
   11.1633 -0.0111074 0.00568386  -0.014663  -0.518462 -0.0186785    0.82744
   11.1689 -0.0111074 0.00408596 -0.0130651   -0.52896 -0.0133074   0.836839
   11.1731  -0.0148358 -0.00230563  -0.0157283   -0.539946 0.000120373    0.843919
    11.179  -0.0185642 -0.00869722  -0.0183915  -0.544341 0.00732252   0.843553
   11.1834 -0.0196295 -0.0108277 -0.0167936   -0.536162 -0.00195482    0.839281
    11.189 -0.0206947 -0.0129583 -0.0151957  -0.527983 -0.0112322   0.835008
   11.1934 -0.0196295 0.00195543  0.0295454   -0.542021 -0.00720385    0.840379
   11.1989 -0.0185642  0.0168691  0.0742866  -0.557158 0.00720045   0.835374
   11.2031 -0.0435979  0.0232607   0.108375  -0.56082 0.0361311  0.828294
    11.209 -0.0686316  0.0296523   0.142463 -0.563384 0.0546858   0.83159
   11.2133 -0.0899369  0.0253912   0.149388 -0.549101  0.046385  0.838548
   11.2189 -0.111242 0.0211302  0.156312 -0.534819 0.0380842  0.845506
   11.2232 -0.109644 0.0126081  0.146725 -0.524443 0.0196516  0.842454
    11.229  -0.108046 0.00408596   0.137137  -0.514067 0.00121901   0.839403
   11.2334   -0.104851 -0.00603405    0.128082   -0.519927 -0.00390795    0.838914
    11.239  -0.101655 -0.0161541   0.119028  -0.525786 -0.0090349   0.838426
   11.2432 -0.0947306 -0.0225457   0.123821  -0.535918 -0.0045183   0.849046
    11.249 -0.0878064 -0.0289372   0.128615    -0.54605 -1.6978e-06    0.859666
   11.2533 -0.0915348 -0.0236109   0.137137   -0.52188 0.00512526   0.853319
   11.2589 -0.0952632 -0.0182846   0.145659  -0.49771 0.0102522  0.846971
   11.2632 -0.0979264 -0.0108277   0.141931 -0.497588 0.0078108  0.853197
    11.269    -0.10059 -0.00337089    0.138202 -0.497466 0.0053694  0.859422
   11.2733  -0.103785 0.00248806   0.147257 -0.506743 0.0173323  0.860521
    11.279  -0.106981 0.00834702   0.156312  -0.51602 0.0292952  0.861619
   11.2836 -0.105383 0.0120754  0.161106 -0.512724 0.0296614  0.855638
   11.2888 -0.103785 0.0158039  0.165899 -0.509429 0.0300276  0.849657
   11.2933 -0.101655 0.0200649  0.175487 -0.510771 0.0350325   0.85222
    11.299 -0.0995243   0.024326   0.185074 -0.512114 0.0400374  0.854784
   11.3034 -0.112307  0.024326  0.197857   -0.5231 0.0544417  0.851121
    11.309 -0.125091  0.024326   0.21064 -0.534087  0.068846  0.847459
   11.3133 -0.141602 0.0211302   0.21863 -0.535307 0.0692122  0.842821
    11.319 -0.158114 0.0179344  0.226619 -0.536528 0.0695784  0.838182
   11.3233  -0.16131 0.0136733  0.236739 -0.533721 0.0560286  0.836229
   11.3289  -0.164505 0.00941228   0.246859 -0.530913 0.0424788  0.834276
   11.3331  -0.170897 0.00568386    0.26923 -0.53311 0.041136 0.838548
    11.339   -0.184213 -0.00124036    0.295862 -0.535307 0.0397932  0.842821
   11.3435   -0.195931 -0.00709932    0.301721 -0.538115 0.0410139  0.846361
   11.3489   -0.200724 -0.00976248    0.303318 -0.540923 0.0422346  0.849901
   11.3531   -0.203388 -0.00763195    0.311308 -0.530058 0.0351546  0.840135
    11.359   -0.206051 -0.00550142    0.319297 -0.519194 0.0280745  0.830369
   11.3633 -0.215638 -0.001773  0.325156 -0.520415 0.0174544  0.836839
    11.369  -0.225226 0.00195543   0.331015  -0.521636 0.00683424   0.843309
   11.3733  -0.231617 0.00302069    0.33794  -0.531157 0.00512526   0.844285
    11.379  -0.238009 0.00408596   0.344864  -0.540679 0.00341627   0.845262
   11.3832  -0.241204 0.00515122   0.356582   -0.537505 -0.00232103    0.837205
    11.389    -0.2444 0.00621649     0.3683   -0.534331 -0.00805834    0.829149
   11.3932  -0.242802 0.00728175   0.376289  -0.530791 -0.0145281    0.83452
    11.399  -0.245466 0.00887965   0.382681  -0.525298 -0.0239275   0.841234
   11.4035  -0.250259 0.00728175   0.377887  -0.529204 -0.0263689   0.843919
   11.4089  -0.250792 0.00515122   0.374691  -0.535063 -0.0258806   0.845262
   11.4131   -0.253988 0.000890165    0.369365  -0.535307 -0.0306413   0.843797
    11.419   -0.255053 -0.00496879    0.361908  -0.531279 -0.0397966   0.839647
   11.4234   -0.244933 -0.00656669    0.356049  -0.522368 -0.0500505   0.836229
    11.429   -0.234813 -0.00709932    0.353918  -0.513701 -0.0581072   0.837938
   11.4333   -0.231617 -0.00763195    0.357114  -0.513335 -0.0601824   0.843919
   11.4389   -0.230552 -0.00763195    0.358712  -0.516997 -0.0600603   0.847459
   11.4431   -0.231084 -0.00550142     0.36031  -0.526152 -0.0476091   0.851732
    11.449   -0.232682 -0.00337089    0.366702 -0.530303 -0.030031  0.854417
   11.4533   -0.231084 -0.00283826    0.373626  -0.520659 -0.0235613   0.847093
    11.459  -0.227356 0.00195543   0.379485   -0.51602 -0.0222185   0.841356
   11.4631  -0.227889 0.00941228    0.39067 -0.511626 -0.017946  0.843797
    11.469 -0.230019 0.0120754  0.400257   -0.510405 -0.00659349    0.850633
   11.4732 -0.239074 0.0110102  0.403986  -0.515532 0.00439283   0.856004
    11.479 -0.255586 0.0110102  0.405584  -0.519316 0.00878736   0.857225
   11.4834  -0.265706 0.00994491   0.406649  -0.519316 0.00353834   0.854051
   11.4889  -0.267303 0.00728175    0.40878   -0.516631 -0.00683764    0.846483
   11.4931  -0.259314 0.00568386   0.415171  -0.510161 -0.0136736   0.834276
    11.499  -0.259314 0.00621649    0.43115  -0.512114 -0.0148943   0.836839
   11.5032  -0.276358 0.00834702    0.44926  -0.523467 -0.0139177   0.851854
    11.509  -0.288076 0.00674912   0.458847  -0.529936 -0.0114763   0.854173
   11.5133  -0.297131 0.00195543   0.466837  -0.531767 -0.0090349    0.85283
    11.519  -0.306186 -0.0001751   0.478022   -0.530547 -0.00988939    0.850267
   11.5232  -0.306718 -0.0001751   0.490272  -0.523711 -0.0115984    0.84099
    11.529   -0.307784 0.000357532     0.49986  -0.511382 -0.0168474   0.834154
   11.5334    -0.306718 -0.000707732      0.50199  -0.503203 -0.0197771   0.839769
    11.539   -0.307783 -0.00230563     0.50199  -0.508208 -0.0174578   0.852952
   11.5432   -0.324295 0.000357532    0.504121  -0.516997 -0.0136736   0.862596
    11.549  -0.340807 0.00568386   0.508382   -0.520537 -0.00988939    0.857103
   11.5533 -0.338676 0.0110102  0.515839   -0.524443 -0.00988939    0.846727
    11.559 -0.327491 0.0158039  0.525426  -0.521269 -0.0125749    0.84453
   11.5632 -0.325893 0.0205976  0.535013  -0.512847 -0.0157488   0.843919
    11.569 -0.324295 0.0237934  0.535013 -0.512724 -0.017824  0.847093
   11.5732 -0.324295 0.0259239  0.529154  -0.52188 -0.017946  0.851976
    11.579 -0.329621 0.0280544  0.529154  -0.528594 -0.0134294   0.851366
   11.5835 -0.331752 0.0296523  0.531285   -0.531523 -0.00830248    0.841966
   11.5887 -0.333882 0.0307176  0.534481   -0.533232 -0.00744799    0.834398
   11.5931  -0.33548 0.0312502  0.537144   -0.530791 -0.00695971     0.83452
    11.599  -0.34347 0.0333807  0.541938   -0.529204 -0.00708178    0.831346
   11.6032 -0.348796 0.0323155  0.547264   -0.534819 -0.00525072     0.83159
    11.609 -0.348796 0.0259239  0.553123   -0.548125 0.000730724     0.83806
   11.6134 -0.357318 0.0189997  0.566971  -0.558623 0.00976393   0.840135
    11.619 -0.367971 0.0131407  0.578689 -0.557646 0.0152571  0.834276
   11.6233  -0.374363 0.00621649   0.586146 -0.547392 0.0137922  0.826341
    11.629   -0.378091 0.000357533    0.592538  -0.536894 0.00683424   0.825487
   11.6333   -0.378624 -0.00230563     0.59307 -0.531401 -0.005739  0.832201
    11.639   -0.377558 -0.00496879     0.59307  -0.528716 -0.0146501   0.835741
   11.6434    -0.37596 -0.00869722    0.593603  -0.536894 -0.0158708   0.840013
   11.6489  -0.378624 -0.0124256   0.595733  -0.548125 -0.0124529   0.843675
   11.6531   -0.38395 -0.0161541   0.597864  -0.545928 -0.0123308   0.836839
    11.659  -0.389809 -0.0182846   0.596799  -0.534087 -0.0225847   0.829881
   11.6633  -0.387146 -0.0193499   0.589342  -0.521147 -0.0345476   0.830614
   11.6689  -0.378624 -0.0193499   0.579755  -0.519194 -0.0397966   0.838426
   11.6732   -0.37596 -0.0172193   0.578157  -0.525908 -0.0394304   0.844163
    11.679  -0.373297 -0.0156214   0.577091  -0.533843 -0.0371111   0.846971
   11.6834  -0.378091 -0.0134909   0.576559  -0.540679 -0.0329607   0.843553
    11.689  -0.381819 -0.0108277   0.576559  -0.540556 -0.0285662   0.834764
   11.6933  -0.379156 -0.0102951   0.577091  -0.534209 -0.0296648   0.828294
    11.699   -0.376493 -0.00976248    0.577624   -0.52957 -0.0346697   0.827684
   11.7032    -0.37383 -0.00709932    0.577624  -0.532012 -0.0371111   0.835863
    11.709   -0.370101 -0.00550142    0.582418   -0.53958 -0.0280779   0.842577
   11.7131   -0.367971 -0.00869722    0.588809  -0.550444 -0.0125749   0.845506
    11.719   -0.37383 -0.0166867   0.591472   -0.555571 -0.00195482     0.84575
   11.7231 -0.382885 -0.022013  0.590407    -0.54605 -0.00195482    0.835618
    11.729  -0.388744 -0.0209478   0.592005  -0.532988 -0.0122087   0.825243
   11.7334  -0.381287 -0.0204151   0.596799  -0.527495 -0.0197771   0.829759
   11.7388  -0.370634 -0.0182846   0.600527  -0.530058 -0.0159929   0.836961
   11.7432  -0.373297 -0.0150888   0.603723    -0.53543 -0.00586107    0.839403
    11.749  -0.379689 -0.0150888   0.602125 -0.541533 0.0020735  0.843797
   11.7532  -0.385015 -0.0145562   0.597331  -0.546538 0.00158522   0.845262
    11.759 -0.389809 -0.011893  0.595201   -0.541899 -0.00366381     0.83745
   11.7632   -0.385548 -0.00816458    0.595201   -0.531523 -0.00830248    0.826341
    11.769   -0.374363 -0.00656669    0.597331   -0.530058 -0.00964525    0.824266
   11.7733   -0.373297 -0.00656669    0.599462    -0.53665 -0.00927904    0.834032
    11.779   -0.375428 -0.00922985    0.595734    -0.54373 -0.00695971     0.84221
   11.7834 -0.376493 -0.011893  0.592005   -0.547514 -0.00146654    0.840135
   11.7888  -0.381819 -0.0129583   0.592005   -0.546904 -0.00073412    0.835252
   11.7933  -0.382885 -0.0150888   0.592005  -0.544707 -0.0024431   0.830858
    11.799  -0.382352 -0.0156214   0.597864   -0.537749 -0.00268724    0.825365
   11.8033  -0.381287 -0.0156214   0.605854   -0.532012 -0.00097826    0.826463
    11.809 -0.380754 -0.017752  0.607451  -0.532622 0.00182936   0.838792
   11.8133   -0.38608 -0.0209478   0.606386  -0.538359 0.00414869   0.848802
   11.8189  -0.394603 -0.0225457   0.606919  -0.542876 0.00475904   0.849412
    11.823  -0.397798 -0.0230783   0.609582  -0.541655 0.00317213   0.842699
    11.829 -0.395668 -0.022013  0.618104  -0.536162 0.00219557   0.832201
   11.8332  -0.392472 -0.0198825   0.624496   -0.527007 0.000364513    0.828538
   11.8389  -0.391939 -0.0188172   0.622898   -0.521147 -0.00366381    0.835985
   11.8432  -0.395135 -0.0188172   0.619702   -0.522856 -0.00866869    0.846239
    11.849 -0.394603 -0.017752  0.616506  -0.525664 -0.0112322   0.849901
   11.8532  -0.389276 -0.0166867   0.612245  -0.531889 -0.0100115   0.849901
    11.859  -0.389809 -0.0150888   0.612778   -0.536894 -0.00744799    0.845628
   11.8632  -0.393005 -0.0124256   0.619702   -0.530425 -0.00512865    0.833543
    11.869 -0.387146 -0.011893  0.620767   -0.522856 -0.00598314    0.828905
   11.8733  -0.385548 -0.0113604   0.615974   -0.520903 -0.00866869    0.837938
    11.879  -0.392472 -0.0108277   0.614376  -0.522368 -0.0078142   0.847703
   11.8836    -0.3962 -0.0113604   0.614376   -0.527373 -0.00256517    0.850755
    11.889  -0.396733 -0.0108277   0.614376  -0.531035 0.00317213   0.848314
   11.8935  -0.400462 -0.0108277   0.613843  -0.532256 0.00414869   0.844408
    11.899  -0.400994 -0.0129583   0.609049    -0.52896 -0.00341967     0.84099
   11.9032  -0.389809 -0.0145562   0.605321  -0.522246 -0.0106218   0.836717
    11.909  -0.382885 -0.0140235   0.609582 -0.520171 -0.010866  0.834154
   11.9132  -0.387146 -0.0129583   0.615974  -0.527495 -0.0101335   0.844041
    11.919  -0.385548 -0.0150888   0.619702   -0.541411 -0.00695971    0.855882
   11.9233  -0.388744 -0.0172193   0.627691   -0.546782 0.000242443    0.851732
    11.929  -0.395135 -0.0172193   0.635681  -0.535918 0.00463697   0.836107
   11.9333 -0.393537 -0.017752  0.634616   -0.520781 -1.6978e-06    0.829271
   11.9389   -0.39407 -0.0188172   0.627691   -0.511748 -0.00952318    0.840501
   11.9432  -0.388744 -0.0182846    0.62343  -0.510405 -0.0128191   0.849046
    11.949  -0.381819 -0.0145562   0.625561    -0.51541 -0.00427416    0.850389
   11.9532   -0.390874 -0.00922985    0.633018 -0.526763  0.011595  0.854906
    11.959   -0.404723 -0.00337089     0.64154  -0.53897 0.0251448  0.849535
   11.9634   -0.411114 0.000890165     0.64367 -0.537016 0.0285628  0.833665
   11.9688    -0.417506 -0.000175099     0.641007 -0.525786 0.0174544  0.824266
   11.9732 -0.421767 -0.001773  0.637279  -0.526152 0.00305006   0.831102
   11.9791   -0.418038 -0.00124036    0.640475 -0.537261 -0.005739  0.840257
   11.9835   -0.415375 -0.00496879    0.648997    -0.54373 -0.00659349    0.841478
    11.989  -0.416973 -0.0124256    0.65166   -0.547637 -0.00317553    0.840745
   11.9932  -0.418571 -0.0225457   0.646334    -0.54727 -0.00500658    0.833665
    11.999  -0.420702 -0.0316004   0.639409  -0.538359 -0.0153826   0.832201
   12.0032  -0.418038 -0.0342636   0.630887  -0.523833 -0.0285662   0.835496
    12.009  -0.413245 -0.0316004   0.625561  -0.517241 -0.0360124   0.836595
   12.0133  -0.405255 -0.0273393   0.624496  -0.522002 -0.0382097   0.846849
    12.019  -0.398331 -0.0225457   0.627691  -0.532744 -0.0310076    0.85283
   12.0232  -0.399929 -0.0182846   0.634083  -0.539824 -0.0189226   0.848192
    12.029  -0.400994 -0.0156214    0.63142  -0.537871 -0.0146501   0.843309
   12.0333  -0.403125 -0.0102951   0.628757  -0.532134 -0.0192888   0.837327
   12.0391   -0.405788 -0.00390353    0.631952   -0.52249 -0.0263689   0.833055
   12.0432   -0.400994 0.000357533    0.635148 -0.517607 -0.030031  0.835008
    12.049   -0.397798 0.000890165    0.634616 -0.520049 -0.026613  0.841356
   12.0534   -0.392472 -0.00390353    0.627691  -0.530913 -0.0157488   0.847459
   12.0589   -0.391407 -0.00922985      0.6213   -0.541411 -0.00378588     0.84807
   12.0631  -0.397798 -0.0129583   0.622365  -0.541533 0.00439283   0.842088
    12.069  -0.402059 -0.0156214   0.623963  -0.535552 0.00610182   0.834276
   12.0732  -0.400994 -0.0166867   0.622365   -0.532378 0.000730724    0.831346
   12.0791  -0.393005 -0.0172193   0.627691   -0.533598 -0.00232103    0.835985
   12.0836  -0.388744 -0.0166867   0.637811   -0.537383 -1.6978e-06    0.840501
   12.0889 -0.391939 -0.017752  0.638877  -0.542876 0.00305006   0.844652
   12.0932  -0.397266 -0.0193499   0.631952   -0.543974 0.000242443    0.847703
    12.099  -0.394603 -0.0198825   0.626094   -0.539092 -0.00854662    0.841844
   12.1032   -0.38395 -0.0209478   0.621832 -0.526396 -0.016237   0.83098
    12.109  -0.373297 -0.0193499   0.614376  -0.516997 -0.0200212   0.825365
   12.1133  -0.369569 -0.0145562   0.610115  -0.521025 -0.0185564   0.830369
    12.119   -0.37383 -0.0108277   0.606386  -0.531645 -0.0129412   0.842088
   12.1233  -0.380754 -0.0108277   0.594136   -0.539092 -0.00647142    0.846727
    12.129  -0.388211 -0.0129583   0.577624   -0.541655 -0.00366381      0.8416
   12.1331  -0.395135 -0.0150888   0.566971   -0.537993 -0.00891283    0.835863
    12.139   -0.39407 -0.0161541   0.562178  -0.530913 -0.0190447   0.829393
   12.1434 -0.382885 -0.017752  0.561645  -0.527739 -0.0250261   0.829393
    12.149  -0.372765 -0.0209478    0.56271 -0.529814 -0.024782  0.840257
   12.1532  -0.371167 -0.0225457   0.561112  -0.537505 -0.0208757   0.848436
    12.159  -0.371699 -0.0225457    0.56058  -0.541899 -0.0155046   0.849168
   12.1633  -0.369569 -0.0230783    0.56058  -0.539702 -0.0136736   0.847337
   12.1689  -0.364775 -0.0230783   0.563243  -0.532622 -0.0136736   0.840868
   12.1733  -0.357851 -0.0188172   0.568037 -0.522734 -0.012697  0.832811
   12.1791  -0.351992 -0.0134909     0.5707  -0.518218 -0.0128191   0.833665
   12.1833   -0.353057 -0.00976248    0.569102  -0.524321 -0.0147722   0.843187
    12.189   -0.356786 -0.00709932    0.566439  -0.534209 -0.0128191   0.850511
   12.1933   -0.361579 -0.00656669    0.562178   -0.539458 -0.00891283    0.847703
    12.199   -0.367971 -0.00816458    0.558982   -0.541899 -0.00915697    0.838426
   12.2033  -0.366906 -0.0113604   0.556851  -0.538603 -0.0137956   0.830492
    12.209  -0.358916 -0.0134909   0.557384 -0.530425 -0.021364  0.825365
   12.2134   -0.35359 -0.0140235    0.56058  -0.527617 -0.0253923   0.829149
    12.219  -0.352525 -0.0166867   0.561112  -0.530913 -0.0280779   0.841112
   12.2232  -0.350927 -0.0188172   0.560047  -0.537993 -0.0223406   0.848314
    12.229  -0.346133 -0.0204151   0.556851  -0.541411 -0.0130632   0.847826
   12.2334  -0.345068 -0.0225457   0.553656   -0.538603 -0.00708178    0.843065
   12.2389  -0.345068 -0.0198825   0.553656   -0.534331 -0.00219896    0.837083
   12.2431  -0.339209 -0.0150888   0.553656   -0.525908 -0.00500658    0.834032
    12.249 -0.337611 -0.011893  0.549927  -0.517485 -0.0117204   0.836839
   12.2533 -0.339741 -0.011893  0.539275 -0.519316 -0.017824   0.84453
    12.259  -0.339741 -0.0145562   0.528622  -0.529936 -0.0197771   0.852464
   12.2634   -0.33548 -0.0156214   0.523296  -0.535185 -0.0164812   0.852464
   12.2689  -0.323762 -0.0145562   0.515839  -0.535185 -0.0159929   0.842943
   12.2732  -0.312577 -0.0140235   0.511045  -0.531035 -0.0195329   0.834276
   12.2791  -0.309381 -0.0124256   0.510512  -0.526885 -0.0231951   0.833665
   12.2835   -0.304588 -0.00922985    0.506251  -0.527373 -0.0252703   0.835985
   12.2888   -0.302457 -0.00656669    0.502523  -0.530058 -0.0218523    0.84099
   12.2933   -0.304055 -0.00496879    0.496664  -0.536406 -0.0141619   0.844285
    12.299    -0.30512 -0.00443616     0.49187   -0.543608 -0.00403002    0.840745
   12.3033   -0.308849 -0.00337089    0.494533  -0.544951 0.00243971   0.834398
    12.309   -0.310447 -0.00390353    0.496664  -0.535674 0.00219557   0.825853
   12.3134    -0.31311 -0.00603405    0.497729    -0.52957 -0.00097826     0.82512
    12.319   -0.316306 -0.00603405    0.499327  -0.534209 0.00109694   0.832078
   12.3234   -0.317904 -0.00603405    0.501458  -0.541411 0.00768873   0.836229
    12.329   -0.330154 -0.00976248    0.503056 -0.543974 0.0147688  0.836107
   12.3332   -0.34347 -0.0161541   0.505719 -0.545439 0.0191633  0.836107
    12.339 -0.347198 -0.022013  0.504121 -0.539702 0.0119612  0.836107
   12.3432  -0.350927 -0.0257414   0.501458   -0.527861 0.000486583    0.836229
   12.3489  -0.346133 -0.0246762   0.502523   -0.519438 -0.00598314    0.836839
   12.3532  -0.339741 -0.0241436   0.500392  -0.515044 -0.0104997    0.84221
    12.359  -0.334948 -0.0252088    0.50199   -0.521147 -0.00940111    0.853563
   12.3634  -0.326958 -0.0236109   0.502523   -0.531767 -0.00464037    0.861497
    12.369  -0.321099 -0.0230783   0.500925   -0.533232 -0.00146654    0.861986
   12.3732   -0.31524 -0.0182846   0.505719   -0.523833 -0.00232103    0.850877
   12.3791  -0.313642 -0.0113604   0.507317  -0.509551 -0.0106218   0.842454
   12.3835    -0.30299 -0.00763195    0.498794  -0.502715 -0.0219744   0.846727
   12.3889   -0.290739 -0.00337089    0.488674  -0.510283 -0.0233171    0.85161
   12.3931  -0.291272 0.00302069   0.493468  -0.525298 -0.0102556    0.85222
    12.399  -0.290739 0.00834702   0.502523 -0.536406 0.0045149  0.846483
   12.4034  -0.292337 0.00674912   0.496664  -0.537993 0.00903151   0.839525
    12.409  -0.292337 0.00248806   0.484946  -0.533598 0.00390455   0.835008
   12.4132 -0.288609 0.0014228  0.476424    -0.526518 -0.000612049     0.831956
    12.419    -0.289141 -0.000707732     0.473761   -0.520049 -0.00268724    0.831712
   12.4234   -0.289674 -0.00337089    0.472163 -0.523955 0.0045149  0.832811
    12.429   -0.289141 -0.00550142    0.467902 -0.535918 0.0162337  0.837694
   12.4333      -0.295 -0.00869722    0.462043 -0.545683 0.0250227  0.843431
    12.439  -0.310447 -0.0124256   0.456184 -0.544707  0.025511  0.839525
   12.4434 -0.315773 -0.017752   0.44926 -0.532012  0.013426   0.83098
    12.449  -0.308316 -0.0204151   0.438607   -0.520415 -0.00488451    0.832689
   12.4531  -0.304055 -0.0209478   0.434346  -0.519194 -0.0209978    0.84221
    12.459  -0.298729 -0.0214804   0.435944  -0.524565 -0.0255144   0.853197
   12.4634  -0.297663 -0.0198825    0.44127  -0.529692 -0.0207537   0.855638
    12.469 -0.293935 -0.017752  0.449792  -0.534209 -0.0130632    0.85161
   12.4733  -0.282217 -0.0156214   0.452988  -0.528349 -0.0150163   0.850633
   12.4791  -0.273162 -0.0113604   0.446596  -0.517363 -0.0216081   0.848192
   12.4834   -0.266771 -0.00603405    0.435944  -0.507598 -0.0294206   0.846483
    12.489  -0.265173 0.00302069   0.433813  -0.507109 -0.0269792   0.839525
   12.4931 -0.266771 0.0120754   0.44127   -0.513457 -0.00610521    0.832811
    12.499  -0.27263 0.0147386  0.437009 -0.523833 0.0159895  0.836107
   12.5036 -0.285413 0.0110102    0.4189 -0.532988 0.0264876  0.840623
    12.509   -0.30299 0.00781438   0.400257 -0.533965 0.0236799  0.835863
   12.5134  -0.320034 0.00781438   0.391203 -0.531523 0.0146467   0.82512
    12.519  -0.322697 0.00355333   0.394931  -0.530058 0.00610182   0.826952
   12.5233   -0.313642 -0.00709932    0.399192  -0.537139 0.00134108   0.836961
   12.5289 -0.312577 -0.022013  0.399725   -0.538848 -0.00720385    0.846605
   12.5332  -0.316838 -0.0363941   0.396529  -0.540068 -0.0139177   0.857347
    12.539  -0.312045 -0.0475794   0.391735   -0.53604 -0.0203874   0.856248
   12.5433  -0.299794 -0.0513078    0.38854  -0.522734 -0.0286882   0.850877
    12.549  -0.284348 -0.0475794    0.38854 -0.513457  -0.03528  0.851976
   12.5533  -0.267836 -0.0390573   0.396529  -0.508208 -0.0388201   0.854295
   12.5589  -0.251857 -0.0284046   0.407714  -0.506133 -0.0366228   0.856493
   12.5631  -0.235346 -0.0166867   0.419432 -0.510649 -0.026491  0.860765
    12.569   -0.225758 -0.00337089    0.434346   -0.523589 -0.00818041    0.866136
   12.5734  -0.228421 0.00887965   0.448194  -0.529936 0.00854322   0.862718
   12.5791 -0.230552 0.0205976  0.458847 -0.526763 0.0194075   0.85161
   12.5835 -0.234813 0.0312502  0.465771 -0.529448 0.0239241  0.837083
   12.5889 -0.244933 0.0355113  0.466836 -0.533598 0.0196516  0.828783
   12.5933 -0.247596  0.034446  0.468434 -0.543486 0.0176985  0.826097
    12.599 -0.251857 0.0291197  0.470032 -0.559599 0.0261213  0.824022
   12.6033  -0.26464 0.0163365  0.464173 -0.562407 0.0284407  0.821702
    12.609   -0.273695 0.000357533    0.448194 -0.559355 0.0230696  0.815477
   12.6135 -0.275293 -0.011893  0.431683 -0.554961 0.0153792  0.809618
    12.619  -0.274228 -0.0214804   0.418367  -0.547026 0.00573561   0.808397
   12.6232  -0.278489 -0.0316004   0.404519   -0.542143 -0.00317553    0.811693
    12.629  -0.284348 -0.0406552   0.392801   -0.545683 -0.00793627    0.820848
   12.6333  -0.285946 -0.0459815   0.383213  -0.555815 -0.0090349   0.835252
    12.639  -0.279554 -0.0475794    0.38055   -0.559355 -0.00988939    0.840745
   12.6433  -0.275293 -0.0475794   0.377887  -0.548247 -0.0159929   0.836107
    12.649  -0.277956 -0.0438509     0.3683  -0.532134 -0.0292986   0.832811
   12.6533  -0.266238 -0.0347962   0.364038  -0.524077 -0.0412615   0.838304
    12.659  -0.255053 -0.0214804   0.368832  -0.525664 -0.0468767   0.843797
   12.6633    -0.25239 -0.00869722    0.375224  -0.528472 -0.0450456   0.844774
    12.669   -0.243335 -0.00283826    0.376289  -0.535796 -0.0368669    0.84514
   12.6732   -0.237476 0.000357532     0.37842  -0.546172 -0.0284441   0.846239
   12.6791  -0.234813 0.00461859   0.378952  -0.545683 -0.0294206   0.850023
   12.6835  -0.228421 0.00568386   0.373093  -0.537383 -0.0390642   0.844285
   12.6889  -0.220964 0.00408596    0.37043  -0.525786 -0.0495622   0.838182
   12.6933  -0.210312 -0.0001751   0.361375  -0.517973 -0.0601824   0.842088
    12.699   -0.204453 -0.00763195    0.345929  -0.525298 -0.0672624   0.849779
   12.7034  -0.198061 -0.0166867   0.326754    -0.5325 -0.0698259   0.854906
   12.7088  -0.185811 -0.0236109   0.310243  -0.529326 -0.0725115   0.848802
   12.7132  -0.171962 -0.0268067   0.299057  -0.519072 -0.0795915   0.840623
   12.7191  -0.157049 -0.0300025   0.283078  -0.504302 -0.0892351   0.844163
    12.723  -0.149592 -0.0363941   0.258577  -0.486846 -0.0981462   0.852098
    12.729  -0.142135 -0.0486446   0.221293 -0.468779 -0.104006  0.857591
   12.7333 -0.132547 -0.058232  0.185607 -0.466216 -0.104372  0.865282
   12.7389 -0.127221 -0.058232  0.163236 -0.471099 -0.101442  0.875413
   12.7431  -0.114438 -0.0534383   0.141398  -0.472441 -0.0932634   0.884202
    12.749 -0.0979264 -0.0470467   0.123821 -0.470732 -0.092531  0.883348
   12.7533 -0.0862085 -0.0401225   0.111038  -0.459868 -0.0996111    0.88286
    12.759 -0.0702295 -0.0326657  0.0902655 -0.443144 -0.101564  0.881029
   12.7634 -0.0558485 -0.0209478  0.0764171  -0.439849 -0.0947283   0.879686
    12.769  -0.0505221 -0.00337089    0.072156  -0.451201 -0.0843523   0.892992
   12.7732 -0.0462611  0.0104775  0.0583076 -0.457182 -0.073488  0.899095
   12.7791 -0.0393369  0.0168691  0.0338065  -0.457427 -0.0679949   0.886034
   12.7835 -0.0334779  0.0205976 0.00930541  -0.461089 -0.0744646   0.870897
    12.789  -0.0260211   0.0269891 -0.00720619   -0.45938 -0.0784929   0.860643
   12.7931 -0.00471577   0.0408376  -0.0135978  -0.468657 -0.0653093   0.859788
    12.799 0.00220845   0.054686 -0.0024125  -0.515532 -0.0445574   0.870531
   12.8033 0.0096653  0.054686 0.0125012  -0.550566 -0.0413835   0.857713
    12.809 0.0261769 0.0498923  0.015697  -0.553374 -0.0466326   0.838426
   12.8133 0.0256443  0.044566 0.0210233  -0.541045 -0.0440691   0.818651
   12.8187  0.034699 0.0355113 0.0247517  -0.520049 -0.0328386   0.801073
   12.8233 0.0362969 0.0269891 0.0140991 -0.522978 0.0117171  0.825975
    12.829  0.0283074  0.0221955 0.00504436 -0.534575 0.0476057   0.84868
   12.8335  0.00646951   0.0158039 -0.00560829 -0.538725 0.0571272  0.836961
    12.839 -0.0153684 0.00941228 -0.0162609 -0.542876 0.0666487  0.825243
   12.8432  -0.0361411 0.000890165  -0.0258483 -0.534575 0.0509016  0.825365
    12.849  -0.0569137 -0.00763195  -0.0354357 -0.526274 0.0351546  0.825487
   12.8532 -0.0569137  -0.011893 -0.0418273   -0.52896 0.00866529   0.835008
    12.859 -0.0569137 -0.0161541 -0.0482189 -0.531645 -0.017824   0.84453
   12.8632 -0.0483916 -0.0225457 -0.0444904  -0.540679 -0.0366228   0.849779
    12.869 -0.0398695 -0.0289372  -0.040762  -0.549712 -0.0554216   0.855028
   12.8732 -0.0244232 -0.0310678 -0.0285115  -0.540068 -0.0632341   0.854051
   12.8791 -0.00897682  -0.0331983  -0.0162609  -0.530425 -0.0710466   0.853075
   12.8837  0.00913267   -0.027872 -0.00667355   -0.51602 -0.0627458   0.857103
    12.889  0.0272422 -0.0225457 0.00291383  -0.501616 -0.0544451   0.861131
   12.8934  0.0315032 -0.0108277 0.00877278  -0.496489 -0.0324724   0.858812
    12.899   0.0357643 0.000890165   0.0146317  -0.491362 -0.0104997   0.856493
   12.9032  0.0229811 0.00994491  0.0103707 -0.499785 0.0109846  0.856737
   12.9091  0.0101979  0.0189997 0.00610962 -0.508208  0.032469  0.856981
   12.9135 -0.0052484  0.0253912 0.00184856 -0.509673 0.0308821  0.848314
   12.9191 -0.0206947  0.0317828 -0.0024125 -0.511138 0.0292952  0.839647
   12.9232  -0.0212274   0.0323155 -0.00880408 -0.513457 0.0118391  0.835618
   12.9291   -0.02176  0.0328481 -0.0151957   -0.515776 -0.00561693     0.83159
   12.9332 -0.0244232  0.0264565 -0.0167936  -0.535918 -0.0100115    0.83867
   12.9391 -0.0270863  0.0200649 -0.0183915 -0.556059 -0.014406   0.84575
   12.9435 -0.0222926 0.00728175 -0.0162609  -0.554473 -0.0224626   0.841234
    12.949  -0.0174989 -0.00550142  -0.0141304  -0.552886 -0.0305193   0.836717
   12.9533 -0.00471577  -0.0140235  -0.0119999  -0.540434 -0.0341814   0.835496
   12.9591  0.00806741  -0.0225457 -0.00986935  -0.527983 -0.0378435   0.834276
   12.9633    0.014459  -0.0230783 -0.00827145  -0.523833 -0.0271013   0.842577
   12.9691   0.0208506  -0.0236109 -0.00667356  -0.519682 -0.0163591   0.850877
   12.9735   0.0128611  -0.0204151 -0.00880408   -0.517973 -0.00280932    0.853685
   12.9791 0.00487161 -0.0172193 -0.0109346 -0.516264 0.0107405  0.856493
   12.9832 -0.00311787  -0.0102951 -0.00933672  -0.506743 0.00732252   0.851366
   12.9891  -0.0111074 -0.00337089 -0.00773882  -0.497222 0.00390455   0.846239
   12.9934  -0.0127053  0.00515122 -0.00986935   -0.500395 -0.00390795    0.848192
   12.9991 -0.0143031  0.0136733 -0.0119999  -0.503569 -0.0117204   0.850145
   13.0033  -0.0174989   0.0158039 -0.00933672  -0.518096 -0.0106218   0.853075
    13.009  -0.0206947   0.0179344 -0.00667356   -0.532622 -0.00952318    0.856004
   13.0133  -0.0174989   0.0152712 -0.00720619    -0.5325 -0.0158708   0.847703
   13.0191 -0.00844419   0.0104775 -0.00667355  -0.528105 -0.0268572   0.835252
   13.0234  0.00433898  0.00621649 -0.00560829  -0.523711 -0.0313738   0.832201
   13.0291   0.0112632  0.00408596 -0.00560829  -0.523589 -0.0312517   0.833299
   13.0332   0.0096653  0.00195543 -0.00454303  -0.529936 -0.0200212   0.842088
   13.0391  0.00806741  -0.0001751 -0.00347776   -0.536284 -0.00879076    0.850877
   13.0433 -0.000454709  -0.00390353  -0.00347776    -0.534697 -0.000612049      0.84868
   13.0491 -0.00950946 -0.00922985 -0.00667355  -0.526885 0.00610182   0.841478
   13.0534 -0.00418313   -0.011893  -0.0130651  -0.514189 0.00109694   0.835741
   13.0591 -0.00151997 -0.00976248   -0.014663   -0.506011 -0.00549486    0.836717
   13.0633 -0.00631366 -0.00443616  -0.0119999   -0.508696 -0.00879076    0.844041
   13.0689 -0.00791156 -0.00230563  -0.0109346  -0.513091 -0.0090349   0.849657
   13.0732   -0.015901 -0.00124036   -0.010402   -0.521269 -0.00854662    0.853685
   13.0791  -0.0244232   0.0014228 -0.00986935  -0.528227 -0.0107439   0.855516
   13.0834 -0.0169663  0.0014228 -0.0114672 -0.522978 -0.017946  0.848802
   13.0891 -0.00418313   0.0014228  -0.0114672  -0.515532 -0.0261247   0.841722
   13.0934 -0.00151997  0.00568386 -0.00614092  -0.512602 -0.0297869   0.840013
   13.0991 7.79238e-05  0.00834702  -0.0024125  -0.517119 -0.0253923   0.844774
   13.1034  0.00593688  0.00621649 -0.00347776  -0.526274 -0.0147722   0.851854
   13.1091  0.00487161  0.00355333 -0.00507566   -0.533598 -0.00378588    0.854051
   13.1134 -0.00205261  0.00248806 -0.00560829 -0.532134 0.0020735  0.848802
    13.119 -0.00631366 0.000890165 -0.00507566   -0.522856 0.000242443     0.83867
   13.1231  -0.0052484   0.0014228 -0.00560829   -0.513945 -0.00561693    0.831834
   13.1291 -0.00151997  0.00302069 -0.00773882  -0.512358 -0.0090349    0.83452
   13.1335 -0.00205261  0.00302069 -0.00933672    -0.51834 -0.00830248    0.844041
   13.1388 -0.00844419   0.0014228   -0.010402  -0.528105 -0.0045183   0.853075
   13.1432 -0.0121726  -0.001773 -0.0114672   -0.535185 -0.00293139    0.855394
   13.1491  -0.0127053 -0.00337089  -0.0130651   -0.533843 -0.00683764     0.84929
   13.1533  -0.0143031 -0.00390353  -0.0119999  -0.525786 -0.0159929   0.841966
   13.1591  -0.0153684 -0.00283826 -0.00720619  -0.517119 -0.0242937   0.838548
   13.1635  -0.00684629 -0.000707732  -0.00560829  -0.513701 -0.0263689   0.840013
    13.169  0.00220845  -0.0001751 -0.00614092  -0.516997 -0.0223406   0.848192
   13.1732  0.00646951 -0.00230563 -0.00720619 -0.524565 -0.012697  0.856004
   13.1791  0.00593688 -0.00283826 -0.00986935   -0.528594 -0.00390795    0.856493
   13.1837 -0.00311787 0.000357533 -0.00933672   -0.523955 -0.00146654    0.849657
   13.1888 -0.00737893  0.00195543 -0.00720619   -0.515654 -0.00512865    0.841356
   13.1933 -0.00311787  0.00302069 -0.00880408  -0.509551 -0.0100115   0.837694
   13.1991 0.000610556  0.00461859   -0.010402  -0.511138 -0.0117204   0.840868
   13.2035 -0.00418313  0.00674912 -0.00880408   -0.520415 -0.00854662    0.847826
   13.2091  -0.0121726  0.00728175 -0.00827145   -0.530425 -0.00476244     0.85222
   13.2131  -0.0174989  0.00568386 -0.00880408   -0.535063 -0.00427416    0.850877
   13.2191   -0.015901  0.00248806 -0.00986935   -0.532256 -0.00854662     0.84575
   13.2232   -0.0111074 -0.000707732  -0.00880408  -0.523955 -0.0172136   0.838914
   13.2291 -0.00471577 -0.00124036 -0.00614092  -0.516387 -0.0234392   0.835252
   13.2333   0.00220845 -0.000707732  -0.00614092  -0.516264 -0.0227068   0.840257
   13.2391  0.00433898   -0.001773 -0.00667356  -0.522978 -0.0155046   0.849901
   13.2432 0.000610556 -0.00337089 -0.00667356   -0.529692 -0.00659349     0.85576
   13.2489 -0.00418313 -0.00390353 -0.00773882   -0.529936 -0.00158861    0.854173
   13.2532 -0.00578103 -0.00443616 -0.00933672   -0.523711 -0.00256517    0.845994
   13.2591  -0.0068463 -0.00283826 -0.00880408   -0.514678 -0.00842455    0.838914
   13.2634 -0.00471577 0.000357533 -0.00773882  -0.510039 -0.0133074   0.838426
   13.2691 -0.00311787  0.00355333 -0.00720619  -0.513457 -0.0131853   0.843553
   13.2733 -0.00578103  0.00515122 -0.00827145   -0.521391 -0.00927904    0.850633
   13.2791 -0.00844419  0.00461859   -0.010402   -0.528716 -0.00561693    0.854051
   13.2835 -0.0111074 0.00302069  -0.010402   -0.530913 -0.00598314     0.85161
    13.289  -0.0132379   0.0014228 -0.00773882 -0.526763 -0.010866   0.84453
   13.2931  -0.0100421  0.00195543 -0.00667355 -0.519805 -0.017946  0.839036
   13.2991 -0.00311787  0.00302069 -0.00720619 -0.515532 -0.021364  0.836717
   13.3035  0.00114319  0.00302069 -0.00667356  -0.518096 -0.0185564   0.840501
    13.309  0.00167582   0.0014228 -0.00667356  -0.529448 -0.0117204   0.852708
   13.3132 -0.00151997   -0.001773 -0.00773882   -0.536528 -0.00378588    0.857835
   13.3191 -0.00844419 -0.00283826 -0.00827145   -0.531767 -0.00146654    0.848924
   13.3235 -0.00844419 -0.00230563 -0.00933672   -0.520049 -0.00683764    0.836839
   13.3289 -0.000987342  -0.00230563    -0.010402  -0.511015 -0.0140398    0.83159
   13.3332   0.00114319 -0.000175099  -0.00880408  -0.512114 -0.0166033   0.837816
   13.3391 -0.00205261  0.00355333 -0.00827145  -0.520537 -0.0134294   0.849657
   13.3435 -0.00578103  0.00408596 -0.00880408   -0.530913 -0.00842455    0.857835
    13.349  -0.0068463 0.000357532   -0.010402   -0.535796 -0.00500658    0.858446
   13.3531 -0.00791156 -0.00230563   -0.010402    -0.53311 -0.00512865    0.850755
   13.3591 -0.00844419 -0.00337089 -0.00933672   -0.52249 -0.0104997   0.839891
   13.3635 -0.00418314 -0.00443616 -0.00880408 -0.510161 -0.017824  0.833299
    13.369 -0.000454709  -0.00337089  -0.00720619  -0.506987 -0.0192888   0.836229
   13.3733 -0.000454709  -0.00124036  -0.00614092  -0.513701 -0.0134294   0.846361
   13.3791  -0.0052484  -0.0001751 -0.00560829   -0.522978 -0.00598314    0.854906
   13.3834  -0.0105747  -0.0001751 -0.00720619   -0.527617 -0.00219896    0.856493
   13.3891  -0.0121726  -0.0001751 -0.00933672   -0.525542 -0.00354174    0.851488
   13.3933 -0.00950946 0.000890165  -0.0109346   -0.518828 -0.00988939    0.844896
    13.399 -0.00737893  0.00355333 -0.00986935  -0.512358 -0.0168474   0.840379
   13.4031 -0.00418313  0.00621649 -0.00773882  -0.512236 -0.0197771   0.840623
   13.4091  0.00114319  0.00728175 -0.00880408  -0.520171 -0.0167253   0.846605
   13.4133 -0.000987342   0.00621649  -0.00933672  -0.530913 -0.0100115   0.853197
   13.4191 -0.00737893  0.00461859 -0.00986935   -0.535796 -0.00622728    0.853685
   13.4233 -0.00844419  0.00355333 -0.00986935   -0.531645 -0.00769213    0.846361
   13.4291 -0.00791156  0.00248806 -0.00614092   -0.52249 -0.0131853   0.836595
   13.4334  -0.0100421  0.00248806 -0.00134723  -0.515532 -0.0174578   0.833543
    13.439 -0.0052484 0.00195543 -0.0024125  -0.516142 -0.0157488   0.839403
   13.4432  0.00167582 0.000357532 -0.00827145   -0.523589 -0.00927904    0.849046
   13.4491 -0.00151997 -0.00124036 -0.00933672   -0.530669 -0.00232103    0.855394
   13.4535 -0.00897683 -0.00230563 -0.00933672   -0.531523 -1.6978e-06    0.852708
   13.4588    -0.01164 -0.00230563  -0.0114672   -0.525298 -0.00415209    0.844285
   13.4632 -0.00844419 -0.00230563  -0.0119999  -0.516631 -0.0119646   0.837694
   13.4691  -0.00418313 -0.000707732    -0.010402 -0.510893 -0.019655  0.838426
   13.4734  0.00327372   0.0014228 -0.00773882  -0.514311 -0.0274675   0.845262
   13.4791  0.00860004  0.00248806 -0.00294513  -0.523589 -0.0384538    0.85515
   13.4836 0.00753477 0.00461859 0.00610962 -0.528594 -0.045656  0.859178
   13.4889  0.0187201 0.00621649 0.00770752   -0.52603 -0.0346697   0.855394
   13.4933  0.0293727 0.00674912 0.00664225  -0.522978 -0.0158708   0.847215
   13.4991  0.0251116 0.00781438  0.0140991   -0.518828 -0.00598314     0.84807
   13.5034 0.0224485 0.0110102  0.015697   -0.515654 -0.00207689    0.854173
   13.5091  0.0208506  0.0136733 0.00983805  -0.519682 0.00353834   0.849779
   13.5135  0.0128611  0.0131407 0.00504436 -0.523589  0.015135  0.843187
   13.5191 -0.000454709    0.0110102  0.000783296 -0.523833 0.0240462  0.836595
   13.5232  -0.0105747  0.00781438 -0.00560829 -0.522124 0.0205061  0.833299
   13.5291 -0.0143031 0.00621649 -0.0114672  -0.519194 0.00622389   0.833665
   13.5335 -0.0132379 0.00568386 -0.0135978   -0.517363 -0.00891283    0.835618
   13.5391 -0.00471577  0.00355333  -0.0151957  -0.519927 -0.0170915   0.840379
   13.5434 -0.0036505 0.00195543 -0.0130651  -0.525908 -0.0197771   0.847093
   13.5491 -0.00737893 0.000357533 -0.00880408  -0.532012 -0.0212419   0.853929
   13.5534 -0.00578103 -0.00230563 -0.00614092    -0.5325 -0.0224626   0.856126
   13.5591 -0.00311787 -0.00283826 -0.00454303  -0.526274 -0.0216081   0.849901
   13.5633  0.00274109 -0.00124036 -0.00401039  -0.514433 -0.0206316   0.842332
   13.5691   0.00646951   0.00355333 -0.000814598  -0.504546 -0.0189226   0.841112
   13.5734  0.00913267  0.00941228 0.000783298  -0.504546 -0.0146501   0.848436
   13.5791  0.0117958  0.0136733 -0.0008146   -0.511992 -0.00988939    0.858079
   13.5835  0.0133937  0.0174018 -0.0008146   -0.519927 -0.00476244    0.861375
   13.5889 0.00593688  0.0189997 0.00557699   -0.521514 -0.00171068    0.856859
   13.5933 7.79238e-05   0.0216628  0.00877278   -0.513823 -0.00525072    0.853929
   13.5991 0.00860004  0.0269891 0.00291383   -0.50833 -0.0136736   0.848314
   13.6034  0.0139264  0.0339134 0.00131593 -0.510527 -0.017824   0.84514
    13.609  0.0123285  0.0397723 0.00770752  -0.515044 -0.0177019   0.851366
   13.6131 0.0117958 0.0413702 0.0119686  -0.525542 -0.0169695   0.857347
   13.6191 0.0117958 0.0413702 0.0103707  -0.536772 -0.0140398   0.859056
   13.6237  0.0107306  0.0397723 0.00983805  -0.539702 -0.0118425   0.849779
   13.6289  0.014459 0.0355113 0.0109033  -0.534331 -0.0130632   0.836961
   13.6332 0.0197853 0.0317828 0.0125012  -0.525542 -0.0147722   0.829515
    13.639 0.0229811 0.0301849 0.0119686  -0.520293 -0.0119646   0.826463
   13.6431 0.0224485  0.028587 0.0109033   -0.521391 -0.00219896    0.829515
   13.6491  0.014459 0.0232607 0.0146317 -0.529814 0.0137922  0.836229
   13.6533 -0.00418313   0.0158039   0.0247517 -0.541045 0.0325911  0.840623
   13.6591 -0.0297495 0.00674912  0.0412633 -0.546904 0.0472395  0.837572
   13.6633  -0.0569137 -0.00550142   0.0652318 -0.542388 0.0537092  0.829515
   13.6689 -0.0899369 -0.0161541  0.0987876 -0.52957 0.053221 0.823534
   13.6732  -0.119764 -0.0241435   0.135539 -0.519316 0.0466292  0.822435
   13.6791  -0.148526 -0.0273393   0.170693  -0.51895 0.0379622  0.832078
   13.6836   -0.18155 -0.0268067   0.211706 -0.526885 0.0334456  0.846239
   13.6891  -0.212442 -0.0246762   0.255914  -0.53311 0.0312483  0.856615
   13.6932  -0.233215 -0.0230783   0.297992 -0.532378  0.029051  0.857103
   13.6991  -0.250792 -0.0204151   0.342201 -0.524931 0.0241682  0.849901
   13.7034  -0.270499 -0.0129583   0.385344 -0.516387 0.0157454  0.845628
   13.7091   -0.279554 -0.00283826    0.419432 -0.517119 0.0100081   0.84575
   13.7132  -0.289141 0.00834702   0.454586 -0.527861 0.0106184   0.84868
   13.7191 -0.309381 0.0189997  0.492935 -0.542021 0.0178206  0.847703
   13.7234 -0.332817 0.0248586  0.523828  -0.54605 0.0261213  0.836473
   13.7291 -0.356786 0.0248586  0.547797 -0.541289 0.0317366  0.822679
   13.7334 -0.372765 0.0227281  0.571232 -0.545073 0.0338118  0.819261
   13.7391 -0.386613 0.0205976   0.60106  -0.55374 0.0340559  0.825609
   13.7433 -0.405255 0.0152712  0.630887 -0.555571 0.0371077  0.829759
   13.7491  -0.421767 0.00568386   0.658584 -0.560088 0.0407698  0.827318
   13.7534   -0.442007 -0.00230563    0.685748 -0.567412 0.0382063  0.824144
    13.759   -0.463845 -0.00922985    0.706521 -0.566435 0.0311262  0.822923
   13.7632  -0.478758 -0.0166867   0.720369 -0.560088 0.0206282  0.821825
   13.7691  -0.492074 -0.0230783   0.734218  -0.550566 0.00512526    0.82158
   13.7733  -0.501662 -0.0284046   0.750729  -0.539824 -0.0101335   0.825243
   13.7791  -0.504325 -0.0331983   0.767774  -0.536284 -0.0208757   0.832201
   13.7835  -0.504857 -0.0374594   0.783753  -0.539702 -0.0252703   0.841356
   13.7891  -0.509118 -0.0401225   0.801862  -0.542143 -0.0231951   0.849046
   13.7934  -0.514977 -0.0401225   0.820504  -0.538603 -0.0188005   0.851243
    13.799  -0.522967 -0.0358615   0.840212  -0.527861 -0.0151384   0.849168
   13.8033  -0.530424 -0.0294699   0.860984  -0.515532 -0.0114763   0.846971
   13.8091  -0.533087 -0.0241436   0.878561   -0.505522 -0.00927904    0.845384
   13.8135  -0.54374 -0.017752   0.89454   -0.502837 -0.00464037    0.847337
   13.8188  -0.559719 -0.0102951   0.911052  -0.511992 0.00646803    0.85283
   13.8232   -0.573567 -0.00603405    0.927563  -0.52249 0.0179426  0.855028
   13.8291   -0.591144 -0.00603405    0.948336  -0.52664 0.0258772  0.853319
   13.8334   -0.613514 -0.00656669    0.970707  -0.52188 0.0249006  0.844774
    13.839   -0.628961 -0.00763195    0.986153 -0.514067 0.0140364   0.83745
   13.8432   -0.638016 -0.00816458     1.00107  -0.511748 0.00268385   0.835374
   13.8491    -0.64494 -0.00869722     1.01438  -0.515654 -0.0024431   0.840135
   13.8533   -0.65506 -0.0108277    1.02237   -0.525176 -0.00842455    0.845384
   13.8591  -0.669973 -0.0134909    1.03302  -0.534819 -0.0151384   0.850755
   13.8633  -0.672104 -0.0172193    1.04208  -0.538481 -0.0200212   0.853319
   13.8691  -0.667843 -0.0209478      1.049  -0.534697 -0.0288103   0.846361
   13.8735  -0.663049 -0.0230783    1.05859  -0.525054 -0.0394304   0.841478
   13.8791  -0.65506 -0.022013   1.06019  -0.516753 -0.0462663   0.841234
   13.8834  -0.649733 -0.0188172     1.0554  -0.517729 -0.0446794   0.845384
   13.8891   -0.64707 -0.0156214    1.05007  -0.522368 -0.0389421   0.844896
   13.8934 -0.646005 -0.011893   1.04528   -0.52896 -0.0294206   0.844652
   13.8991   -0.646005 -0.00869722     1.04314  -0.535552 -0.0189226   0.843797
   13.9032   -0.646538 -0.00656669     1.04314  -0.534453 -0.0135515   0.838304
   13.9091   -0.645472 -0.00550142     1.04794   -0.532988 -0.00695971    0.834886
   13.9133   -0.641211 -0.00816458     1.05646   -0.533354 0.000974865    0.833299
   13.9191   -0.647603 -0.00976248     1.06658  -0.535307 0.00927565   0.836473
   13.9233  -0.662517 -0.0102951    1.07244 -0.542265 0.0169661  0.842454
   13.9289 -0.671039 -0.011893   1.07244  -0.54727 0.0201399  0.842088
   13.9332  -0.676365 -0.0145562     1.0735  -0.54605 0.0211165  0.833299
   13.9391 -0.676898 -0.017752   1.07404 -0.539702 0.0157454  0.829393
   13.9434  -0.672637 -0.0193499    1.07244  -0.532988 0.00427076   0.833299
   13.9491  -0.669441 -0.0182846    1.06498   -0.528227 -0.00879076    0.836229
   13.9533  -0.661984 -0.0182846    1.05167  -0.529814 -0.0180681   0.840868
   13.9591  -0.650266 -0.0204151    1.03942  -0.538725 -0.0200212    0.84453
   13.9635  -0.643874 -0.0198825    1.02344  -0.541167 -0.0214861   0.841478
    13.969   -0.63695 -0.0193499          1  -0.538359 -0.0262468   0.836839
   13.9733  -0.621504 -0.0188172   0.979229  -0.534819 -0.0344255   0.831468
   13.9791  -0.599133 -0.0166867   0.960054  -0.530425 -0.0412615    0.83098
   13.9835  -0.579426 -0.0124256   0.937683  -0.530913 -0.0435808   0.837327
   13.9889  -0.565045 -0.0102951   0.915313  -0.536406 -0.0402849   0.842577
   13.9933  -0.551729 -0.0113604   0.891344  -0.540923 -0.0330828    0.84221
   13.9991  -0.534685 -0.0129583    0.86205   -0.53897 -0.0281999   0.835374
   14.0034  -0.514445 -0.0150888   0.829559 -0.534697 -0.026613  0.830125
    14.009  -0.496868 -0.0172193   0.799732  -0.528594 -0.0275896   0.834276
   14.0133  -0.477161 -0.0198825   0.769372  -0.525664 -0.0285662   0.842943
   14.0191  -0.457986 -0.0236109   0.744338  -0.527617 -0.0255144   0.850023
   14.0236  -0.443605 -0.0300025   0.725163  -0.530181 -0.0167253   0.854295
   14.0291  -0.428691 -0.0390573   0.702793   -0.529936 -0.00525072    0.855272
   14.0335  -0.413245 -0.0465141   0.681487  -0.523223 0.00292799   0.850999
   14.0391  -0.400462 -0.0486446   0.662845  -0.508086 0.00414869    0.84453
   14.0432  -0.390874 -0.0459815   0.645268  -0.494414 0.00463697   0.846849
   14.0491  -0.381819 -0.0406551    0.63142  -0.490874 0.00732252   0.855882
   14.0536  -0.378624 -0.0342636   0.625028 -0.493926 0.0128157  0.866136
    14.059  -0.379156 -0.0289372   0.620767 -0.498564 0.0225813  0.869432
   14.0634  -0.382352 -0.0246762   0.614376 -0.496977 0.0291731  0.862596
   14.0691  -0.388211 -0.0188172   0.607984 -0.495879 0.0314924  0.860277
   14.0733  -0.387678 -0.0102951    0.60106 -0.496611 0.0286848   0.85991
   14.0791   -0.381287 -0.00230563    0.597331 -0.494048 0.0229475  0.854295
   14.0835  -0.378624 0.00568386   0.601592  -0.49185 0.0196516  0.847703
    14.089 -0.378624 0.0115428  0.604256 -0.498808 0.0184309  0.850023
   14.0933 -0.377026 0.0115428  0.601592 -0.512969 0.0186751  0.857713
   14.0991 -0.382885 0.0110102  0.594668 -0.522368 0.0159895  0.858934
   14.1034  -0.38608 0.0115428  0.582418  -0.525054 0.00768873    0.85222
   14.1091  -0.37383 0.0104775  0.571232   -0.523223 -0.00415209    0.843065
   14.1132  -0.354655 0.00781438   0.557384 -0.521147 -0.016115  0.839769
   14.1191  -0.341872 0.00515122    0.54034 -0.521391 -0.024904  0.841478
   14.1234  -0.33335 0.0014228  0.516904  -0.523589 -0.0301531   0.844774
   14.1291   -0.324828 -0.00337089    0.488142  -0.529692 -0.0329607   0.846971
   14.1339   -0.308849 -0.00709932    0.460978  -0.532866 -0.0374773    0.84514
   14.1388   -0.288609 -0.00922985    0.435944  -0.530913 -0.0449236    0.84221
   14.1434   -0.268901 -0.00922985     0.41091  -0.525908 -0.0527361   0.839525
   14.1489     -0.2444 -0.00603405    0.386409  -0.518584 -0.0532244   0.837327
   14.1532   -0.216703 -0.00390353    0.368832  -0.517241 -0.0402849   0.840623
   14.1591   -0.197529 -0.00283826    0.357647  -0.522856 -0.0192888   0.848924
   14.1634   -0.190072 -0.00124036    0.347527 -0.529082 0.0045149  0.855882
   14.1691   -0.193268 0.000890165    0.341135 -0.530181 0.0250227  0.851243
   14.1734  -0.199127 0.00195543    0.34007 -0.526274 0.0374739  0.842943
   14.1791   -0.199659 0.000357532     0.34007 -0.520903 0.0416243  0.841844
   14.1835    -0.207649 -0.000707732      0.34007 -0.516631 0.0397932  0.843553
    14.189   -0.216703 -0.00283826    0.339537  -0.51602 0.0352766  0.843919
   14.1933   -0.222562 -0.00443616    0.342201 -0.517363   0.02722  0.844285
   14.1991    -0.23215 -0.00443616    0.346462 -0.520903 0.0183088  0.846849
   14.2034   -0.241737 -0.00443616     0.35019  -0.527007 0.00927565   0.851732
   14.2091   -0.240672 -0.00496879    0.356049   -0.527129 -0.00256517    0.849046
   14.2134   -0.233215 -0.00337089    0.361908  -0.519072 -0.0140398   0.840745
    14.219  -0.226823 0.00195543   0.360843  -0.513579 -0.0217302   0.840868
   14.2233  -0.224693 0.00728175   0.354984   -0.51895 -0.0260027   0.847948
   14.2291  -0.225758 0.00887965   0.345929  -0.527739 -0.0292986   0.853807
    14.234  -0.226823 0.00834702   0.335276  -0.532622 -0.0303972   0.851488
   14.2388  -0.219899 0.00621649   0.322493  -0.531645 -0.0330828   0.841722
   14.2435  -0.204453 0.00248806   0.310243  -0.529204 -0.0389421   0.833177
   14.2491   -0.191137 -0.00124036    0.300655  -0.526885 -0.0454119   0.833177
   14.2532    -0.18155 -0.00550142     0.28947  -0.523345 -0.0480974   0.838182
   14.2591   -0.175691 -0.00869722    0.282546  -0.523833 -0.0438249   0.843797
   14.2635  -0.167701 -0.0102951   0.277752  -0.528838 -0.0323503   0.848436
    14.269  -0.162375 -0.0108277   0.273491   -0.53311 -0.0169695   0.852342
   14.2733  -0.166103 -0.0102951   0.270295  -0.530425 -0.0032976   0.849412
   14.2791   -0.168234 -0.00869722    0.268165  -0.521514 0.00280592   0.840379
   14.2835   -0.167169 -0.00496879    0.264969  -0.516142 0.00219557   0.837327
   14.2891 -0.167701 -0.001773  0.263371   -0.513945 -0.00097826    0.841234
   14.2933   -0.169832 -0.00124036    0.263371   -0.513579 -0.00805834     0.84868
    14.299   -0.170897 -0.00283826    0.257512  -0.522002 -0.0125749   0.857225
   14.3032   -0.169832 -0.00603405    0.252718  -0.529326 -0.0119646   0.857591
   14.3091   -0.166636 -0.00763195    0.256979  -0.525664 -0.0117204   0.846605
   14.3134   -0.160777 -0.00922985    0.262838  -0.516142 -0.0146501   0.839647
   14.3191  -0.157581 -0.0113604   0.263371 -0.508208 -0.017946  0.844041
   14.3235 -0.159179 -0.011893   0.26124  -0.506865 -0.0183122   0.852464
    14.329 -0.162908 -0.011893  0.263904  -0.511382 -0.0125749   0.857835
   14.3332 -0.166636 -0.011893  0.274556    -0.515898 -0.000612049     0.856737
   14.3389 -0.168766 -0.011893  0.290003 -0.517607 0.0124495  0.852708
   14.3433   -0.17356 -0.0113604   0.305982 -0.512969 0.0208723  0.847703
   14.3491   -0.184213 -0.00763195     0.31983 -0.502593 0.0240462   0.84575
   14.3535   -0.194865 -0.00124036    0.329417 -0.495635 0.0229475  0.849535
   14.3591  -0.197529 0.00621649   0.336874 -0.497099 0.0225813  0.853197
   14.3632 -0.202855 0.0136733  0.349125 -0.505156 0.0246565  0.854051
   14.3691 -0.219367 0.0205976  0.362441 -0.518462 0.0278303  0.856737
   14.3734 -0.231617 0.0248586  0.370963 -0.531279 0.0294172  0.858812
   14.3791 -0.235878 0.0269891  0.370963 -0.532134  0.020262  0.848802
   14.3835 -0.238009 0.0307176  0.362441   -0.52542 0.00121901   0.835741
    14.389 -0.230552 0.0339134  0.349125  -0.523833 -0.0209978   0.830736
   14.3933 -0.216171 0.0360439  0.332613  -0.532012 -0.0416277   0.832078
   14.3991 -0.204453  0.034446  0.311841 -0.547881 -0.056154  0.838914
   14.4033 -0.195931 0.0280544   0.27935  -0.559844 -0.0698259   0.842577
   14.4091 -0.183148 0.0168691  0.234609  -0.564848 -0.0876482   0.835496
   14.4134   -0.155451 -0.00337089    0.170693 -0.562529 -0.109865  0.821336
    14.419  -0.136809 -0.0161541   0.130746 -0.549956 -0.138185  0.813035
   14.4231  -0.117634 -0.0204151  0.0993203 -0.544097  -0.16321  0.815843
   14.4291 -0.0830127  -0.027872  0.0428612 -0.552764 -0.178346  0.830003
   14.4333  -0.0372063  -0.0443836 -0.00401039 -0.564238 -0.185182  0.841356
   14.4391 -0.0068463 -0.0576994 -0.0258483  -0.57437 -0.173464  0.838182
   14.4435  0.0123285 -0.0656889 -0.0125325  -0.56668 -0.145265  0.822069
    14.449  0.0501454 -0.0779394  0.0109033 -0.536894 -0.111574  0.805589
   14.4533   0.076777 -0.0774068  0.0284802  -0.513213 -0.0467546   0.841722
   14.4591  0.0847664 -0.0726131   0.035937    -0.506743 -0.000489979     0.881883
   14.4633  0.0783749 -0.0662215  0.0332739  -0.50125 0.0212385  0.884325
    14.469  0.0623959 -0.0529057  0.0231539 -0.491606 0.0617659  0.876268
   14.4733  0.0187201 -0.0273393 0.00291383 -0.478301 0.0869124  0.860765
   14.4791  -0.0153684 -0.00869722 -0.00986935 -0.469145   0.09326   0.85576
   14.4835 -0.0345432 0.00781438 -0.0210546 -0.473418 0.0787337  0.860887
    14.489 -0.0537179   0.024326 -0.0322399 -0.482085 0.0444319  0.864549
   14.4933 -0.0473263  0.0307176 -0.0333052    -0.50479 -0.00720385    0.857347
    14.499 -0.0409348  0.0371092 -0.0343704    -0.5231 -0.0390642    0.85161
   14.5032 -0.0313474  0.0333807 -0.0237178  -0.534453 -0.0554216   0.843431
   14.5091   -0.02176  0.0296523 -0.0130651 -0.545806 -0.071779  0.835252
   14.5135 -0.000987342    0.0216628  -0.00294513  -0.540068 -0.0686052   0.835008
   14.5191  0.0197853  0.0136733 0.00717488  -0.534331 -0.0654314   0.834764
   14.5233  0.0336338 0.00887965  0.0109033  -0.530181 -0.0357683   0.836229
   14.5291  0.0474822 0.00408596  0.0146317    -0.52603 -0.00610521    0.837694
   14.5333   0.0299053 0.000890165  0.00770752 -0.532988 0.0253889   0.84807
    14.539   0.0123285 -0.00230563 0.000783298 -0.539946 0.0568831  0.858446
   14.5432 -0.00737893 -0.00390353 -0.00614092 -0.529936 0.0540754  0.849046
   14.5491  -0.0270863 -0.00550142  -0.0130651 -0.519927 0.0512678  0.839647
   14.5533  -0.0313474 -0.00443616  -0.0199894 -0.515288 0.0228255  0.836473
   14.5591  -0.0356084 -0.00337089  -0.0269136   -0.510649 -0.00561693    0.833299
   14.5636  -0.0270863 -0.00656669  -0.0263809  -0.523955 -0.0218523   0.843675
   14.5689  -0.0185642 -0.00976248  -0.0258483  -0.537261 -0.0380876   0.854051
   14.5733 -0.0105747 -0.0129583 -0.0194567  -0.538603 -0.0389421   0.851366
   14.5791 -0.00258524  -0.0161541  -0.0130651  -0.539946 -0.0397966    0.84868
   14.5835  0.00646951  -0.0166867 -0.00614092  -0.521147 -0.0325945   0.840135
   14.5891   0.0155243  -0.0172193 0.000783298  -0.502348 -0.0253923    0.83159
   14.5933    0.014459  -0.0102951 0.000783298   -0.507842 -0.00805834    0.848314
   14.5991   0.0133937 -0.00337089 0.000783298  -0.513335 0.00927565   0.865037
   14.6035 -0.00258524   0.0014228 -0.00454303 -0.520171  0.025511  0.861131
   14.6091  -0.0185642  0.00621649 -0.00986935 -0.527007 0.0417463  0.857225
   14.6133 -0.0308147 0.00461859  -0.014663 -0.527739  0.028929  0.850511
   14.6191 -0.0430653 0.00302069 -0.0194567 -0.528472 0.0161116  0.843797
   14.6234  -0.0393369 -0.00124036  -0.0242504   -0.53543 0.00231764   0.843065
   14.6291  -0.0356084 -0.00550142  -0.0290441  -0.542388 -0.0114763   0.842332
   14.6334 -0.0430653  -0.017752 -0.0295767   -0.555205 -0.00280931      0.8416
   14.6391 -0.0558485 -0.0385246  -0.030642  -0.568144 0.00732252   0.840135
   14.6437 -0.0601095 -0.0555689 -0.0354357  -0.564848 0.00890944   0.834398
   14.6489 -0.0590443  -0.064091 -0.0396968  -0.561431 0.00903151   0.829393
   14.6533 -0.0595769 -0.0768741 -0.0471536   -0.54019 0.00597975   0.819627
   14.6591 -0.0601095 -0.0896573 -0.0546105   -0.51895 0.00292799   0.809862
   14.6633 -0.0510548 -0.0928531 -0.0546105   -0.50833 -0.0140398    0.81743
   14.6691     -0.042 -0.0960489 -0.0546105   -0.49771 -0.0310076   0.824998
   14.6734 -0.0308147 -0.0901899 -0.0444904  -0.495146 -0.0495622   0.845384
   14.6791 -0.00950946  -0.0758089  -0.0279788  -0.488188 -0.0719011   0.870897
   14.6834 0.00860004 -0.0561015 -0.0141304  -0.475981 -0.0731218   0.878587
    14.689   0.0165895  -0.0449162 -0.00667356  -0.468169 -0.0705583   0.881151
   14.6933    0.030438  -0.0129583 -0.00187987  -0.454131 -0.0537126    0.88347
   14.6991  0.0458843  0.0312502 0.00930541  -0.449492 -0.0224626   0.888475
   14.7033 0.0394927  0.054686 0.0151644   -0.463286 -1.6978e-06    0.895311
   14.7091 0.0315032 0.0658713 0.0146317  -0.467681 0.00805494   0.899461
   14.7132  0.00593688    0.074926 -0.00401039   -0.475615 0.000974865    0.884447
   14.7191 -0.0169663  0.0786545 -0.0354357  -0.485869 -0.0186785   0.867357
   14.7236 -0.0132379  0.0589471 -0.0492841  -0.493071 -0.0385759   0.861497
   14.7291 -0.0127053  0.0195323  -0.056741  -0.498931 -0.0512712   0.864061
   14.7337 -0.0233579 -0.0316004 -0.0753831  -0.499663 -0.0596941   0.880052
   14.7391 -0.0393369 -0.0832657  -0.101482  -0.498442 -0.0668962   0.893114
   14.7434 -0.0531853  -0.129072  -0.128114  -0.483428 -0.0795915   0.897386
   14.7491 -0.0611748  -0.162628  -0.154745  -0.456694 -0.0988787   0.897996
   14.7533 -0.0601095  -0.180737  -0.183507 -0.435576 -0.121462  0.906175
   14.7591  -0.05212 -0.186596 -0.213867 -0.424956 -0.137087  0.923753
   14.7634 -0.0451958  -0.186064  -0.236238 -0.422759 -0.138063  0.936815
    14.769 -0.047859 -0.182335 -0.246358  -0.42227 -0.130617  0.946825
   14.7732 -0.0569137  -0.175944  -0.251684 -0.417876 -0.123659  0.945482
   14.7791 -0.0617074  -0.167422  -0.251684   -0.4075 -0.119631  0.932542
   14.7834 -0.0558485  -0.157302   -0.24476 -0.396758 -0.118532  0.925462
    14.789 -0.0462611  -0.141323  -0.238901 -0.388091 -0.114748  0.927293
   14.7933  -0.03188 -0.121083 -0.233575 -0.384062 -0.102541  0.923875
   14.7991 -0.0206947  -0.100843   -0.21227  -0.387847 -0.0798357   0.913255
   14.8033 -0.0201621 -0.0790047  -0.179246  -0.390288 -0.0565203   0.896776
   14.8091 -0.0143031 -0.0491773  -0.148354  -0.398833 -0.0380876   0.885179
   14.8134 0.00753477 -0.0129583  -0.107874  -0.415801 -0.0197771   0.876878
   14.8189 0.0309706 0.0253912 -0.050882   -0.423735 -0.00317553    0.864061
   14.8232  0.0432211  0.0610776 0.00184856 -0.427886 0.0135481  0.859422
   14.8291 0.0432211  0.086644 0.0338065 -0.442168 0.0283186  0.861864
   14.8338 0.0277748 0.0994271 0.0497855 -0.463652  0.037596   0.86931
   14.8391 0.00593688   0.103156  0.0497855 -0.486968 0.0397932  0.867601
   14.8433 -0.0111074   0.101558  0.0284802 -0.505278 0.0419905  0.861375
   14.8491 -0.0265537   0.090905 -0.0024125  -0.51956 0.0495588  0.857347
   14.8533 -0.0409348  0.0637408 -0.0237178 -0.531889 0.0561506   0.85869
    14.859 -0.0547832  0.0264565 -0.0354357 -0.538848 0.0527327  0.868822
   14.8632  -0.0707622 -0.00976248  -0.0418273 -0.546538 0.0419905  0.881883
   14.8691 -0.0808822 -0.0454488 -0.0354357 -0.558989 0.0306379   0.89641
   14.8734 -0.0787516 -0.0795373  -0.014663 -0.572295 0.0227034  0.906663
   14.8791 -0.0686316  -0.109365  0.0183602 -0.573515 0.0213606  0.909471
   14.8835 -0.0542506  -0.136529  0.0588402 -0.56668 0.023802 0.913621
   14.8891 -0.0457284  -0.160497  0.0971897 -0.553862 0.0266096    0.9218
   14.8935 -0.0430653  -0.177009   0.126485   -0.5325 0.0231917  0.929368
    14.899 -0.0451958  -0.184466   0.147257 -0.518218 0.0169661  0.936204
   14.9033 -0.047859 -0.183933  0.159508 -0.513091  0.018553  0.941087
   14.9091 -0.0489242  -0.180737    0.17016 -0.514311 0.0274641  0.940355
   14.9133 -0.0611748  -0.179672   0.189335  -0.51895 0.0367415  0.933153
   14.9191 -0.0696969  -0.186596   0.207445 -0.518828 0.0384504   0.92766
   14.9233 -0.073958 -0.198314  0.219695 -0.517485  0.034178  0.928392
   14.9291 -0.0776864  -0.215891   0.225554 -0.521269  0.032469  0.938035
   14.9332 -0.0824801   -0.24199   0.227152 -0.532988 0.0374739  0.955736
   14.9391 -0.0973938   -0.27235   0.228217  -0.54959 0.0471174  0.971727
   14.9431 -0.114971 -0.305906  0.229283 -0.564971 0.0501692  0.977342
    14.949 -0.125623 -0.340527  0.231946 -0.572173 0.0404036  0.974535
   14.9533 -0.128819 -0.372485  0.236207 -0.571196 0.0228255  0.965501
   14.9591 -0.123493 -0.400715  0.242066  -0.565703 0.00524733   0.956102
   14.9634 -0.111775 -0.423618   0.24899    -0.56021 -0.00695971    0.953416
   14.9691 -0.102187 -0.440662   0.25112  -0.560942 -0.0140398   0.956346
   14.9734 -0.0957959  -0.456108      0.241  -0.567168 -0.0194109    0.95952
   14.9792 -0.0968611  -0.469957   0.219163  -0.572905 -0.0321062   0.952684
   14.9835 -0.0995243  -0.483273    0.17815  -0.570708 -0.0584734   0.929735
    14.989 -0.0952632   -0.49499   0.121691  -0.559355 -0.0864275   0.900072
   14.9933 -0.0611748  -0.500317  0.0694929 -0.548003 -0.104372  0.871263
   14.9991 0.00114319  -0.499784  0.0396655 -0.549468  -0.11841  0.852952
   15.0035 0.0629285 -0.499252 0.0268823 -0.558867 -0.128298  0.851366
    15.009   0.118855  -0.501915 0.00983804 -0.566313 -0.124758   0.85869
   15.0134   0.169455  -0.508306 -0.0194567 -0.567168 -0.110964  0.864183
   15.0191  0.219522 -0.517894 -0.050882  -0.561919 -0.0975359   0.860399
   15.0236   0.274384  -0.533873 -0.0721873  -0.557402 -0.0878923   0.856248
   15.0289   0.328179  -0.555711 -0.0807094   -0.55374 -0.0795915   0.857225
   15.0331   0.371855  -0.578614 -0.0865684  -0.551421 -0.0693376   0.865526
   15.0389   0.404346  -0.598854 -0.0961558  -0.554961 -0.0571306   0.862596
   15.0434  0.428847   -0.6143 -0.106808  -0.548369 -0.0395525   0.848558
   15.0491  0.448022 -0.631877 -0.129179  -0.524321 -0.0197771   0.848802
   15.0532   0.45974 -0.653715 -0.169126    -0.49478 -0.00085619    0.856859
   15.0591  0.457076 -0.666498 -0.213335 -0.465605 0.0194075  0.859788
   15.0635    0.4395 -0.661704 -0.245825 -0.437041 0.0292952  0.857469
    15.069  0.420325 -0.643595 -0.271924  -0.41458 0.0284407  0.847826
   15.0735  0.417129 -0.619626 -0.302284 -0.395537 0.0250227  0.834398
   15.0792 0.422455 -0.59406 -0.33584  -0.37625 0.0225813  0.825243
   15.0835  0.410205 -0.570092 -0.351819 -0.366606 0.0268538  0.822069
   15.0891   0.39103 -0.549319 -0.347026 -0.353789 0.0278303  0.818407
   15.0933  0.385704 -0.524285 -0.346493 -0.337309 0.0223372  0.815965
   15.0991  0.383041 -0.494458 -0.347558 -0.334014 0.0214827  0.821458
   15.1033  0.371855 -0.467294  -0.33371 -0.340361 0.0252669  0.837205
   15.1091  0.353213 -0.443325 -0.304948 -0.348662 0.0318587  0.864061
   15.1135  0.328179 -0.417226 -0.270327 -0.355498 0.0374739  0.888231
   15.1191  0.297287 -0.384203 -0.236771 -0.354277 0.0380842  0.897386
   15.1233  0.277047 -0.345321   -0.2144 -0.343901 0.0352766  0.889818
   15.1291   0.27971 -0.311232  -0.20428 -0.335723 0.0314924  0.872606
   15.1336  0.283438 -0.287797 -0.194693 -0.340117 0.0300276  0.859788
   15.1391  0.273318 -0.272883 -0.181377  -0.35147 0.0362532   0.86223
   15.1431  0.265861 -0.262763  -0.17179 -0.364287 0.0483381  0.870164
   15.1491  0.265861 -0.254773 -0.167528 -0.376128 0.0611555  0.877855
   15.1533  0.265861 -0.246784 -0.166996 -0.382109 0.0712874  0.886156
   15.1591  0.256274 -0.234533 -0.172855 -0.379424 0.0782454  0.892992
   15.1636  0.233903 -0.217489 -0.186171 -0.374297  0.082762   0.89702
   15.1692  0.216327 -0.200445 -0.205878 -0.373808 0.0820296  0.897874
   15.1733  0.208337 -0.184466 -0.226118  -0.37918 0.0782454  0.898118
   15.1792  0.194489 -0.162628  -0.24476  -0.38626 0.0753157  0.897996
   15.1835  0.183836 -0.137062 -0.269794  -0.38626 0.0718977  0.892015
   15.1891   0.18863 -0.109897 -0.300687 -0.376616  0.068846  0.880418
   15.1934  0.196619 -0.078472  -0.32359 -0.361724 0.0679915  0.870409
   15.1991    0.19875 -0.0427857  -0.333177  -0.34793 0.0709212  0.868822
   15.2033    0.192358 -0.00550142   -0.332112 -0.340727 0.0795881   0.87993
   15.2091  0.176379 0.0296523 -0.329449 -0.337065 0.0870344  0.896776
   15.2134  0.142823 0.0674692 -0.331047 -0.332549 0.0906965  0.912523
   15.2191   0.10767  0.106351 -0.340101 -0.329253 0.0921614  0.918138
   15.2233 0.0895601  0.143636 -0.351819 -0.322417   0.08972   0.91118
   15.2291 0.0730485  0.183583 -0.357678 -0.312407 0.0853254  0.902635
   15.2335 0.0458843  0.225128 -0.359276 -0.307402 0.0795881  0.900316
   15.2391 0.0155243   0.26188 -0.369396 -0.308867 0.0743391  0.908372
   15.2442 -0.0137705   0.289577  -0.396028 -0.318022 0.0728743    0.9218
    15.249 -0.0499895   0.311947  -0.428518 -0.333037  0.074095  0.931322
   15.2534 -0.0910022   0.333253  -0.463672 -0.345732 0.0745833  0.934373
    15.259 -0.125623  0.355091 -0.499891 -0.355254 0.0717756  0.927904
   15.2632 -0.153853  0.375863 -0.532382 -0.361601 0.0665266   0.92119
   15.2691 -0.179952   0.39131  -0.56434 -0.368193 0.0607893  0.921434
   15.2735 -0.208181   0.40356 -0.596297 -0.377471 0.0585921  0.929613
   15.2792 -0.236411  0.414213 -0.626657 -0.390288 0.0659163  0.939867
   15.2835 -0.261977    0.4238 -0.650626 -0.402373  0.077635  0.944993
    15.289 -0.285413  0.435518 -0.666072 -0.403472 0.0847151  0.945848
   15.2934 -0.311512  0.454693 -0.669801 -0.394438 0.0821516  0.941209
   15.2991 -0.341872  0.485586  -0.66554 -0.382475 0.0687239  0.938035
   15.3032 -0.362112  0.521272 -0.662876 -0.374907 0.0499251  0.939989
   15.3091 -0.373297  0.557491 -0.663409 -0.372954 0.0318587  0.943285
   15.3134 -0.380754   0.59371 -0.666072 -0.376006 0.0191633  0.946825
   15.3191 -0.391939  0.632592 -0.668735 -0.382109 0.0136702  0.948045
   15.3235  -0.40632  0.673072 -0.670333  -0.388823 0.00964186   0.943529
   15.3291 -0.415908  0.710889 -0.667138  -0.394805 0.00243971   0.935716
   15.3333 -0.415375  0.746043  -0.66554   -0.401518 -0.00634935    0.930101
   15.3391 -0.411647  0.777468 -0.662344  -0.413359 -0.0117204   0.933641
   15.3438 -0.412179  0.805165  -0.65542  -0.430327 -0.0104997   0.943529
   15.3488 -0.413777   0.82647 -0.648495   -0.453642 -0.00305346    0.952318
   15.3534 -0.420702  0.840319  -0.63518  -0.479155 0.00427076   0.952318
   15.3591 -0.430822  0.848841 -0.617603  -0.495024 0.00597975   0.947801
   15.3633 -0.440409  0.854167 -0.599493   -0.503935 0.000852794    0.945116
   15.3691 -0.448398  0.855765 -0.582982   -0.511382 -0.00940111     0.94304
   15.3735 -0.448931  0.852037 -0.572329  -0.520781 -0.0167253    0.94243
   15.3792 -0.445203   0.84458 -0.561676  -0.535063 -0.0166033   0.942064
   15.3835 -0.445203  0.834992 -0.544632  -0.551543 -0.0119646   0.938768
    15.389 -0.442539   0.82434 -0.527055  -0.563017 -0.0100115   0.931932
   15.3934 -0.431887  0.812089 -0.515337  -0.565581 -0.0150163   0.923387
   15.3991 -0.420169  0.802502 -0.503619  -0.562407 -0.0261247   0.917406
   15.4034 -0.408451  0.797708 -0.488173  -0.558379 -0.0408953   0.916429
    15.409 -0.389809  0.795045 -0.473259 -0.557646 -0.056154   0.91826
   15.4133 -0.367438  0.793447 -0.458346  -0.561308 -0.0687273   0.920702
   15.4191 -0.347198  0.790784 -0.442367  -0.570342 -0.0784929   0.922166
   15.4234 -0.328024  0.788121 -0.425323  -0.576689 -0.0877703   0.922655
   15.4291 -0.304588   0.78386 -0.413605  -0.577544 -0.0988787   0.918748
   15.4333 -0.280619  0.777468  -0.40455 -0.576689 -0.112306  0.911546
   15.4391  -0.25239  0.766815 -0.392299 -0.577666 -0.122316  0.906053
   15.4437 -0.218301  0.750836 -0.381647 -0.588286 -0.125002  0.908861
   15.4491 -0.187941  0.732727 -0.369396 -0.608672 -0.122316  0.917161
   15.4537  -0.16131  0.710889 -0.356613 -0.628691 -0.116457  0.921922
    15.459  -0.13095  0.686388 -0.346493 -0.641997 -0.113893  0.918504
   15.4633 -0.094198  0.661354 -0.332112 -0.647002 -0.115968  0.910081
   15.4691 -0.0505221    0.63419  -0.312937 -0.649077 -0.119753  0.897996
   15.4733 -0.00151997    0.605428    -0.29323 -0.647612 -0.123537  0.888719
   15.4792 0.0410906  0.577198 -0.271924 -0.648467 -0.124269  0.885789
   15.4836 0.0789075  0.546838 -0.253815 -0.657378 -0.120973   0.88701
    15.489  0.120985  0.512217 -0.244228 -0.665434 -0.117311  0.886644
   15.4932  0.158802  0.479194 -0.235705  -0.66751 -0.116701  0.878709
   15.4991  0.193956  0.449367 -0.225585 -0.662383 -0.120729  0.867723
   15.5036   0.22911  0.419539 -0.213868  -0.65457 -0.127687  0.859422
   15.5091  0.264264  0.389179 -0.204813 -0.649199 -0.133913  0.857469
   15.5133  0.295689  0.358286 -0.201084 -0.648467 -0.137453   0.85991
   15.5191  0.315929  0.324198 -0.201084 -0.652617 -0.136476  0.863817
   15.5234  0.334571  0.287446 -0.207476 -0.656401 -0.133425  0.865892
   15.5291  0.358539  0.249629 -0.220259 -0.655058 -0.131838  0.862962
   15.5334  0.385704  0.210747 -0.230379 -0.650542 -0.133302  0.854906
   15.5391  0.407542  0.173996 -0.228249 -0.643706 -0.137697  0.849168
   15.5433   0.42938  0.139907 -0.223988 -0.640898 -0.141115  0.847581
   15.5491  0.455478  0.106884 -0.221857 -0.645293 -0.140871  0.847093
   15.5542  0.479447 0.0754587 -0.213867 -0.652739 -0.135988  0.847215
   15.5589  0.504481 0.0461639 -0.203215 -0.655669 -0.130861  0.844285
   15.5633  0.528982 0.0179344 -0.189899 -0.651396 -0.128298  0.838792
   15.5691    0.558809 -0.00922985   -0.177649 -0.642241 -0.127443  0.831102
   15.5733   0.594496 -0.0358615  -0.168594 -0.630522 -0.127443  0.822923
   15.5792  0.617399 -0.058232 -0.150484 -0.622954 -0.123903  0.820116
   15.5835   0.631247 -0.0779394  -0.125983 -0.625273 -0.114992  0.821458
   15.5891   0.647759 -0.0992447  -0.104145 -0.633086 -0.102907  0.825243
   15.5934   0.664803  -0.121615 -0.0844379  -0.637969 -0.0933855   0.827196
   15.5991   0.674923  -0.141855 -0.0631326  -0.635161 -0.0888689   0.824266
   15.6035    0.68238  -0.159965 -0.0402294  -0.625762 -0.0893572   0.815965
   15.6091   0.694098  -0.177009 -0.0178588   -0.61563 -0.0921648   0.807054
   15.6133   0.702087   -0.19139 0.00610962  -0.611846 -0.0919206   0.802537
    15.619  0.709544 -0.208434  0.025817  -0.616728 -0.0858171   0.802782
   15.6234  0.717001 -0.228142  0.035937 -0.621245 -0.076906  0.803392
   15.6291  0.714338 -0.246251 0.0433939  -0.619902 -0.0695818   0.799119
   15.6334  0.709544 -0.260632 0.0492528  -0.610259 -0.0672624   0.792039
   15.6391  0.706881 -0.270752 0.0513834  -0.595732 -0.0684831   0.783739
   15.6434  0.708479 -0.280872  0.051916  -0.583769 -0.0687273   0.778368
   15.6491  0.705283 -0.288862 0.0545792  -0.579619 -0.0666521   0.777391
   15.6531  0.696761 -0.293655 0.0561771  -0.581694 -0.0600603    0.77971
   15.6588  0.688771 -0.298449 0.0577749  -0.583647 -0.0504167   0.781785
   15.6634  0.675456 -0.299514 0.0668297  -0.579375 -0.0407732   0.782884
   15.6691  0.657346 -0.293655  0.082276  -0.569975 -0.0327165   0.782152
   15.6736  0.639769 -0.286199  0.101451  -0.559844 -0.0262468   0.781297
   15.6792   0.62379 -0.279274  0.119028  -0.552031 -0.0200212   0.783617
   15.6834  0.60355 -0.27235 0.133409  -0.552153 -0.0133074   0.788011
   15.6891  0.573723 -0.265959  0.142463   -0.558501 -0.00598314    0.792284
   15.6933  0.542298 -0.257436  0.142996   -0.564971 0.000852794    0.793748
   15.6991  0.514068 -0.247849  0.142463  -0.567656 0.00280592   0.788621
   15.7034  0.489034 -0.236664  0.144061    -0.56375 0.000608654    0.776659
   15.7091  0.472523 -0.224946  0.146725   -0.556304 -0.00146654    0.764818
   15.7134  0.458142 -0.214826  0.148855    -0.551299 -0.000489979     0.761644
    15.719  0.443761 -0.206304  0.145659  -0.552886 0.00744459    0.76909
   15.7232  0.423521 -0.198847  0.141398 -0.560332 0.0200178  0.780687
   15.7291  0.390497 -0.191923  0.141398 -0.565215 0.0303938  0.792284
   15.7335  0.353213 -0.184466  0.144061 -0.565947  0.036009  0.799852
   15.7391  0.324451 -0.175411  0.144594  -0.56375 0.0353987  0.802171
   15.7435  0.296754 -0.164758  0.146192 -0.561919 0.0299055  0.802293
    15.749  0.273318 -0.156236  0.147257 -0.563506  0.023802  0.805833
   15.7531 0.254676 -0.15091 0.145127 -0.571806 0.0209944  0.813524
   15.7591  0.232306 -0.146649  0.147257 -0.584502 0.0240462  0.820116
   15.7634  0.212598 -0.144518  0.152051 -0.591338 0.0258772  0.821458
    15.769  0.199282 -0.143453  0.156845 -0.587676 0.0216047  0.818285
   15.7733 0.192891 -0.14079 0.160573 -0.580473 0.0144026  0.812913
   15.7792  0.192891 -0.135464  0.164301   -0.57437 0.00732252   0.811693
   15.7836  0.194489 -0.128539  0.171758  -0.572173 0.00256178   0.815965
   15.7889  0.195554 -0.121083  0.184009  -0.579131 0.00317213   0.824876
   15.7933  0.197684 -0.115224  0.197325  -0.589385 0.00951979   0.833543
   15.7991  0.196087 -0.109365  0.209043 -0.593779 0.0162337  0.835985
   15.8034  0.193423 -0.103506  0.222358 -0.591582 0.0172102  0.834276
   15.8091  0.191293 -0.100843  0.234609 -0.586089 0.0124495  0.832689
   15.8133   0.19076 -0.102973  0.238337  -0.581938 0.00549147   0.835496
   15.8191  0.189695 -0.107767   0.23887   -0.584868 0.000608654    0.840868
   15.8234  0.183836 -0.114158  0.243131  -0.594756 0.00292799   0.847459
   15.8291  0.181173 -0.124278  0.247392   -0.60562 0.00805494   0.851976
   15.8333  0.184369 -0.138127  0.245261  -0.609892 0.00890944   0.853075
   15.8391  0.189162 -0.153573  0.241533 -0.605986 0.0045149  0.851854
   15.8434  0.19076 -0.16902 0.241533   -0.596587 -0.00378588    0.851121
   15.8491  0.199282 -0.184466  0.237805  -0.588774 -0.0102556   0.853929
   15.8531  0.212066 -0.197782  0.234609 -0.587187 -0.010988  0.860399
   15.8591  0.220055 -0.210565  0.234609  -0.592681 -0.0078142   0.866014
   15.8635  0.222718 -0.222815  0.233011   -0.596831 -0.00403002    0.868455
   15.8691  0.227512 -0.233468   0.23088   -0.591704 -0.00317553    0.867723
   15.8733  0.240295 -0.239327  0.228217   -0.579985 -0.00598314    0.862596
   15.8792  0.258405 -0.238262  0.223424  -0.567534 -0.0100115   0.856615
   15.8836  0.272786 -0.232935  0.228217   -0.559722 -0.00952318     0.85637
   15.8891  0.284504 -0.228674  0.239935    -0.561919 -0.000123768     0.860399
   15.8935   0.29196 -0.227076  0.248457 -0.571074 0.0146467  0.866014
   15.8991  0.294091 -0.228142  0.252186 -0.576567 0.0261213    0.8687
   15.9033  0.297287 -0.230272  0.252186 -0.574614 0.0318587  0.865648
   15.9092  0.295689 -0.228142  0.255382 -0.567534 0.0317366  0.859422
   15.9134   0.30208 -0.227076  0.255914 -0.560576 0.0283186  0.853075
   15.9192  0.311135 -0.232935  0.254316 -0.556914 0.0264876  0.853197
   15.9234  0.315396 -0.245186  0.250055 -0.559111 0.0281965  0.860521
   15.9291  0.313266 -0.260632  0.236207 -0.561553 0.0345442  0.867967
   15.9333  0.304211 -0.274481  0.215967 -0.556914 0.0395491   0.86931
   15.9392  0.293026 -0.280872   0.20052 -0.545073  0.037596  0.864183
   15.9435 0.285036 -0.28034  0.18827 -0.530791 0.0308821  0.853929
   15.9492  0.288232 -0.277677  0.173889 -0.518096 0.0233137  0.846361
   15.9536  0.293558 -0.271285  0.162171  -0.51126 0.0194075  0.845262
   15.9592 0.292493  -0.2601 0.153116  -0.51187 0.0231917  0.847703
   15.9637  0.291428 -0.246784  0.148322 -0.516875  0.032469  0.849535
   15.9691  0.289297 -0.227609  0.151518 -0.519682 0.0430891  0.848802
   15.9733  0.289297 -0.204173  0.158442 -0.517607 0.0527327  0.842821
   15.9792  0.291428 -0.182335  0.167497  -0.51187 0.0599348  0.834398
   15.9835  0.282906 -0.158367  0.184541 -0.506133 0.0657942  0.828416
   15.9891  0.273318 -0.135996  0.201053 -0.504302 0.0727522  0.825731
   15.9933   0.26959 -0.117354   0.21064  -0.50772 0.0834944  0.822435
   15.9992   0.258405 -0.0981794   0.221826 -0.513091 0.0986311  0.818773
   16.0034   0.237632 -0.0811352   0.237805 -0.513823  0.112181  0.815477
   16.0092  0.217392 -0.068352  0.252718 -0.508696  0.121336  0.811937
   16.0134   0.195554 -0.0592973   0.263904 -0.500029  0.124144  0.811571
   16.0192   0.168922 -0.0523731    0.27136 -0.491606  0.120604  0.815233
   16.0234   0.141225 -0.0465141    0.27136 -0.488432  0.115111  0.820482
   16.0291   0.111398 -0.0401225   0.268697 -0.493071  0.111571  0.825487
   16.0333  0.0783749 -0.0353288   0.261773 -0.499419   0.11035  0.830125
   16.0392  0.0485475 -0.0353288   0.246859 -0.503447  0.107786  0.829637
   16.0435 0.0256443 -0.037992  0.229283 -0.501616   0.10095  0.825365
   16.0492   0.014459 -0.0427857   0.209042 -0.495391 0.0917952  0.821458
   16.0539 0.00380635 -0.0491773   0.191998 -0.490508 0.0848372  0.823534
   16.0589 -0.0111074 -0.0561015   0.178682 -0.492705 0.0816633  0.830247
   16.0636 -0.0281516 -0.0614278   0.172291 -0.499541 0.0848372   0.83745
   16.0691 -0.0435979 -0.0651562   0.171758 -0.504302 0.0891096  0.843309
   16.0734 -0.0430653 -0.0672868   0.172824 -0.498076 0.0834944  0.847093
   16.0792 -0.0388042 -0.0672868   0.175487 -0.489897 0.0771467  0.848924
   16.0836 -0.0366737 -0.0619604   0.179215  -0.48355 0.0711653  0.850511
   16.0891 -0.0324126 -0.0491773   0.191466 -0.476225 0.0627424  0.852342
   16.0934 -0.0222926 -0.0230783   0.217032 -0.477812 0.0598128  0.854539
   16.0991  -0.0143031 -0.00443616    0.234076 -0.483428  0.060179  0.856004
   16.1033 -0.00311787   0.0131407    0.246327 -0.481719 0.0588362  0.847948
   16.1092 0.00806741  0.0307176   0.258577 -0.476958 0.0566389  0.840379
   16.1135 0.0149916 0.0520229  0.262838 -0.465239  0.051512  0.832689
   16.1192 0.0219158 0.0733282  0.267099 -0.45352 0.046385 0.824998
   16.1234  0.040558 0.0855787  0.256979 -0.454863 0.0529768  0.827562
   16.1292 0.0592001 0.0978292  0.246859 -0.456206 0.0595686  0.830125
   16.1335 0.0480148  0.105819  0.233544  -0.45706 0.0645735  0.832201
    16.139 0.0368295  0.113808  0.220228 -0.457915 0.0695784  0.834276
   16.1433 0.0331011  0.123396  0.199455 -0.452056 0.0579817  0.831346
   16.1492 0.0293727  0.132983  0.178682 -0.446196  0.046385  0.828416
   16.1536 0.0389601  0.137777  0.153116 -0.450835 0.0372297  0.829149
   16.1592 0.0485475   0.14257   0.12755 -0.455474 0.0280745  0.829881
   16.1632 0.0581348  0.139907   0.10944 -0.469512 0.0339338  0.831102
   16.1692 0.0677222  0.137244 0.0913308  -0.48355 0.0397932  0.832323
   16.1734 0.0751791  0.133516 0.0833413 -0.485137 0.0438215  0.827196
   16.1792 0.0826359  0.129787 0.0753518 -0.486724 0.0478499  0.822069
   16.1836 0.0959517  0.124993 0.0668297 -0.48416 0.044676 0.817186
   16.1891  0.109268    0.1202 0.0583076 -0.481597 0.0415022  0.812303
   16.1934  0.119388  0.116471 0.0577749 -0.493559 0.0493147  0.816576
   16.1992  0.129508  0.112743 0.0572423 -0.505522 0.0571272  0.820848
   16.2034  0.134301  0.104753 0.0631013 -0.513579 0.0690901  0.819261
   16.2091  0.139095  0.096764 0.0689602 -0.521636  0.081053  0.817674
   16.2134  0.143356 0.0893071 0.0726886 -0.518828 0.0808088  0.813646
   16.2192  0.147617 0.0818503 0.0764171  -0.51602 0.0805647  0.809618
   16.2234  0.155074 0.0754587 0.0812108 -0.516753 0.0765364  0.805711
   16.2291  0.162531 0.0690671 0.0860045 -0.517485 0.0725081  0.801805
   16.2334   0.17851 0.0626755 0.0971897 -0.518584 0.0747053   0.79741
   16.2392  0.194489 0.0562839  0.108375 -0.519682 0.0769026  0.793016
   16.2434  0.209935 0.0536208   0.11743 -0.506865 0.0704329  0.787279
   16.2491  0.225381 0.0509576  0.126485 -0.494048 0.0639631  0.781541
   16.2532  0.237099 0.0562839   0.13767 -0.482329 0.0561506  0.780077
   16.2592  0.248817 0.0616102  0.148855  -0.47061 0.0483381  0.778612
   16.2632  0.260535 0.0685345  0.161106 -0.476958 0.0581038  0.774339
   16.2691  0.272253 0.0754587  0.173356 -0.483306 0.0678694  0.770067
   16.2733  0.274384 0.0791871  0.184009 -0.481474 0.0766585  0.762743
   16.2792  0.274916 0.0839808  0.196792 -0.476714 0.0871565  0.752489
   16.2837  0.273851 0.0845134  0.196259 -0.473174 0.0886213  0.744554
    16.289  0.274384 0.0839808  0.193596 -0.472563 0.0883772  0.739549
   16.2934  0.258405 0.0770566  0.194661 -0.479888 0.0960676  0.741746
   16.2991  0.242426 0.0701324  0.195727 -0.487212  0.103758  0.743944
   16.3034   0.22911 0.0552187  0.190933 -0.49478 0.119017 0.739671
   16.3091 0.215794 0.040305 0.186139 -0.502348  0.134276  0.735399
   16.3134  0.189695 0.0280544  0.185607 -0.497099  0.134032  0.728075
   16.3192   0.155607 0.00887965    0.18028 -0.488188  0.130614   0.71599
   16.3235    0.139095 -0.00763195    0.176552 -0.483794  0.124754  0.707445
    16.329   0.112463 -0.0257414   0.182411 -0.483061  0.122069   0.70366
   16.3334 0.0900928 -0.037992  0.183476 -0.478667  0.126219  0.708543
   16.3392  0.0852991 -0.0417204   0.173889 -0.475249  0.130736  0.709886
   16.3434  0.0831686 -0.0406551   0.163236 -0.472441    0.1322  0.705003
    16.349  0.0815707 -0.0395899   0.158442 -0.468657  0.133299   0.70366
   16.3532  0.0645264 -0.0395899   0.157377 -0.461333  0.135252  0.709032
   16.3592  0.0352316 -0.0374594    0.15791 -0.455474  0.136961  0.713182
   16.3634  0.0171222 -0.0347962   0.158975 -0.459014  0.137694  0.712327
   16.3691 7.79228e-05  -0.0326657    0.163236 -0.464141  0.140379   0.70952
   16.3734 -0.0153684 -0.0310678   0.171226 -0.465849  0.142943  0.703416
   16.3792 -0.0302821 -0.0310678   0.180813 -0.460356  0.141966  0.696947
   16.3835 -0.0457285 -0.0310678   0.188802 -0.448516  0.136229  0.694383
   16.3891 -0.0585116 -0.0289372   0.191998 -0.437163  0.129271  0.694505
   16.3934 -0.0718274 -0.0246762   0.193596 -0.433135  0.124144  0.694261
   16.3992 -0.0798169 -0.0236109   0.188802 -0.435576  0.124022  0.695604
   16.4035 -0.0936654 -0.0236109   0.182944 -0.439849  0.128172  0.696702
   16.4091 -0.108579 -0.022013  0.175487 -0.439849  0.130125   0.69536
   16.4133  -0.120297 -0.0188172   0.164834 -0.433745  0.129881  0.691942
   16.4192  -0.132015 -0.0140235   0.152583 -0.424224  0.127928  0.689256
   16.4234   -0.144265 -0.00922985    0.140333 -0.417632  0.124632  0.690965
   16.4291   -0.161842 -0.00496879    0.134474 -0.419219   0.12451   0.69658
   16.4333   -0.179419 -0.00443616    0.129148 -0.428252   0.12805  0.702928
   16.4392   -0.195931 -0.00656669    0.120093 -0.437041  0.132689  0.709398
   16.4436    -0.21191 -0.00922985    0.111571 -0.440825  0.135863  0.711839
    16.449  -0.227356 -0.0145562   0.108908 -0.437041  0.135252  0.712327
   16.4533 -0.233748 -0.022013  0.106777 -0.42935 0.132567 0.714159
   16.4592  -0.238009 -0.0262741   0.107842 -0.423857  0.130614  0.717332
   16.4635  -0.246531 -0.0284046   0.114234 -0.424224  0.130125  0.722581
   16.4691  -0.259314 -0.0310678   0.121158 -0.429961  0.132323  0.730882
   16.4733  -0.271565 -0.0342636   0.122756 -0.434233   0.13159  0.737474
   16.4792  -0.276891 -0.0358615   0.113701 -0.429961  0.125731  0.739427
   16.4837  -0.273695 -0.0337309  0.0977224 -0.418974  0.116453  0.736497
   16.4891  -0.269967 -0.0268067  0.0886676 -0.406279  0.106322  0.730638
   16.4933  -0.268901 -0.0172193   0.088135 -0.396269  0.102049  0.728319
   16.4992   -0.268901 -0.00763195    0.088135 -0.395049  0.106688  0.730516
   16.5035   -0.269434 -0.00124036   0.0902655 -0.398345  0.117186  0.735033
   16.5092  -0.271565 0.00195543  0.0945266  -0.3981 0.126829 0.740282
   16.5134  -0.279554 0.00728175   0.101451 -0.391753  0.131346  0.745409
   16.5191 -0.287011 0.0136733  0.108908 -0.383818  0.132078  0.748827
   16.5233 -0.297663 0.0221955  0.121691 -0.377593  0.132323  0.754076
   16.5292 -0.305653 0.0301849  0.134474 -0.378325  0.132323   0.75908
   16.5334 -0.309381 0.0339134  0.138202 -0.386626  0.133787  0.764207
   16.5391 -0.316306 0.0349786  0.136605 -0.396269  0.133665  0.768236
   16.5433 -0.331219 0.0349786  0.135539 -0.40103  0.12744 0.765306
   16.5492 -0.344535  0.034446  0.128082 -0.400298  0.117186  0.754686
   16.5535 -0.337078 0.0296523  0.108908 -0.395903  0.104735  0.742601
   16.5592 -0.321099 0.0211302 0.0918634 -0.394438 0.0977766  0.737474
   16.5636 -0.309914 0.0115428 0.0796129 -0.399077  0.104124  0.743333
   16.5692    -0.307251 -0.000707732    0.0668297 -0.407378  0.118407   0.75554
   16.5734  -0.311512 -0.0166867  0.0529813 -0.415557  0.134764  0.766649
   16.5792  -0.316306 -0.0326657  0.0407307 -0.416533  0.145872  0.774583
   16.5836  -0.329089 -0.0433183  0.0338065 -0.410307  0.147093  0.777635
   16.5891    -0.3456 -0.0507752  0.0322086 -0.400786   0.14099  0.776903
   16.5934  -0.351992 -0.0598299  0.0279475 -0.392851  0.131956  0.778001
   16.5992  -0.352525 -0.0699499  0.0204907 -0.391387  0.124632  0.782396
   16.6035 -0.359981 -0.078472 0.0172949 -0.397856  0.121824  0.787157
   16.6092  -0.364775 -0.0875268   0.015697 -0.404448  0.121458  0.791063
   16.6135 -0.362112 -0.094451 0.0125012 -0.407134  0.120726   0.79265
    16.619  -0.356786 -0.0987121  0.0103707 -0.406523  0.117796  0.791551
   16.6233 -0.349861 -0.102973 0.0167623 -0.404082  0.113524  0.790941
   16.6292 -0.341872 -0.106702 0.0279475 -0.402373  0.112303  0.795702
   16.6334 -0.337078 -0.112028 0.0407307 -0.406767  0.115599  0.804857
   16.6392 -0.337611 -0.121083 0.0540465 -0.415557  0.123656  0.816576
   16.6433 -0.339209 -0.134398  0.062036 -0.420806  0.131712  0.824754
   16.6492 -0.342937 -0.150377 0.0689602 -0.417754  0.134764  0.825609
   16.6535   -0.3456 -0.166889  0.078015 -0.407378  0.130858  0.822191
   16.6592 -0.349329 -0.183933 0.0913308 -0.395537  0.122679  0.820726
   16.6633 -0.350394 -0.203108  0.105712 -0.388823  0.116698  0.826829
   16.6691 -0.349861 -0.224946  0.120093 -0.390166  0.118162  0.841234
   16.6733 -0.353057 -0.248382  0.137137 -0.396758  0.123045  0.856859
   16.6792 -0.356786 -0.270752  0.152583 -0.401641  0.125853  0.870164
   16.6836 -0.354123 -0.291525  0.165367 -0.402495  0.124144  0.880785
   16.6891 -0.346133 -0.306439  0.179748 -0.402373  0.115721  0.886888
   16.6934 -0.336013 -0.316026  0.196259 -0.399199  0.104368  0.892259
   16.6991 -0.325893 -0.324548  0.211173 -0.400054  0.094969  0.898851
   16.7033 -0.313642 -0.338397   0.22076 -0.409453 0.0908186  0.903856
   16.7092 -0.29287  -0.3613 0.221293 -0.420683 0.0922835  0.905565
   16.7135 -0.268369 -0.389529  0.215434 -0.425078 0.0943587  0.907396
   16.7192 -0.242802 -0.418291  0.207977 -0.419829 0.0936262  0.908861
   16.7233 -0.218834  -0.44439  0.202118 -0.406157 0.0910628  0.908983
   16.7292   -0.1938 -0.469957  0.196792 -0.387602 0.0881331   0.91179
   16.7335 -0.168766 -0.493393  0.191998  -0.37332 0.0889876   0.91887
   16.7391 -0.150124  -0.51523  0.189868 -0.362212 0.0921614   0.92888
   16.7433 -0.136276 -0.532807  0.186139 -0.348662 0.0935042  0.939134
   16.7492 -0.125623 -0.540264  0.186139 -0.334014  0.091551  0.942918
   16.7535 -0.111242 -0.539732  0.191466 -0.312529 0.0856917  0.944383
   16.7592 -0.0894043  -0.532807    0.19839 -0.294341 0.0797102  0.946458
   16.7632 -0.0734253  -0.519492   0.211706  -0.28665 0.0739729  0.951341
   16.7687 -0.0659685  -0.503513    0.22875 -0.283965  0.070677  0.964281
   16.7734 -0.0606422  -0.489132   0.242598 -0.289214  0.075926  0.980394
   16.7792 -0.0590443  -0.475283    0.25112 -0.295928 0.0830061  0.987718
   16.7837 -0.0553158  -0.459837   0.256979 -0.297637  0.084471  0.981248
    16.789 -0.0483916  -0.445988   0.257512 -0.294463 0.0822737  0.969163
   16.7933 -0.0361411  -0.437999   0.250588 -0.290557 0.0803206  0.956468
   16.7992 -0.0185642  -0.434803   0.239935 -0.287627 0.0822737   0.95012
   16.8035 -0.00631366   -0.434803    0.230348 -0.286406 0.0888655  0.955736
   16.8091 -0.00631366   -0.435336    0.223956 -0.287139 0.0987532  0.968431
   16.8133 -0.00791156   -0.434803    0.213304 -0.285796  0.108397  0.980882
   16.8192 -0.00631366   -0.431607    0.199988 -0.277495  0.113402  0.983324
   16.8235 -0.0105747  -0.419357   0.190933 -0.265166  0.111937  0.972337
   16.8291 -0.0100421   -0.40178   0.180813 -0.254057  0.107786  0.963914
   16.8333 -0.00471577   -0.384736    0.166432 -0.245879  0.106688   0.96306
   16.8392 -0.0105747  -0.364496   0.155247 -0.245024  0.112913  0.967332
   16.8435 -0.0292169  -0.341592   0.150986 -0.250273  0.121214  0.975877
   16.8492 -0.0446632  -0.317624   0.145659 -0.25064 0.125975 0.980028
   16.8534 -0.0553158  -0.291525   0.139268 -0.246123  0.126951  0.972093
   16.8592 -0.0574464  -0.263828   0.132876 -0.241118  0.123778  0.959764
   16.8632  -0.06224 -0.236131  0.132343 -0.236968  0.122801  0.956224
   16.8689 -0.0734253  -0.213228   0.137137 -0.239043   0.12866  0.960741
   16.8736 -0.0830127  -0.197249    0.13767 -0.247344  0.138548  0.969163
   16.8792 -0.0995243  -0.186064   0.137137 -0.256621   0.14868  0.977464
   16.8839 -0.123493 -0.178074  0.136605 -0.261016  0.154906   0.98015
   16.8892 -0.147994 -0.171683  0.136605 -0.259307  0.154173  0.972215
   16.8934  -0.16344 -0.166889  0.135007 -0.254424  0.147459  0.960863
   16.8991 -0.170897 -0.161563  0.128615 -0.249785   0.14099  0.956346
   16.9033 -0.181017 -0.155704  0.123821 -0.248931  0.141234  0.962083
   16.9092 -0.195931 -0.152508  0.120093 -0.256743  0.147581  0.975511
   16.9135 -0.217769 -0.148247  0.111571 -0.269072  0.157225  0.988939
   16.9192 -0.245466 -0.142388  0.098255 -0.279936  0.167967  0.993333
   16.9234 -0.265173 -0.137062 0.0812108 -0.28604 0.174803 0.987474
   16.9292 -0.281685 -0.131203 0.0646992 -0.288237  0.175169  0.978075
   16.9334 -0.300327 -0.126409 0.0476549 -0.289092  0.171995  0.975755
   16.9391 -0.317371 -0.123746 0.0274149 -0.291899  0.167235  0.981737
   16.9435   -0.33548   -0.12055 0.00610962 -0.297881  0.164549  0.993333
   16.9492  -0.354123  -0.114691 -0.0157283 -0.303618  0.164061   1.00322
   16.9534   -0.36371  -0.106169 -0.0375662 -0.304473  0.160765   1.00347
   16.9592  -0.364243 -0.0955163  -0.056741 -0.298125  0.154417  0.999193
   16.9641   -0.36584 -0.0795373 -0.0700568 -0.289092  0.145018  0.997118
   16.9688   -0.36371 -0.0592973   -0.08284 -0.282256  0.135252   1.00188
   16.9734  -0.357851 -0.0390573 -0.0934926 -0.282378  0.130614   1.01189
   16.9792   -0.35572 -0.0209478 -0.0977537 -0.28665 0.131346  1.02251
   16.9836   -0.355188 -0.00603405  -0.0998842 -0.291045  0.132811   1.02812
   16.9891  -0.357851 0.00887965   -0.10308 -0.291655  0.129515   1.02593
   16.9934 -0.353057 0.0237934 -0.112135 -0.286284  0.120115   1.01885
   16.9992 -0.341339 0.0381744 -0.122787 -0.277007  0.108275   1.01616
   17.0034 -0.330154 0.0514902 -0.131842 -0.271147 0.0989973   1.01933
   17.0092 -0.322165  0.064806  -0.14143 -0.271391 0.0946028   1.02764
   17.0135 -0.316306 0.0765239 -0.155278 -0.278227 0.0959456   1.03716
   17.0192  -0.31311 0.0871766 -0.171257 -0.287505 0.0994856   1.04057
   17.0233  -0.31524 0.0994271 -0.182975 -0.294341  0.101317   1.03764
   17.0292 -0.308849  0.111678  -0.19416 -0.30081 0.098509  1.03166
   17.0336 -0.291272  0.123396 -0.209606 -0.308257 0.0937483   1.02776
   17.0391 -0.271565   0.13245 -0.226118 -0.320586 0.0947249   1.03154
   17.0433 -0.260912  0.137244 -0.243162 -0.338896  0.100584    1.0435
   17.0492 -0.255586  0.135646 -0.261272 -0.360503  0.109007   1.05339
   17.0537 -0.249194  0.128722 -0.275653 -0.380644  0.116698   1.05449
   17.0592 -0.237476  0.120732 -0.288436 -0.392485  0.118651   1.04814
   17.0632 -0.217769  0.112743 -0.300154 -0.392851  0.116453   1.04009
    17.069 -0.194865   0.10209 -0.309209 -0.387969  0.112059   1.03826
   17.0734 -0.174093 0.0903724 -0.317731 -0.382598  0.106566   1.04534
   17.0792 -0.156516  0.080785 -0.328383  -0.3804 0.102904  1.05779
   17.0837 -0.142135 0.0743934 -0.337971 -0.382353  0.100218   1.06816
    17.089 -0.128819 0.0727955 -0.339036 -0.381255 0.0950911   1.06828
   17.0934  -0.11071 0.0727955 -0.336373 -0.374053 0.0855696   1.05925
   17.0992 -0.084078 0.0727955 -0.340634 -0.364165  0.074095   1.05071
   17.1034 -0.0569137  0.0759913  -0.346493 -0.354155 0.0646956   1.04839
   17.1091 -0.0329453  0.0818503  -0.350221 -0.351348 0.0592024   1.05229
   17.1134 -0.00844419   0.0877092   -0.356613 -0.359892 0.0587141   1.06072
   17.1192 0.0117958  0.090905 -0.363537 -0.377349 0.0627424   1.06694
   17.1235 0.0267095 0.0903724 -0.368863 -0.396269 0.0681135   1.06523
   17.1292 0.0442864 0.0861113 -0.376853 -0.409453 0.0732405   1.05754
   17.1335 0.0687875 0.0802524 -0.389636 -0.419463 0.0801985   1.05071
   17.1391 0.0900928 0.0727955 -0.399224 -0.429839 0.0898421   1.04875
   17.1434  0.104474 0.0637408 -0.403485 -0.443633  0.101927   1.05107
   17.1492  0.118855 0.0530881 -0.409876 -0.458037  0.114012   1.05278
   17.1532  0.134834 0.0419028 -0.420529 -0.469756  0.123411   1.05034
   17.1592   0.15028 0.0307176 -0.427453 -0.475615  0.129393   1.04241
   17.1641  0.167324 0.0195323 -0.429051 -0.471221  0.128294   1.03081
   17.1687  0.186499 0.0110102 -0.431714 -0.462187  0.120848   1.02312
   17.1738   0.201946 0.00728175  -0.431714 -0.456572   0.11328   1.02373
   17.1792   0.214729 0.00674912   -0.43491 -0.457671   0.10974   1.03044
   17.1835   0.228577 0.00568386  -0.443965 -0.46707 0.111693  1.03569
   17.1892   0.238165 0.00461859  -0.450889 -0.479033  0.114622   1.03716
   17.1934   0.246687 0.00248806   -0.45515 -0.484282  0.116331    1.0313
   17.1992  0.256274 -0.001773  -0.45728 -0.480864   0.11682   1.01994
   17.2035    0.270655 -0.00869722   -0.462607 -0.473174  0.113646    1.0103
   17.2091   0.287167 -0.0172193  -0.474325 -0.464385  0.107664   1.00847
   17.2134   0.294624 -0.0268067  -0.487108 -0.460478  0.102782   1.01506
   17.2192   0.293558 -0.0347962  -0.498826 -0.461211 0.0988753   1.02226
   17.2235   0.297287 -0.0406551  -0.518533 -0.460112 0.0919172   1.02434
   17.2291   0.305809 -0.0449162  -0.540371 -0.455229 0.0819075   1.02031
   17.2334     0.3122 -0.0459815   -0.55635 -0.446684 0.0718977   1.01384
   17.2392   0.323386 -0.0433183  -0.573394 -0.437895 0.0638411   1.00957
   17.2436    0.33244 -0.0369267  -0.592036 -0.434477 0.0577376   1.00957
   17.2491   0.332973 -0.0273393  -0.608548 -0.440581 0.0565169   1.01323
   17.2533   0.333506 -0.0161541  -0.624527 -0.454375 0.0595686   1.01592
   17.2592    0.340963 -0.00816458   -0.640506 -0.469512 0.0631087   1.00981
   17.2638   0.345756 -0.0001751  -0.652224 -0.478423 0.0655501  0.997972
   17.2684   0.35268 0.0104775 -0.661279 -0.481108 0.0656721  0.986619
   17.2734  0.365996 0.0221955 -0.667138 -0.481108 0.0668928  0.980394
   17.2792  0.375584 0.0349786  -0.66767 -0.485991 0.0705549  0.981004
   17.2836  0.383041 0.0461639 -0.667138 -0.498076 0.0775129  0.987352
   17.2892  0.386236 0.0541534 -0.660746 -0.510405 0.0894758  0.993822
   17.2936  0.381975 0.0600123 -0.646898 -0.516631 0.0998518   0.99492
   17.2991  0.377182 0.0658713 -0.633049 -0.515288  0.101805   0.99077
   17.3035  0.379845 0.0749261 -0.620266 -0.507598 0.0953352  0.985155
   17.3092  0.383041 0.0893071 -0.602156 -0.499663 0.0848372  0.982835
   17.3134  0.385704  0.105819 -0.580851  -0.49771 0.0754378   0.98723
   17.3192  0.394226    0.1202 -0.563274 -0.503447 0.0684797  0.994432
   17.3235  0.394758   0.13245 -0.543567 -0.512724 0.0633528  0.997972
   17.3292   0.39103  0.144168 -0.523327  -0.51834 0.0607893  0.995775
   17.3334  0.402215  0.153223 -0.507348 -0.520171 0.0587141  0.987718
   17.3391  0.419792  0.160147 -0.489238 -0.519438 0.0560286  0.981004
   17.3434 0.434173 0.167604 -0.46527 -0.521147 0.0559065   0.98015
   17.3492  0.446424  0.174528 -0.440769 -0.527861 0.0582258  0.983079
   17.3534  0.458142  0.179322 -0.419464 -0.537505 0.0617659  0.984056
   17.3592  0.467729  0.181985 -0.398691 -0.544707 0.0640852  0.977952
   17.3632  0.476784  0.185181 -0.377386 -0.544097 0.0624983  0.964891
   17.3691  0.493295  0.187844 -0.358211 -0.535796 0.0606672  0.952074
   17.3735  0.508742  0.188909 -0.336906 -0.527129 0.0610335  0.943407
   17.3792   0.52046  0.188377 -0.317731 -0.522978 0.0653059  0.940233
   17.3837  0.528449  0.185181 -0.303882 -0.525542 0.0764143  0.942918
   17.3891  0.525786  0.181452 -0.289501 -0.533965 0.0900862  0.949266
   17.3934 0.513535 0.177724 -0.27512 -0.543364  0.100584  0.954393
   17.3992  0.493828  0.175061 -0.260207 -0.548735  0.104735  0.952684
   17.4034   0.48211  0.172398 -0.253282 -0.546782 0.0999739  0.944383
   17.4092  0.480512  0.168669 -0.254348 -0.541411 0.0916731  0.934984
   17.4135  0.484241  0.164408 -0.257543 -0.539458 0.0861799  0.928758
   17.4191  0.487436  0.158549 -0.262337 -0.542265 0.0838606   0.92473
   17.4233  0.487436  0.148962 -0.270859 -0.547637 0.0847151  0.919847
   17.4292  0.485306  0.138309 -0.281512 -0.549468 0.0842268  0.914964
   17.4335  0.483175  0.129255 -0.288969 -0.544829 0.0808088  0.910081
   17.4392 0.488502 0.123396 -0.29536 -0.537383 0.0760481  0.905077
   17.4435  0.494893  0.122863 -0.301219 -0.528227 0.0712874  0.902879
   17.4492  0.494893  0.125526 -0.302284 -0.526396 0.0745833  0.903734
   17.4536  0.485306   0.13032 -0.294295 -0.534697 0.0878889   0.90703
   17.4592 0.474653 0.134048 -0.28311 -0.544951  0.105589  0.910448
   17.4633  0.462403  0.135113 -0.269794 -0.551299   0.12097  0.909349
   17.4692  0.448554  0.135646 -0.251684 -0.551421  0.129759   0.89995
   17.4734  0.436304  0.137244 -0.230912 -0.545683  0.132445  0.888719
   17.4792   0.42139  0.138309 -0.210672 -0.539824  0.129881  0.882127
   17.4833  0.410205  0.138842 -0.198421 -0.537627  0.124388  0.880785
   17.4892  0.395291  0.138842 -0.189899 -0.541167   0.12036   0.88054
   17.4936 0.376116 0.136179 -0.18191 -0.544829  0.115721  0.877367
   17.4992  0.364931  0.131385 -0.181377 -0.54019 0.108885 0.869432
   17.5035  0.362268  0.128189 -0.187769 -0.529814  0.101439  0.861253
   17.5091  0.355344  0.129255 -0.195758 -0.518706 0.0910628  0.854906
   17.5135   0.34256  0.131385 -0.201617 -0.510039 0.0819075  0.851488
   17.5192  0.333506  0.133516 -0.206943 -0.510039 0.0787337  0.853319
   17.5234 0.324984 0.136711 -0.21227 -0.519316 0.0834944  0.856004
   17.5292  0.311668  0.137777 -0.210672 -0.529326 0.0942366  0.854539
   17.5335  0.292493  0.139907 -0.201084 -0.533843  0.104124  0.848558
   17.5392  0.276514  0.143636 -0.189899 -0.531889  0.109862  0.841112
   17.5434  0.266927  0.144701 -0.178181 -0.529448  0.111326  0.836107
   17.5491 0.255209 0.146299  -0.1638 -0.530913  0.111326  0.836473
   17.5534  0.239762  0.147364 -0.147288 -0.538359  0.113524  0.839525
   17.5592  0.225381  0.147364 -0.135038 -0.548491   0.11682   0.84221
   17.5635  0.209402  0.147897 -0.128646 -0.553984  0.116698  0.838548
   17.5691  0.197152  0.147364 -0.125451 -0.54959 0.109617  0.82866
   17.5732  0.189162  0.148429 -0.121722 -0.538359 0.0974104  0.818285
   17.5792  0.186499  0.147897 -0.119592 -0.527007 0.0848372  0.811571
   17.5834  0.191293  0.143103 -0.121189 -0.519194 0.0744612  0.808641
   17.5892  0.192891  0.138309 -0.120657 -0.516142 0.0697004  0.810716
   17.5933  0.189162  0.136179 -0.120124 -0.519438 0.0728743  0.818407
   17.5992  0.182771  0.136179 -0.120657 -0.523955  0.077635  0.828416
   17.6036  0.173716  0.138309 -0.122255 -0.522734 0.0780012  0.832201
   17.6092  0.159868  0.145233 -0.121189 -0.515776 0.0728743  0.828905
   17.6135  0.152943  0.151092 -0.117994 -0.507598 0.0644514  0.822191
   17.6192  0.152411  0.154288 -0.114798 -0.505156 0.0593245  0.814989
   17.6235  0.146552  0.154821 -0.108939 -0.509917 0.0590803  0.812791
   17.6291  0.135367  0.151092 -0.105743 -0.519805 0.0623762  0.814989
   17.6334  0.127377  0.141505 -0.108939 -0.528227 0.0670149  0.817918
   17.6392  0.119388  0.128189 -0.109472 -0.528472 0.0687239  0.816331
   17.6435  0.110333  0.117537 -0.106276 -0.521025 0.0670149  0.813035
   17.6491  0.108735  0.108482 -0.104678 -0.513213 0.0656721  0.812791
   17.6534   0.104474    0.10209 -0.0988189 -0.510283 0.0657942  0.817918
   17.6592  0.0852991  0.0999598 -0.0860358 -0.513945  0.067137  0.826341
   17.6635  0.0677222  0.0978292 -0.0785789 -0.517485 0.0657942  0.832689
   17.6692  0.0671896  0.0946334 -0.0823073 -0.513823 0.0565169  0.831224
   17.6732  0.0682549  0.0978292 -0.0833726 -0.503935 0.0439436  0.824022
   17.6792  0.0735812   0.107417 -0.0823073 -0.493071 0.0306379  0.814622
   17.6836  0.0890275   0.118069 -0.0817747 -0.486357 0.0206282  0.806932
    17.689   0.101278   0.129787 -0.0764484 -0.486724 0.0201399    0.8062
   17.6934   0.106072   0.141505 -0.0684589 -0.494902 0.0283186  0.810716
   17.6992   0.106072   0.150027 -0.0583389 -0.506011 0.0417463  0.815965
   17.7035   0.110333   0.160147 -0.0418273 -0.512114 0.0555403  0.816698
   17.7092   0.115659   0.167071 -0.0311746 -0.510039 0.0657942  0.810838
   17.7134    0.111398    0.173463 -0.00667355 -0.502715 0.0722639  0.803514
   17.7192  0.107137  0.179855 0.0178275 -0.497954 0.0749495  0.801073
   17.7235  0.100213  0.181985 0.0247517 -0.503081 0.0787337  0.805955
   17.7292 0.0932886  0.184116  0.031676 -0.508208 0.0825178  0.810838
   17.7334 0.0789075  0.189442  0.031676 -0.508696 0.0784895    0.8062
   17.7392 0.0645264  0.194768  0.031676 -0.509184 0.0744612  0.801561
   17.7434 0.0613306  0.195301 0.0199581 -0.501982 0.0640852  0.793748
   17.7491  0.0581348   0.195834 0.00824015  -0.49478 0.0537092  0.785936
   17.7534  0.0613306    0.19317 -0.0114672 -0.497344 0.0526106  0.787279
   17.7592  0.0645264   0.190507 -0.0311746 -0.499907  0.051512  0.788621
   17.7634  0.0496127   0.189975 -0.0386315  -0.5054 0.053343 0.787523
   17.7692   0.034699   0.189442 -0.0460883 -0.510893 0.0551741  0.786424
   17.7733  0.0389601   0.189442 -0.0530126 -0.505889 0.0488264  0.777635
   17.7792  0.0432211   0.189442 -0.0599368 -0.500884 0.0424788  0.768846
   17.7838  0.0485475   0.192105 -0.0578062 -0.502104 0.0438215   0.77202
   17.7892  0.0538738   0.194768 -0.0556757 -0.503325 0.0451643  0.775194
   17.7933   0.050678   0.192638 -0.0450231 -0.518218 0.0638411  0.778368
   17.7992  0.0474822   0.190507 -0.0343704  -0.53311 0.0825178  0.781541
   17.8034  0.0277748   0.186246 -0.0130651 -0.532866 0.0927717   0.77617
   17.8092 0.00806741   0.181985 0.00824015 -0.532622  0.103026  0.770799
   17.8135 0.000610555    0.176126   0.0210233 -0.527861 0.0987532  0.772264
   17.8191 -0.0068463   0.170267  0.0338065   -0.5231 0.0944807  0.773729
   17.8234 -0.0185642   0.162278  0.0370023  -0.52896 0.0904524  0.780931
   17.8292 -0.0302821   0.154288  0.0401981 -0.534819 0.0864241  0.788133
   17.8335 -0.0414674    0.14044  0.0295454 -0.538359 0.0792219   0.78618
   17.8392 -0.0526527   0.126591  0.0188928 -0.541899 0.0720198  0.784227
   17.8434 -0.0467937   0.113276 0.00824015 -0.532866 0.0587141  0.779466
   17.8492 -0.0409348  0.0999598 -0.0024125 -0.523833 0.0454085  0.774705
   17.8535  -0.037739  0.0941008 0.00131593 -0.520049 0.0388167  0.779832
   17.8592 -0.0345432  0.0882419 0.00504436 -0.516264 0.0322249  0.784959
   17.8633 -0.0201621  0.0829155   0.015697 -0.520903 0.0388167  0.795702
   17.8692 -0.00578103   0.0775892   0.0263496 -0.525542 0.0454085  0.806444
   17.8733 -0.00151997   0.0823829   0.0513834 -0.518706 0.0429671  0.804491
   17.8792 0.0107306  0.090905 0.0892003 -0.505766 0.0366194   0.79973
   17.8839 0.0256443 0.0978292  0.113701 -0.497588 0.0294172  0.793504
   17.8892 0.0325685  0.101025  0.125419 -0.495513 0.0261213  0.790086
   17.8935 0.0421559  0.101558  0.144061 -0.500273 0.0288069  0.786424
   17.8991 0.0517433   0.10209  0.162703 -0.505034 0.0314924  0.782762
   17.9034 0.0645264 0.0946334  0.171226 -0.505889 0.0380842  0.777269
   17.9092 0.0773096 0.0871766  0.179748 -0.506743  0.044676  0.771776
   17.9135 0.0847664 0.0834482  0.192531 -0.497832 0.0460188  0.765916
   17.9192 0.0922233 0.0797197  0.205314 -0.488921 0.0473616  0.760057
   17.9234 0.0932886 0.0754587  0.213304 -0.490141 0.0549299  0.761644
   17.9292 0.0943538 0.0711976  0.221293 -0.491362 0.0624983  0.763231
   17.9335 0.0890275 0.0637408  0.229283 -0.494536 0.0725081  0.761888
   17.9391 0.0837012 0.0562839  0.237272  -0.49771 0.0825178  0.760545
   17.9434  0.076777 0.0461639  0.243664 -0.488555 0.0809309  0.754686
   17.9492 0.0645264 0.0307176  0.252186 -0.474516  0.075804  0.746141
   17.9535 0.0576022 0.0200649  0.252186 -0.466704 0.0694563  0.745653
   17.9592 0.0560043 0.0147386  0.250055 -0.463774 0.0666487   0.74785
   17.9634  0.0485475 0.00461859   0.241533 -0.470122 0.0699446  0.753099
   17.9692   0.0410906 -0.00550142    0.233011  -0.47647 0.0732405  0.758348
   17.9733  0.0320359 -0.0140235   0.226087 -0.471465 0.0738508  0.752244
   17.9793  0.0224485 -0.0268067   0.216499 -0.458403 0.0710432  0.740648
   17.9835  0.0197853 -0.0331983   0.209043 -0.442534 0.0656721  0.733934
   17.9892  0.0149916 -0.0369267   0.201586 -0.430571 0.0644514  0.733202
   17.9937 0.00806741 -0.0417204   0.197325 -0.427031 0.0682356  0.735887
   17.9992 -0.000987342   -0.0459815     0.196259 -0.427641 0.0712874  0.738084
   18.0033 -0.0153684 -0.0449162   0.202118 -0.425444 0.0788557  0.740526
   18.0092 -0.0302821 -0.0390573   0.216499 -0.418364 0.0883772  0.741502
   18.0136 -0.0430653 -0.0289372   0.236207 -0.409697 0.0910628  0.739061
   18.0192 -0.0483916 -0.0145562   0.250588  -0.40396 0.0939924  0.739915
   18.0234 -0.0547832 0.00195543   0.264969 -0.406767   0.10095  0.743822
   18.0292 -0.0702295  0.0152712   0.285742 -0.417632  0.111571  0.748094
   18.0335 -0.0888717  0.0232607   0.305449 -0.429717  0.121458  0.749315
   18.0392 -0.109644 0.0264565  0.317699 -0.435698  0.127073  0.745286
   18.0433 -0.119232 0.0227281  0.319297 -0.432891   0.12512  0.735033
   18.0492 -0.126689 0.0179344  0.319297 -0.423613  0.117674  0.724535
   18.0535 -0.137874 0.0158039  0.320895 -0.413725  0.111937  0.721117
   18.0592 -0.146396 0.0131407  0.321428 -0.408721  0.111082  0.724779
   18.0633 -0.159179 0.0104775  0.324091 -0.409453  0.116942  0.730882
   18.0692 -0.175691 0.0104775  0.325156 -0.411772  0.126463  0.736375
   18.0734 -0.185278  0.014206  0.321961 -0.406767  0.133055  0.736619
   18.0793 -0.195931 0.0232607  0.329417 -0.395293  0.136717   0.73076
   18.0837 -0.210844 0.0376418  0.343266 -0.384795  0.138914  0.726121
   18.0893  -0.22416 0.0525555  0.351788 -0.380034  0.140623  0.725877
   18.0935 -0.245466 0.0674692  0.363506 -0.383208   0.14453  0.728929
   18.0992 -0.271032 0.0802524  0.374159 -0.396025  0.150755  0.733568
   18.1035 -0.291272 0.0861113  0.374691 -0.41043 0.158446 0.737962
   18.1091 -0.309914 0.0882419  0.369365 -0.41812 0.163206 0.735399
   18.1135  -0.32536 0.0877092   0.36031 -0.417876  0.160521  0.728075
   18.1192 -0.337078 0.0818503  0.348592 -0.413848   0.15576  0.721971
   18.1235 -0.351992  0.070665   0.33794 -0.413725   0.15515  0.726488
   18.1292  -0.37383 0.0573492  0.326222 -0.417632  0.159666  0.738084
   18.1335 -0.391407 0.0397723   0.30971 -0.421782  0.169676  0.746263
   18.1392 -0.406853  0.018467  0.293198 -0.422026  0.179442     0.752
   18.1433    -0.432419 -0.000707732     0.283078 -0.415434  0.183104  0.756883
   18.1492 -0.456388 -0.017752  0.277752 -0.403716  0.177611   0.76494
   18.1535  -0.472367 -0.0310678   0.270295 -0.390166  0.166136  0.779344
   18.1592  -0.487813 -0.0411878   0.256447 -0.381987  0.154783  0.795824
   18.1636  -0.502727 -0.0470467   0.237805 -0.380034  0.144896  0.808275
   18.1691 -0.514445 -0.048112  0.220228 -0.377349  0.135985  0.815233
   18.1733  -0.526695 -0.0443836   0.202651 -0.372099  0.123167  0.817796
   18.1793  -0.528293 -0.0369267   0.174954 -0.361724  0.104368   0.81743
   18.1834  -0.519771 -0.0252088   0.142463 -0.349639 0.0841047  0.815477
   18.1892  -0.502194 -0.0108277   0.111038 -0.339995 0.0679915  0.818651
   18.1934  -0.476628 0.00515122   0.082276 -0.335845  0.060179  0.826707
   18.1992 -0.448398 0.0227281 0.0609707 -0.340239 0.0642073  0.837083
   18.2035 -0.422299 0.0397723 0.0481876 -0.348662 0.0784895   0.84929
   18.2091 -0.408984 0.0568165 0.0487202 -0.354155 0.0958235  0.859666
   18.2134 -0.407386 0.0733282 0.0625686 -0.355376  0.108397  0.866746
   18.2192 -0.399929 0.0887745 0.0748192 -0.35147 0.113035 0.875658
   18.2235 -0.384483  0.104753  0.082276 -0.351836  0.114866  0.883714
   18.2292 -0.373297  0.120732 0.0955918 -0.363799   0.11804  0.887132
   18.2334 -0.365308  0.130852  0.111571 -0.381743  0.124754  0.888109
   18.2392 -0.361579  0.134048  0.125419 -0.40042 0.134886 0.887865
   18.2435 -0.357851   0.13032  0.132876 -0.412627  0.141722  0.882982
   18.2492 -0.351992  0.120732  0.133941 -0.41519 0.143431  0.87578
   18.2534 -0.337611  0.105819  0.130746 -0.413115  0.143553  0.870897
   18.2592 -0.326426 0.0887745  0.126485 -0.41165 0.143431 0.870286
   18.2636 -0.326426 0.0717303  0.123289 -0.414092  0.146239     0.877
   18.2692 -0.328024 0.0509576  0.120093 -0.420806  0.153074  0.887254
   18.2735 -0.334948 0.0291197  0.116364 -0.423003  0.158446  0.894823
   18.2793 -0.342405 0.0120754  0.108908 -0.41873 0.157347 0.897508
    18.284    -0.3456 -0.0001751   0.101451  -0.4075 0.148924 0.896287
    18.289   -0.346133 -0.00763195   0.0971897 -0.39395 0.139158 0.891405
   18.2934   -0.34347 -0.0124256  0.0945266 -0.387358  0.131956  0.889696
   18.2992  -0.344535 -0.0188172   0.092396 -0.390532  0.128294  0.893724
   18.3035  -0.347198 -0.0284046  0.0870697 -0.401641  0.130858  0.903001
   18.3092  -0.347198 -0.0406551  0.0785476 -0.412627  0.135496  0.910692
   18.3134 -0.348796 -0.053971 0.0705581 -0.415801  0.137083  0.910814
   18.3192  -0.346666 -0.0672868  0.0615034 -0.411772  0.134642  0.904832
   18.3235  -0.337611 -0.0800699  0.0487202 -0.40457 0.131224  0.89995
   18.3292  -0.329621 -0.0928531  0.0370023 -0.399321  0.131712  0.900926
   18.3335 -0.329089 -0.104571 0.0322086 -0.398711  0.136595   0.90703
   18.3392 -0.329089 -0.115224 0.0274149 -0.401518  0.142821  0.914964
   18.3434 -0.332817 -0.122681  0.021556 -0.400908  0.145506  0.920457
   18.3492 -0.338676 -0.125876 0.0167623 -0.394194   0.14099  0.918382
   18.3534 -0.339209 -0.126409 0.0130338 -0.385405  0.132323  0.912279
   18.3592 -0.338676 -0.125344 0.0146317 -0.378691  0.124266   0.91057
   18.3635  -0.33335 -0.125344 0.0183602 -0.37918 0.119749 0.913866
   18.3692 -0.328024 -0.126409 0.0231539 -0.387724  0.123167  0.921068
   18.3735 -0.326958 -0.129072 0.0295454 -0.401518  0.132078  0.927537
   18.3793 -0.324828 -0.134398 0.0348718 -0.409819  0.138548  0.928758
   18.3843 -0.320567 -0.141323 0.0412633 -0.409941    0.1416  0.922655
   18.3891 -0.313642 -0.147714 0.0492528 -0.405669  0.141478  0.913866
   18.3935 -0.304055 -0.154106 0.0609707 -0.401763   0.14099  0.909593
   18.3992 -0.298729 -0.162628 0.0764171 -0.402373  0.145262   0.91411
   18.4035 -0.301925 -0.172748 0.0913308 -0.407866  0.153807  0.921068
   18.4092 -0.307251 -0.186064 0.0977224 -0.413481  0.164183  0.926195
   18.4135 -0.314175 -0.200445 0.0977224 -0.415557  0.170408  0.926439
   18.4191 -0.320567 -0.213228 0.0950592 -0.41165 0.169188 0.921312
   18.4233 -0.319501 -0.227609 0.0849392 -0.402251  0.162474  0.915819
   18.4292  -0.32323 -0.243055 0.0764171 -0.391753  0.153563  0.915086
   18.4335 -0.334948 -0.256904 0.0689602 -0.385771  0.146483  0.919725
   18.4392 -0.339741 -0.269687 0.0529813 -0.38687  0.14453 0.927904
   18.4435 -0.339209 -0.283535 0.0300781 -0.38748 0.143431 0.935838
   18.4492  -0.342405  -0.293123 0.00983805 -0.383086   0.13867  0.938402
   18.4535   -0.348264   -0.297917 -0.00347776 -0.374297  0.129271  0.937303
   18.4592  -0.344003   -0.30058 -0.0162609 -0.364287  0.117186  0.937669
   18.4633  -0.331752  -0.301112 -0.0269136 -0.35916 0.108641 0.943529
   18.4692  -0.321632  -0.302178 -0.0354357 -0.362334  0.105345  0.952074
   18.4736  -0.307784  -0.303775 -0.0455557 -0.367949  0.109251  0.961717
   18.4793  -0.299794   -0.30271 -0.0471536 -0.372588  0.115965  0.968187
   18.4832  -0.290207  -0.298982 -0.0455557 -0.373198   0.11682  0.969652
   18.4892  -0.273695  -0.294188 -0.0476862 -0.366606  0.112669  0.967332
   18.4937  -0.260912  -0.287797 -0.0482189 -0.358428  0.107054  0.964159
   18.4992  -0.248661  -0.281405 -0.0487515 -0.354399   0.10327  0.965379
   18.5036  -0.233748  -0.275546 -0.0535452 -0.355864  0.104002  0.970018
   18.5092  -0.217769   -0.27022 -0.0604694 -0.362944  0.108031  0.974901
   18.5136  -0.208181  -0.265426 -0.0652631 -0.367339   0.11328  0.978075
   18.5192  -0.204453  -0.261165 -0.0684589 -0.366484   0.11743  0.975877
   18.5235  -0.196996  -0.256904 -0.0743179 -0.362334  0.117552  0.969774
   18.5292  -0.184745  -0.251578 -0.0807094 -0.356597  0.115355  0.967332
   18.5334  -0.169832  -0.245186 -0.0844379 -0.355742  0.114744  0.971849
   18.5392  -0.155983  -0.238794 -0.0849705 -0.363432  0.117308  0.979784
   18.5435  -0.152255  -0.232403 -0.0817747 -0.376616  0.123289  0.987718
   18.5491  -0.149059  -0.228674 -0.0807094 -0.385649  0.127073   0.99016
   18.5535  -0.137874  -0.229207 -0.0860358 -0.38748  0.12451 0.982835
   18.5592  -0.119232  -0.232935 -0.0998842 -0.381499  0.116209  0.974535
   18.5635 -0.102187 -0.235599 -0.115331 -0.372466   0.10449  0.969896
   18.5691 -0.0920675  -0.238262  -0.129179 -0.368804 0.0964338  0.971849
   18.5733 -0.0846106  -0.242523  -0.144625 -0.372099 0.0963118  0.981493
   18.5793 -0.0718274  -0.249447  -0.165931 -0.376372  0.101561  0.992113
    18.584 -0.0627727  -0.255306  -0.188301 -0.376616  0.106199  0.996019
   18.5888 -0.0558485  -0.255839  -0.208541 -0.370268  0.105101  0.991746
   18.5934 -0.0451958  -0.253708  -0.225585 -0.360869 0.0998518  0.983446
   18.5992 -0.0313474  -0.250512  -0.242097 -0.353301 0.0942366  0.979051
   18.6037 -0.0185642  -0.246251  -0.258076 -0.350493   0.08972  0.981493
   18.6092 -0.0185642   -0.24199  -0.267663 -0.356474 0.0908186  0.988939
   18.6135 -0.0190968   -0.24199  -0.277783 -0.366973 0.0975325  0.997484
   18.6191 -0.00897682   -0.246251   -0.291632 -0.37332 0.105101  1.00054
   18.6234 0.00540425  -0.251578  -0.307611 -0.373686  0.109373  0.998216
   18.6292 0.00593688  -0.252643  -0.317198 -0.371123  0.106566  0.995286
   18.6335 0.00220845  -0.251045  -0.324122 -0.36978 0.101439 0.995653
   18.6392 0.00487161  -0.249447  -0.334775 -0.374907 0.0986311  0.998949
   18.6435 0.00646951   -0.24998   -0.34596 -0.386626  0.100218   1.00432
   18.6492 0.0096653 -0.254241 -0.358743 -0.397612  0.106199   1.00688
   18.6535 0.0165895 -0.258502 -0.370994 -0.400664  0.109373   1.00334
   18.6592 0.0256443 -0.260632 -0.382179 -0.39688 0.107176 0.997728
   18.6634 0.0325685 -0.260632 -0.392832 -0.388945  0.100706  0.995409
   18.6692 0.0432211 -0.259034 -0.405615 -0.381011 0.0920393  0.996507
   18.6734 0.0581348 -0.256371 -0.421061 -0.376616 0.0866682   1.00151
   18.6793 0.0629285 -0.251045 -0.433312 -0.376616 0.0837385   1.00737
    18.684 0.0602654 -0.243055 -0.444497 -0.376616 0.0794661   1.00835
    18.689 0.0655917 -0.234001 -0.459411 -0.371733 0.0729963   1.00298
   18.6933  0.081038 -0.222815 -0.478053 -0.363066 0.0626204  0.996385
   18.6992 0.0932886 -0.207369 -0.493499 -0.356474 0.0524885  0.991624
   18.7035 0.0996801  -0.19139 -0.502554 -0.354277 0.0473616  0.991868
   18.7091  0.102343 -0.177009 -0.508946 -0.358428 0.0473616  0.998338
   18.7134  0.106072 -0.164226 -0.517468  -0.36978 0.0543196   1.00737
   18.7192  0.108202 -0.154106 -0.524392 -0.382598 0.0622542   1.01177
   18.7235  0.107137 -0.145584 -0.529186 -0.389189 0.0634749   1.00835
   18.7292  0.109268 -0.139192 -0.536643 -0.389922   0.05847   1.00285
   18.7336  0.112463 -0.133333 -0.549426 -0.390532 0.0502913  0.999437
   18.7391  0.115126 -0.127474  -0.56647 -0.393462  0.044554   1.00041
   18.7434   0.11779 -0.122681 -0.580318 -0.401518  0.044676    1.0031
   18.7492  0.120453 -0.117354 -0.593102 -0.410185 0.0478499   1.00591
   18.7536  0.120453 -0.113093 -0.608548 -0.414458 0.0501692   1.00444
   18.7592  0.124181 -0.108299 -0.626125 -0.411894 0.0476057  0.998949
   18.7635   0.125779 -0.0976468  -0.638375 -0.404814 0.0396712  0.995164
   18.7692  0.125246 -0.084331 -0.643169 -0.399809 0.0321028  0.995897
   18.7736   0.128975 -0.0710152  -0.644767 -0.401396 0.0294172    1.0009
   18.7793   0.128975 -0.0566341  -0.641039 -0.407622 0.0329573   1.00786
    18.784    0.12791 -0.0449162   -0.63518 -0.415801  0.037596   1.01299
    18.789   0.131638 -0.0363941  -0.631984 -0.420561 0.0369856   1.01299
   18.7935   0.129508 -0.0246762  -0.623994 -0.419341 0.0317366   1.00737
    18.799   0.131638 -0.0124256  -0.613874 -0.415679 0.0229475    1.0009
   18.8034     0.142823 -0.000707732    -0.606417 -0.411162 0.0139143  0.999193
   18.8092  0.144421 0.0131407 -0.597363  -0.409575 0.00890944    1.00188
   18.8136  0.144421  0.024326 -0.592569   -0.41397 0.00720045    1.00749
   18.8192  0.147084  0.034446 -0.596297 -0.420561 0.0053694   1.01213
   18.8234  0.147084 0.0450986 -0.605885   -0.424224 -0.00110033     1.00957
   18.8292   0.15028 0.0578818 -0.616005  -0.423125 -0.0113542    1.00054
   18.8335  0.163596 0.0727955 -0.624527  -0.418608 -0.0208757   0.991136
   18.8392  0.177977 0.0887745 -0.628788  -0.415923 -0.0275896   0.987596
   18.8435  0.185967  0.104753 -0.627723  -0.417388 -0.0295427   0.991014
   18.8492  0.191826  0.119135 -0.625592 -0.425322 -0.026613  0.996751
   18.8534   0.19875   0.13245 -0.624527  -0.435332 -0.0231951    1.00188
   18.8592  0.204076  0.146299 -0.620266  -0.443633 -0.0219744    0.99846
   18.8634  0.208337  0.161745 -0.608548   -0.44937 -0.0231951   0.989549
   18.8692  0.218457  0.175594 -0.594167  -0.453887 -0.0235613   0.982957
   18.8734  0.228045  0.185714 -0.578721  -0.460967 -0.0189226   0.982225
   18.8793 0.230708 0.192105 -0.56434  -0.475615 -0.0114763   0.986986
   18.8843  0.231773   0.19317 -0.552089  -0.494658 -0.0032976    0.99138
   18.8892  0.226447   0.19104 -0.537175  -0.509795 0.00353834   0.991014
   18.8938  0.226979  0.187844 -0.527588 -0.517241 0.0053694  0.983202
   18.8991  0.236034  0.183583 -0.520664  -0.516631 0.00292799   0.970628
   18.9034  0.240295  0.178257 -0.508413   -0.514189 -0.00219896    0.962572
   18.9092  0.242426  0.171332 -0.496163   -0.513213 -0.00842455    0.962694
   18.9134  0.245089  0.163876 -0.488173  -0.518462 -0.0100115   0.967577
   18.9193  0.250948  0.154288 -0.482847   -0.530181 -0.00500658     0.97429
   18.9236  0.252546  0.145766 -0.468466  -0.537627 0.00231764   0.977586
   18.9291  0.253078  0.139907 -0.446095  -0.535918 0.00622389   0.973314
   18.9335  0.260002  0.135646 -0.425855  -0.528472 0.00182936   0.965623
   18.9393 0.263198 0.134048 -0.40455   -0.521514 -0.00683764    0.964036
   18.9435  0.265861  0.132983 -0.383777  -0.519805 -0.0142839   0.967454
   18.9492  0.274916  0.130852 -0.365668  -0.523955 -0.0180681   0.970628
   18.9535  0.275449  0.129787 -0.346493  -0.532012 -0.0169695   0.969408
   18.9593  0.273851  0.128722 -0.329981  -0.536528 -0.0172136   0.961839
   18.9636  0.282373  0.124993 -0.318796  -0.533843 -0.0206316   0.949388
   18.9691  0.297819  0.120732 -0.311872  -0.526763 -0.0267351   0.939378
   18.9734  0.309537  0.118069 -0.299621  -0.523345 -0.0324724    0.93535
   18.9793  0.310603  0.116471 -0.280979 -0.527739  -0.03174  0.935838
    18.984 0.311135 0.113276   -0.265 -0.538237 -0.023073  0.937425
   18.9884  0.320723  0.103688 -0.253815  -0.548247 -0.0113542   0.937547
   18.9936  0.322853 0.0935682 -0.239434   -0.551543 -0.00256517    0.934373
   18.9993  0.321255 0.0855787 -0.223455     -0.54727 -0.000123768     0.927049
   19.0037  0.327114 0.0759913 -0.211737   -0.539336 -0.00305346    0.919115
   19.0091  0.328712 0.0690671 -0.198421   -0.533598 -0.00695971    0.916551
   19.0134  0.331908 0.0637408 -0.185638   -0.535674 -0.00915697    0.918382
   19.0193  0.334038 0.0557513 -0.172322   -0.544829 -0.00512865    0.920091
   19.0235  0.329777 0.0450986 -0.157941   -0.551543 0.000730724    0.920579
   19.0293  0.330843 0.0312502  -0.15368  -0.550078 0.00268385   0.917406
   19.0335  0.335104 0.0179344 -0.156343   -0.541777 -1.6978e-06    0.912035
   19.0393   0.331908 0.00887965  -0.154745   -0.531767 -0.00818041    0.908128
   19.0436    0.329777 0.000890165   -0.153147  -0.525298 -0.0155046   0.908372
   19.0493    0.329777 -0.00550142   -0.156343  -0.526396 -0.0163591   0.911058
   19.0535   0.329777 -0.0134909  -0.163267  -0.530181 -0.0147722   0.914476
   19.0592   0.329777 -0.0246762  -0.172855  -0.528716 -0.0164812    0.91533
   19.0635   0.328179 -0.0326657  -0.185638  -0.519316 -0.0238054   0.910936
   19.0693    0.33031 -0.0331983  -0.199486  -0.506011 -0.0330828   0.902757
   19.0736   0.339897 -0.0289372  -0.208009  -0.496855 -0.0397966   0.897752
   19.0793  0.350017 -0.022013 -0.208541  -0.497588 -0.0415056   0.898241
   19.0834   0.358007 -0.0156214  -0.205878  -0.506255 -0.0333269   0.903734
   19.0892  0.356409 -0.011893 -0.200019   -0.51895 -0.0175798   0.908861
   19.0935    0.346822 -0.00709932   -0.189899   -0.527251 -0.00341967    0.908617
   19.0992    0.343626 -0.00283826   -0.180312  -0.527129 0.00573561   0.903734
   19.1034    0.347354 -0.00283826   -0.171257  -0.522368 0.00878736   0.896776
   19.1093    0.347354 -0.00496879   -0.162202  -0.516142 0.00610182   0.892137
   19.1135    0.338299 -0.00550142   -0.154213    -0.51248 0.000852794    0.892015
   19.1192    0.325516 -0.00603405   -0.147821   -0.514311 -0.00390795    0.897386
   19.1235    0.317527 -0.00656669   -0.144625    -0.51895 -0.00586107    0.902879
   19.1293    0.313798 -0.00443616    -0.14356    -0.51895 -0.00879076    0.901414
   19.1336  0.314331 0.0014228 -0.143027  -0.512969 -0.0129412   0.892869
   19.1392   0.322853 0.00781438   -0.14143  -0.502837 -0.0158708   0.883104
   19.1435  0.323386 0.0179344  -0.13131  -0.493682 -0.0189226   0.878221
   19.1493   0.32019 0.0312502 -0.118526  -0.490141 -0.0189226   0.880785
   19.1535  0.319657  0.044566 -0.107341  -0.496489 -0.0122087   0.885423
   19.1592   0.319657  0.0584144 -0.0950905  -0.505278 -0.0032976   0.886888
   19.1634   0.315396  0.0733282 -0.0823073  -0.509795 0.00256178   0.881761
   19.1693   0.304744  0.0887745 -0.0673936  -0.510405 0.00292799    0.87224
   19.1736   0.301548  0.0999598 -0.0546105   -0.507964 -0.00219896     0.86284
   19.1793   0.299417   0.106884 -0.0412946   -0.505766 -0.00537279    0.857957
   19.1836  0.295156  0.111678 -0.030642   -0.507475 -0.00207689    0.858079
   19.1893  0.290362  0.113808 -0.024783  -0.514556 0.00707838   0.860765
   19.1938   0.279177   0.112743 -0.0178588 -0.522246 0.0181868  0.862108
   19.1991   0.265329   0.109547 -0.0109346 -0.522368 0.0246565  0.859422
   19.2035    0.250948    0.109015 -0.00294513  -0.51248 0.0234358  0.853563
   19.2093   0.237099   0.113276 0.00770752 -0.498198 0.0148909   0.84807
   19.2136  0.224849  0.121265 0.0130338 -0.483916 0.0032942  0.845262
   19.2191  0.214729   0.13032 0.0119686   -0.478911 -0.00366381     0.84453
   19.2234  0.204076  0.137777 0.0103707   -0.482085 -0.00439623    0.845384
   19.2292   0.192891   0.146299 0.00610962   -0.485503 -0.00134447    0.844163
   19.2335   0.181706   0.156419 0.00184856  -0.485137 0.00170729   0.840379
   19.2393   0.166792   0.167604 0.00184856    -0.478911 -0.000245838     0.834642
   19.2435    0.159335    0.179322 0.000250664   -0.470366 -0.00476244    0.830369
   19.2493    0.159335    0.191573 -0.00454303   -0.467192 -0.00805834    0.830125
   19.2535     0.14815    0.204356 -0.00347776   -0.470854 -0.00732592    0.832323
   19.2592    0.139628    0.214476 -0.00187986   -0.479521 -0.00256517    0.833421
   19.2634     0.134834     0.222465 -0.000281967   -0.484648 0.000608654    0.831224
   19.2693   0.124181   0.233118 0.00770752  -0.482329 0.00109694   0.824144
   19.2736 0.120985  0.24377 0.015697    -0.476958 -0.000245838     0.815721
   19.2793  0.118322  0.254956 0.0242191   -0.472075 -0.00256517    0.811327
   19.2838  0.111398  0.266674 0.0343391   -0.473174 0.000242443     0.81389
    19.289  0.102343  0.275728 0.0423286  -0.482695 0.00878736   0.819627
   19.2936 0.0874296  0.282653 0.0524486 -0.495268 0.0179426  0.822557
   19.2992 0.0703854  0.286381 0.0615034 -0.501616 0.0234358  0.819383
   19.3034 0.0565369  0.287446 0.0636339 -0.498076 0.0206282  0.811449
   19.3092 0.0474822  0.288512 0.0604381 -0.487944 0.0123274  0.802049
   19.3135 0.0426885  0.290642 0.0556444   -0.47769 0.00402662   0.794603
   19.3193 0.0410906  0.292773 0.0503181   -0.471465 -0.00134447    0.791917
   19.3236 0.0368295  0.295968 0.0449918  -0.472563 0.00146315   0.793748
   19.3292 0.0256443  0.298632  0.041796  -0.476836 0.00842115   0.798631
   19.3335 0.0107306  0.300762 0.0401981 -0.475859 0.0129378  0.801195
   19.3393 -0.00578103    0.305556   0.0449918  -0.46939 0.0139143  0.799364
   19.3435 -0.0196295   0.319404  0.0540465  -0.462554 0.00976393   0.794481
   19.3492 -0.0249558   0.330057  0.0583076  -0.457793 0.00573561   0.791063
   19.3535 -0.0340105   0.338046  0.0694929 -0.467681 0.0109846  0.792406
   19.3593 -0.0430653   0.346036  0.0806781 -0.479155  0.016844  0.794481
   19.3635 -0.0494569   0.348166  0.0833413 -0.485747 0.0212385  0.793382
   19.3692 -0.0585116   0.351362  0.0886676 -0.492949  0.025511  0.791551
   19.3735 -0.06224 0.357221 0.100918  -0.49185 0.0205061  0.783372
   19.3793 -0.0633053   0.362015   0.110506 -0.490141 0.0156233  0.775926
   19.3838 -0.0707622   0.362547   0.126485  -0.49417 0.0174544  0.782884
   19.3893 -0.078219   0.36308  0.142463 -0.498198 0.0192854  0.789842
   19.3937 -0.0771537   0.355091   0.149388 -0.507109 0.0263655  0.789842
   19.3992 -0.0760885   0.347101   0.156312  -0.51602 0.0334456  0.789842
   19.4035 -0.0819474   0.339644   0.168562 -0.507109  0.032469  0.781785
   19.4092 -0.0878064   0.332187   0.180813 -0.498198 0.0314924  0.773729
   19.4135 -0.0856759   0.325796   0.195727 -0.489531 0.0257551  0.772752
   19.4192 -0.0835453   0.319404    0.21064 -0.480864 0.0200178  0.771776
   19.4234 -0.0878064   0.310882    0.22076  -0.48709 0.0231917  0.778734
   19.4292 -0.0920675    0.30236    0.23088 -0.493315 0.0263655  0.785692
   19.4334 -0.0968611   0.293305   0.233544 -0.489531 0.0242903  0.781053
   19.4393 -0.101655  0.284251  0.236207 -0.485747 0.0222151  0.776414
   19.4435 -0.103253  0.278924  0.241533 -0.477934 0.0158674  0.767259
   19.4492 -0.104851  0.273598  0.246859  -0.470122 0.00951979   0.758104
   19.4535 -0.101655  0.265076  0.242066  -0.47293 0.0119612  0.760667
   19.4593 -0.098459  0.256554  0.237272 -0.475737 0.0144026  0.763231
   19.4635 -0.105916  0.246966  0.233544 -0.480864  0.020384  0.763963
   19.4692 -0.113373  0.237379  0.229815 -0.485991 0.0263655  0.764696
   19.4735 -0.114971  0.229922  0.223956 -0.480498 0.0235579  0.755296
   19.4793 -0.116569  0.222465  0.218097 -0.475005 0.0207503  0.745897
   19.4838 -0.11071  0.21128 0.214369 -0.475005 0.0239241  0.749437
   19.4893 -0.111242  0.192638  0.213304 -0.479277 0.0336897  0.756151
   19.4938 -0.126156  0.177724  0.217565 -0.488555 0.0465071  0.760545
   19.4993 -0.134678  0.170267  0.219163 -0.493559 0.0527327  0.761766
   19.5036 -0.141602  0.154821  0.222891 -0.490752 0.0545637  0.758836
   19.5092 -0.148526  0.139375  0.226619 -0.487944 0.0563948  0.755907
   19.5134 -0.154918  0.129787  0.239403 -0.481841  0.053221  0.754686
   19.5193 -0.16131   0.1202 0.252186 -0.475737 0.0500471  0.753465
   19.5235 -0.160777  0.111678  0.262306 -0.485259 0.0549299  0.758592
   19.5291 -0.160244  0.103156  0.272426  -0.49478 0.0598128  0.763719
   19.5334 -0.173028 0.0946334    0.2916 -0.499541 0.0651838  0.763231
   19.5393 -0.185811 0.0861113  0.310775 -0.504302 0.0705549  0.762743
   19.5435 -0.179419 0.0759913  0.320363 -0.496733 0.0666487  0.757738
   19.5492 -0.173028 0.0658713   0.32995 -0.489165 0.0627424  0.752733
   19.5535 -0.170897 0.0541534  0.339537 -0.489409 0.0633528  0.759202
   19.5593 -0.168766 0.0424355  0.349125 -0.489653 0.0639631  0.765672
   19.5635  -0.18368 0.0275218  0.358712 -0.493804 0.0709212  0.770555
   19.5692 -0.198594 0.0126081    0.3683 -0.497954 0.0778792  0.775438
   19.5734   -0.194865 -0.00550142      0.3683 -0.489531 0.0769026  0.769456
   19.5793  -0.195398 -0.0305351   0.372561 -0.475859 0.0722639  0.762376
   19.5838   -0.20392 -0.0449162    0.38055  -0.46707 0.0678694  0.766405
   19.5891  -0.208181 -0.0523731   0.384279 -0.46353 0.067137 0.771532
   19.5934  -0.214573 -0.0688847   0.386409  -0.46707 0.0707991  0.780809
   19.5993  -0.224693 -0.0923205   0.389072 -0.469878 0.0751936  0.790941
   19.6037 -0.232682 -0.103506  0.393866 -0.464018 0.0742171   0.78972
   19.6092 -0.236943 -0.107767  0.398127 -0.458891 0.0725081  0.787645
   19.6134 -0.232682 -0.114158  0.405584 -0.446807 0.0664046  0.783617
   19.6193 -0.226291  -0.12055    0.4189 -0.430205 0.0589583  0.782518
   19.6235 -0.225226 -0.118952  0.426889 -0.428862 0.0606672  0.788743
   19.6292 -0.228954 -0.116289  0.432748 -0.432036  0.063719  0.792039
   19.6334 -0.231084 -0.114691  0.438607 -0.437529 0.0720198  0.795702
   19.6393 -0.230019 -0.113626  0.442868 -0.440581 0.0816633  0.798875
   19.6436 -0.230019 -0.113626  0.445531 -0.435576  0.081053  0.795702
   19.6492 -0.228954 -0.115224  0.446596 -0.429228 0.0782454  0.794115
   19.6534 -0.227889 -0.118952  0.446064  -0.42581 0.0755598  0.797044
   19.6593 -0.230019 -0.124811   0.43914 -0.428008  0.075926   0.80388
   19.6635 -0.230019 -0.134398  0.425291 -0.432402 0.0808088   0.80974
   19.6691 -0.232682 -0.145051  0.413041 -0.431426 0.0848372  0.810472
   19.6735 -0.236943  -0.15091  0.403986 -0.422148 0.0843489  0.806566
   19.6793 -0.236411 -0.155704  0.397594 -0.408476 0.0798323  0.800218
   19.6838  -0.23428 -0.159965  0.393866 -0.393706 0.0755598   0.79973
   19.6893 -0.231617  -0.16103  0.386942 -0.385405 0.0761702  0.807176
   19.6934 -0.232682  -0.16103  0.381083  -0.38626 0.0819075  0.816087
   19.6993 -0.242802 -0.157302   0.37842 -0.389189 0.0893538  0.822069
   19.7037 -0.253988 -0.149845  0.374159 -0.386382 0.0947249  0.823534
   19.7091 -0.261977 -0.140257   0.37043 -0.378203 0.0935042  0.818162
   19.7134 -0.272097 -0.128007  0.366702 -0.367461 0.0856917  0.810106
   19.7193 -0.281152 -0.113093   0.36031 -0.358061 0.0760481  0.804368
   19.7235  -0.283282 -0.0992447   0.348592 -0.355132 0.0690901  0.803026
   19.7292   -0.28275 -0.0896573   0.332081 -0.361235 0.0700667  0.804246
   19.7334  -0.287011 -0.0832657   0.315569 -0.369048 0.0777571    0.8062
   19.7393  -0.296598 -0.0800699   0.302253 -0.370757  0.084593  0.806077
   19.7435  -0.309381 -0.0747436   0.291068 -0.365996 0.0875227  0.805101
   19.7493  -0.313642 -0.0678194   0.274556 -0.359526  0.086302  0.805833
   19.7535  -0.316838 -0.0608952    0.25911 -0.357085 0.0858137  0.810106
   19.7593  -0.324828 -0.0523731   0.251653 -0.361846 0.0906965  0.816453
   19.7636  -0.337611 -0.0454488   0.248457 -0.372588  0.100828  0.823045
   19.7692  -0.357851 -0.0411878   0.247925 -0.381499  0.111448  0.827318
   19.7734 -0.373297 -0.037992  0.245794 -0.38394  0.11682 0.825243
   19.7793  -0.385015 -0.0347962   0.242598 -0.37979 0.115355 0.819505
   19.7837  -0.393005 -0.0310678   0.242066 -0.374663  0.109129  0.814989
   19.7893  -0.397266 -0.0273393   0.242598 -0.373686  0.102415  0.816942
   19.7942  -0.408984 -0.0236109   0.247392 -0.379424  0.100584  0.823534
    19.799  -0.418571 -0.0252088   0.250588  -0.3898  0.10449 0.831224
   19.8036  -0.427093 -0.0305351   0.250055 -0.396147  0.107786  0.835496
   19.8093  -0.438278 -0.0347962   0.250055 -0.39334  0.10742  0.83452
   19.8135  -0.439876 -0.0401225   0.248457 -0.386626  0.101317  0.830003
   19.8192  -0.438811 -0.0470467   0.251653 -0.377715 0.0925276  0.827806
   19.8234  -0.440942 -0.0529057   0.258045 -0.372222 0.0883772  0.831834
   19.8293  -0.443605 -0.0576994   0.262838  -0.37625 0.0887434  0.841478
   19.8335  -0.448398 -0.0651562   0.265502 -0.385527 0.0921614  0.851366
   19.8393  -0.453192 -0.0710152   0.265502 -0.391875 0.0947249  0.856248
   19.8434  -0.451594 -0.0768741   0.261773 -0.393096 0.0927717  0.854661
   19.8493  -0.447866 -0.0832657   0.255914  -0.39395 0.0869124  0.849657
   19.8536  -0.441474 -0.0917878   0.247392 -0.395903 0.0797102   0.84868
   19.8592 -0.438811 -0.104038  0.237272 -0.402007  0.077635  0.854539
   19.8634 -0.435083 -0.121083  0.222358 -0.415557 0.0826399   0.86516
   19.8693 -0.428691 -0.145584  0.203184 -0.429473 0.0895979  0.875658
   19.8735  -0.42656 -0.173813  0.187205 -0.435698 0.0952131  0.881639
   19.8793 -0.422299 -0.203108  0.171226 -0.434355 0.0972883  0.882005
    19.884 -0.417506  -0.23187  0.156312 -0.423857 0.0921614  0.881883
   19.8893 -0.408984 -0.259034  0.144594 -0.412016 0.0843489  0.887376
    19.894   -0.3962 -0.285133  0.133409 -0.404448 0.0790999  0.898851
   19.8984 -0.390342 -0.310167  0.129148 -0.402373 0.0792219  0.910692
   19.9037 -0.391407 -0.331472  0.132876 -0.401641 0.0839827  0.919237
   19.9092 -0.389276 -0.347984  0.139268  -0.39395 0.0864241  0.923753
   19.9135 -0.381819 -0.359702  0.148855 -0.382964 0.0865462  0.924119
   19.9193 -0.371699 -0.368757  0.169095 -0.37332 0.084471  0.92241
   19.9235 -0.359981 -0.371952  0.195727 -0.365019  0.081053  0.927171
   19.9293 -0.341872 -0.369822  0.213836 -0.363921 0.0803206  0.938035
   19.9336 -0.326958 -0.367691   0.22875 -0.371245 0.0836165  0.950365
   19.9392 -0.322697 -0.365028  0.246327 -0.379424  0.086302  0.957811
   19.9435 -0.318436  -0.36343   0.25911 -0.382231 0.0843489  0.954759
   19.9493 -0.299794 -0.367159  0.258045 -0.379057 0.0799544  0.946825
   19.9536 -0.273695 -0.374616  0.249523 -0.373931 0.0739729  0.939622
   19.9593 -0.248661 -0.384203  0.239403 -0.367461 0.0675032  0.938402
   19.9636 -0.223095 -0.396986  0.223956 -0.364165 0.0655501  0.946336
   19.9693 -0.209247 -0.409769  0.207977  -0.36331 0.0693342  0.959886
   19.9737 -0.204985 -0.419889  0.191998  -0.35916 0.0731184  0.969408
   19.9793 -0.196996 -0.428944  0.176552 -0.349272 0.0733626  0.970262
   19.9835 -0.181017 -0.435868  0.162703 -0.336699 0.0690901   0.96245
   19.9893  -0.16344 -0.436934   0.14992 -0.322539 0.0617659  0.957323
   19.9938 -0.147994 -0.432672  0.139268 -0.311431 0.0579817  0.960496
   19.9993 -0.134678 -0.426814  0.131278 -0.310088  0.060179  0.968431
   20.0034 -0.126689 -0.418291  0.126485 -0.314238 0.0661604  0.977708
   20.0092 -0.118699 -0.408704  0.120626 -0.318755 0.0739729  0.980028
   20.0135 -0.109112 -0.401247  0.112103 -0.320708 0.0787337  0.973436
   20.0192 -0.0995243  -0.392725   0.106244  -0.31729 0.0790999  0.964769
   20.0234 -0.0856759   -0.38367  0.0987876 -0.310576 0.0782454  0.959398
   20.0293 -0.0702295  -0.375681  0.0876024  -0.30667 0.0787337  0.957811
   20.0336 -0.0633053  -0.369289  0.0790802 -0.307768 0.0853254  0.961839
   20.0393 -0.0627727  -0.366093  0.0705581 -0.312285 0.0964338  0.967577
   20.0436 -0.0633053   -0.36343  0.0583076 -0.313994  0.105833  0.970506
   20.0492 -0.0659685  -0.358104  0.0449918 -0.309844  0.110838  0.968309
   20.0534 -0.0734253  -0.350647  0.0380676  -0.3002 0.109984 0.962816
   20.0593 -0.0771537  -0.341592  0.0343391 -0.289214   0.10742  0.959886
   20.0636 -0.078219 -0.330407 0.0290128 -0.282622  0.106322  0.962205
   20.0692 -0.0894043  -0.317624  0.0226212 -0.282012  0.106444   0.97014
   20.0735 -0.100057 -0.306439 0.0125012 -0.284209  0.108275  0.978563
   20.0793   -0.108579   -0.297384 0.000783297 -0.284941   0.10681  0.977708
   20.0837   -0.116569   -0.286199 -0.00986935 -0.278227 0.0996077  0.968309
   20.0893  -0.117634  -0.272883 -0.0199894 -0.268584 0.0917952  0.960374
   20.0933  -0.114971  -0.256371 -0.0295767 -0.262969 0.0871565  0.961839
   20.0985   -0.11071  -0.236664 -0.0418273 -0.263091 0.0888655  0.970872
   20.1036   -0.11284  -0.214293 -0.0540778 -0.272124 0.0954573  0.981493
   20.1092  -0.126689  -0.189792 -0.0625999 -0.285918  0.103026   0.98784
   20.1135   -0.13308  -0.167422 -0.0748505 -0.299468  0.108153    0.9843
   20.1193  -0.132015  -0.147714 -0.0860358 -0.308135  0.107542  0.973924
   20.1235   -0.13308  -0.131203 -0.0956231 -0.311431  0.105589  0.965745
   20.1292 -0.131482 -0.118419 -0.112667 -0.312407  0.106566  0.964525
   20.1335  -0.13095 -0.109897 -0.134505 -0.315459  0.109007   0.96953
   20.1393 -0.134678 -0.104571 -0.156343 -0.322051  0.114989   0.97783
   20.1435 -0.145331 -0.101375 -0.174453 -0.328765   0.12036   0.98491
   20.1492  -0.159179 -0.0997773  -0.187236 -0.326323   0.11743  0.988206
   20.1535  -0.168234 -0.0971142  -0.198421 -0.313994  0.107542  0.986253
   20.1593  -0.170364 -0.0917878    -0.2144 -0.298735   0.09326  0.984788
   20.1635  -0.170897 -0.0837984  -0.230379 -0.287139 0.0797102  0.986864
   20.1692   -0.17143 -0.0752762  -0.241564 -0.285063 0.0714094  0.993211
   20.1735  -0.175691 -0.0656889  -0.249554 -0.289824 0.0668928   1.00041
   20.1793  -0.180484 -0.0534383  -0.258609 -0.295806 0.0644514   1.00347
   20.1838  -0.176756 -0.0411878  -0.270859 -0.301909 0.0629866  0.999803
   20.1892  -0.168234 -0.0289372  -0.281512 -0.305327 0.0589583  0.990892
   20.1935  -0.158646 -0.0156214  -0.288969 -0.305571 0.0543196  0.986619
   20.1989   -0.149592 -0.00283826   -0.298556 -0.308867 0.0524885  0.991258
   20.2037  -0.146396 0.00834702  -0.310274 -0.318999 0.0554182   1.00127
   20.2092 -0.140004 0.0158039 -0.326253  -0.33438 0.0629866   1.00993
   20.2135  -0.13308 0.0205976 -0.339569  -0.34793 0.0690901   1.01213
   20.2193 -0.130417 0.0264565 -0.344362  -0.35501 0.0715315   1.00603
   20.2236 -0.122427 0.0323155 -0.349689 -0.35562 0.068846 0.999071
   20.2292  -0.11071 0.0360439 -0.355548 -0.353179 0.0642073  0.996751
   20.2335 -0.101655 0.0387071 -0.358211 -0.352202 0.0643294   1.00115
   20.2393 -0.0968611  0.0408376  -0.359809 -0.357573 0.0676253   1.01055
   20.2436 -0.0963285  0.0403049  -0.362472 -0.365996  0.070677   1.01763
   20.2492 -0.0995243  0.0376418  -0.367798 -0.371489 0.0692122    1.0186
   20.2535 -0.100057 0.0339134 -0.375788 -0.370879 0.0600569   1.01518
   20.2593 -0.0936654  0.0291197  -0.385375 -0.367095 0.0466292   1.01103
   20.2635 -0.0798169  0.0253912  -0.398691 -0.363799 0.0328352   1.01201
   20.2693 -0.068099 0.0232607 -0.412539 -0.364287 0.0234358    1.0186
   20.2735 -0.0606422  0.0195323  -0.427453 -0.370391 0.0228254   1.02727
   20.2793 -0.0542506  0.0131407   -0.44503 -0.376616 0.0253889   1.03227
   20.2837   -0.05212 0.00728175  -0.458346 -0.378447 0.0242903   1.02971
   20.2893 -0.0441306 0.00355333  -0.469531 -0.375273 0.0174544   1.02275
   20.2937 -0.0260211 0.00302069  -0.483379  -0.368559 0.00732252    1.01616
   20.2993 -0.00418313  0.00515122    -0.49563   -0.364287 0.000242443     1.01653
   20.3035   0.014459 0.00834702  -0.502022   -0.367095 -0.00195482     1.02348
   20.3093 0.0235137 0.0131407 -0.504685  -0.375029 0.00134108    1.03203
   20.3136 0.0315032 0.0163365 -0.508413  -0.386016 0.00744459     1.0374
   20.3193 0.0389601  0.018467 -0.511076  -0.39395 0.0101301   1.03728
   20.3236 0.0501454 0.0211302 -0.514272  -0.397978 0.00720045     1.0302
   20.3292 0.0634612  0.024326  -0.51587    -0.398833 -0.000367909      1.02348
   20.3335 0.0751791 0.0264565 -0.514805   -0.398711 -0.00622728     1.02263
   20.3393 0.0938212  0.024326 -0.518001   -0.402861 -0.00695971     1.02715
   20.3435  0.109268 0.0205976 -0.521196 -0.411528 -0.005739   1.03203
   20.3493  0.113529 0.0163365 -0.520664  -0.417998 -0.0045183    1.03227
   20.3535  0.115126 0.0120754 -0.517468   -0.418364 -0.00537279     1.02776
   20.3593   0.127377 0.00728175  -0.519066   -0.414458 -0.00976732     1.02141
   20.3636   0.143889 0.00195543  -0.523327  -0.408843 -0.0152605    1.01885
   20.3692    0.152943 0.000890165   -0.520664  -0.405913 -0.0180681    1.02239
   20.3735     0.160933 -0.000175099    -0.517468  -0.409209 -0.0159929    1.03081
   20.3793    0.159335 -0.00124036   -0.511609   -0.417754 -0.00964525     1.03813
   20.3837    0.154541 0.000890165    -0.50575   -0.425078 -0.00549486     1.03606
   20.3893    0.15827 0.00302069  -0.502022   -0.426543 -0.00830248     1.02495
   20.3937   0.162531 0.00568386  -0.496695  -0.422148 -0.0168474    1.01555
   20.3993   0.171586 0.00834702  -0.494565   -0.41751 -0.0267351    1.01384
   20.4037  0.179042 0.0120754 -0.491902  -0.417266 -0.0327165    1.01958
   20.4093  0.181706 0.0168691 -0.486575  -0.423369 -0.0338152    1.02727
   20.4136  0.186499 0.0211302 -0.479651  -0.432036 -0.0311296    1.03142
   20.4192  0.189695 0.0264565 -0.469531  -0.438628 -0.0285662    1.02947
   20.4235  0.197152 0.0328481 -0.464205  -0.439604 -0.0319841    1.02165
   20.4293  0.206739  0.040305 -0.459411  -0.434722 -0.0396746    1.01311
   20.4334  0.217392 0.0493597 -0.451954  -0.428374 -0.0471208    1.00969
   20.4393   0.23124 0.0610776 -0.445563  -0.427031 -0.0502947    1.01128
   20.4436   0.24136 0.0738608 -0.435975  -0.433135 -0.0454119     1.0164
   20.4493   0.24935 0.0850461 -0.425323  -0.442534 -0.0358904    1.01885
   20.4536  0.258405 0.0956987 -0.414137 -0.448882 -0.030031   1.01543
   20.4593  0.272253  0.107417 -0.408811   -0.44937 -0.0308855    1.00835
   20.4635  0.277047   0.12233 -0.401887  -0.446196 -0.0368669   0.999803
   20.4693  0.275981  0.138309 -0.388571  -0.441924 -0.0424822   0.993577
   20.4735  0.286101  0.151625 -0.378983  -0.443511 -0.0416277   0.991991
   20.4793  0.297287  0.161745 -0.369396  -0.450713 -0.0341814   0.993089
   20.4837  0.299417    0.1708 -0.357146   -0.45706 -0.0241716   0.990526
   20.4893   0.29196  0.181985 -0.344362 -0.458037 -0.017824  0.982469
   20.4936  0.286101   0.19317 -0.332644  -0.453032 -0.0174578   0.971971
   20.4993  0.283438  0.202225 -0.323057  -0.445952 -0.0190447   0.965257
   20.5034  0.275981  0.209682 -0.312404    -0.4429 -0.0192888   0.963304
   20.5093  0.264796  0.213943 -0.301752  -0.445342 -0.0166033   0.965868
   20.5136  0.248285  0.215541 -0.299089  -0.454863 -0.0101335    0.97014
   20.5193  0.233371  0.212878 -0.304415   -0.464995 -0.00476244    0.971483
   20.5236  0.217925  0.208084 -0.309741   -0.468535 -0.00427416    0.967088
   20.5292 0.196619 0.206486 -0.31347 -0.467803 -0.010988  0.959276
   20.5335  0.185967  0.204888 -0.320394  -0.463896 -0.0220964   0.951707
   20.5392  0.187032   0.20116 -0.331047  -0.459746 -0.0302751   0.947923
   20.5434  0.186499  0.197431 -0.341167  -0.460478 -0.0351579   0.949876
   20.5493   0.18064  0.194236 -0.352352  -0.464751 -0.0362566   0.954881
   20.5536 0.173183 0.192638 -0.36407  -0.466948 -0.0372331   0.959642
   20.5593  0.169455  0.195834 -0.372592  -0.464385 -0.0423601   0.959764
   20.5635  0.172651  0.203823 -0.380049 -0.457671 -0.049074  0.955369
   20.5693   0.18064  0.216074 -0.383777  -0.451567 -0.0557878   0.950365
   20.5736  0.189162  0.230987 -0.382179  -0.449736 -0.0592058   0.948289
   20.5793  0.189162  0.248564 -0.373657  -0.456572 -0.0555437   0.949632
   20.5836  0.186499  0.265076 -0.366733  -0.469512 -0.0485857   0.951097
   20.5893  0.192358  0.276794 -0.365135  -0.48123 -0.042238  0.947069
   20.5937  0.200348  0.289044 -0.359809  -0.485991 -0.0388201   0.938646
   20.5993  0.207805  0.301295 -0.350221  -0.485259 -0.0384538   0.930345
   20.6043  0.216327  0.310882 -0.341167  -0.485381 -0.0377214   0.928392
   20.6093  0.220055  0.318339 -0.333177  -0.490874 -0.0366228   0.930223
   20.6135 0.222186 0.321535 -0.32572 -0.500273 -0.033449  0.933397
   20.6193   0.22112  0.323665 -0.318263  -0.511015 -0.0285662   0.934862
   20.6236  0.218457  0.325263 -0.314002  -0.518462 -0.0285662   0.930467
   20.6292  0.220055  0.325263 -0.312404  -0.519438 -0.0328386     0.9218
   20.6335  0.226979  0.324731 -0.309209  -0.514922 -0.0384538   0.912401
   20.6393  0.233903  0.323133 -0.303882  -0.507964 -0.0435808   0.907518
   20.6436 0.232838 0.321535 -0.29536  -0.508818 -0.0416277   0.908372
   20.6493  0.231773  0.316741 -0.290567 -0.518218 -0.033449  0.912767
   20.6535   0.22911  0.310349 -0.289501  -0.527861 -0.0245378   0.915086
   20.6593  0.226979  0.303958 -0.290567  -0.532012 -0.0194109   0.911912
   20.6636  0.221653  0.299164 -0.289501 -0.530181 -0.021364  0.902025
   20.6693  0.214729  0.295968 -0.284708  -0.524443 -0.0269792   0.890916
   20.6735     0.211  0.293305 -0.277251 -0.522124 -0.033449  0.884691
   20.6793  0.208337  0.290109 -0.271392  -0.526274 -0.0368669   0.884447
   20.6837  0.201946  0.282653 -0.267663  -0.537016 -0.0328386   0.884935
   20.6892  0.195554  0.272533 -0.264468  -0.548125 -0.0268572   0.883226
   20.6935  0.194489   0.26401 -0.261272  -0.550932 -0.0229509   0.878831
   20.6993 0.192358 0.256021 -0.25488  -0.548857 -0.0223406   0.871507
   20.7033  0.189162  0.245368 -0.245825  -0.545928 -0.0263689    0.86638
   20.7089 0.182238  0.23365 -0.23464  -0.543852 -0.0299089   0.868211
   20.7137  0.176379  0.220867 -0.227183  -0.548979 -0.0307634   0.874681
   20.7193 0.177977 0.205421 -0.22452  -0.558989 -0.0296648   0.882127
   20.7236  0.177444  0.190507 -0.221857  -0.565215 -0.0294206   0.884813
   20.7293  0.176912  0.177191 -0.220792  -0.563506 -0.0343035   0.880907
   20.7336  0.180108  0.164408 -0.222922  -0.554106 -0.0449236   0.875047
   20.7392  0.183836  0.153223 -0.223455  -0.541411 -0.0593279   0.871751
   20.7435  0.189695  0.145233 -0.222922  -0.531157 -0.0729997   0.872606
   20.7493  0.199815  0.139375 -0.226651  -0.528227 -0.0805681   0.876634
   20.7534  0.212598  0.134581 -0.229314  -0.530669 -0.0825212   0.879686
   20.7593  0.217925  0.133516 -0.223455  -0.531645 -0.0825212   0.877733
   20.7636  0.221653  0.136179 -0.214933  -0.526518 -0.0828874   0.873704
   20.7692  0.233903  0.138842 -0.206411  -0.518828 -0.0864275   0.868089
   20.7735  0.252013  0.139907 -0.196291  -0.511382 -0.0900896   0.864915
   20.7793 0.268525 0.142038 -0.18191  -0.511504 -0.0898454   0.867113
   20.7837  0.279177  0.144168 -0.166996  -0.521147 -0.0845964   0.872484
   20.7892  0.278112  0.143636 -0.152082  -0.534453 -0.0764177   0.876878
   20.7933  0.274916  0.139375 -0.140364  -0.544585 -0.0711687   0.877122
   20.7993  0.280242  0.131918 -0.135038  -0.546538 -0.0714128   0.869676
   20.8033  0.289297  0.124461 -0.129712  -0.542143 -0.0756853    0.85991
   20.8088  0.301015  0.117004 -0.127048  -0.536406 -0.0813005   0.854295
   20.8136  0.310603   0.11008 -0.125983  -0.535307 -0.0834978   0.853563
   20.8192  0.314864  0.101558 -0.124918  -0.541167 -0.0817888   0.854661
   20.8235  0.319657 0.0919703 -0.123853  -0.545928 -0.0798357   0.853319
   20.8293  0.323386 0.0861113 -0.119592 -0.542754 -0.078615  0.850633
   20.8335   0.33244 0.0834482 -0.116928  -0.532012 -0.0788591   0.846239
   20.8393  0.345756 0.0845134 -0.111069  -0.516387 -0.0811785   0.840868
   20.8436  0.352148 0.0903724  -0.09296    -0.5054 -0.0793474   0.840257
   20.8492   0.354278  0.0994271 -0.0689915  -0.503569 -0.0709246   0.845384
   20.8535   0.349485   0.109015 -0.0418273  -0.509917 -0.0579851   0.851732
   20.8593   0.343093   0.117537 -0.0141304  -0.518462 -0.0455339   0.855394
   20.8635  0.336169  0.126591 0.0103707  -0.523223 -0.0394304   0.852342
   20.8693   0.33244  0.134581 0.0284802  -0.524077 -0.0402849   0.843065
   20.8735  0.327114  0.140972 0.0471223   -0.52249 -0.0472429   0.832567
   20.8793 0.319125 0.146299 0.067895  -0.521514 -0.0535906   0.827318
    20.884  0.321255  0.146299 0.0801455  -0.527983 -0.0523699   0.826463
   20.8893  0.326049  0.143103 0.0849392  -0.538603 -0.0457781   0.827684
   20.8936  0.324984  0.138309 0.0897329  -0.545073 -0.0375994   0.826707
   20.8993 0.315396 0.134581 0.098255  -0.543974 -0.0318621    0.82158
   20.9033 0.308472 0.132983 0.105712  -0.534697 -0.0322283    0.81389
   20.9089 0.306341 0.130852 0.112103  -0.522856 -0.0341814   0.809129
   20.9136 0.301548 0.128722 0.120626  -0.516997 -0.0339372   0.807786
   20.9193 0.295689 0.125526 0.129148   -0.51834 -0.0294206   0.809007
   20.9236 0.282373 0.122863 0.137137  -0.524809 -0.0198992   0.811327
   20.9292 0.263731 0.120732 0.144061   -0.52896 -0.0104997   0.810106
   20.9336 0.250415 0.117537 0.149388   -0.525786 -0.00415209    0.803026
   20.9393 0.236567 0.117004 0.159508   -0.517851 -0.00207689    0.791551
   20.9435  0.22112 0.119135 0.171758   -0.508208 -0.00341967    0.783372
   20.9493 0.210468   0.1202 0.179748   -0.505766 -0.00158861     0.78325
   20.9536 0.197684 0.119135 0.187205  -0.511626 0.00414869   0.789964
   20.9593 0.176912 0.119135 0.197325 -0.520537 0.0135481  0.794725
   20.9634 0.155607 0.119667  0.20851 -0.525298 0.0225813  0.793382
   20.9693 0.136964   0.1202 0.219695 -0.522734 0.0257551  0.785692
   20.9736 0.115659 0.122863 0.229283 -0.510893 0.0216047  0.773485
   20.9794 0.103941 0.124461 0.233011  -0.50186 0.0170881  0.766893
   20.9837 0.0863643  0.128722  0.235674 -0.501372 0.0165999  0.769578
   20.9893 0.0687875  0.132983  0.238337 -0.505644 0.0181868  0.774705
   20.9935 0.0538738  0.134581  0.231946 -0.511015 0.0222151  0.773973
   20.9993 0.0389601  0.136179  0.225554 -0.511626 0.0241682  0.770799
   21.0034 0.030438 0.138309 0.221293 -0.499785 0.0186751  0.762743
   21.0093 0.0219158   0.14044  0.217032 -0.487944 0.0131819  0.754686
   21.0135 0.0176548  0.142038  0.214369 -0.483916 0.0141585  0.756395
   21.0192 0.00540425   0.145233   0.211173 -0.480864 0.0165999  0.761278
   21.0235 -0.0308147   0.145766   0.211173 -0.489653 0.0250227  0.772508
   21.0292 -0.0590443   0.144701   0.211706 -0.497466 0.0319807  0.780565
   21.0336 -0.0750232   0.144701   0.211706 -0.493926 0.0301497  0.775072
   21.0393 -0.0910022   0.144701   0.211706 -0.490386 0.0283186  0.769578
   21.0435 -0.0968611   0.147364   0.216499 -0.487212 0.0239241  0.767259
   21.0493 -0.10272 0.150027 0.221293 -0.484038 0.0195296   0.76494
   21.0536 -0.116569  0.147897  0.226619 -0.496245 0.0259993  0.772996
   21.0593 -0.130417  0.145766  0.231946 -0.508452  0.032469  0.781053
   21.0634 -0.14107 0.138842 0.232478 -0.512358 0.0332014  0.781297
   21.0693 -0.151722  0.131918  0.233011 -0.516264 0.0339338  0.781541
   21.0737 -0.150124  0.126591  0.223956 -0.508696 0.0216047  0.777147
   21.0794 -0.148526  0.121265  0.214901  -0.501128 0.00927565   0.772752
   21.0837 -0.146929  0.114873   0.21064  -0.500029 0.00439283   0.775438
   21.0892 -0.145331  0.108482  0.206379    -0.498931 -0.000489979     0.778123
   21.0935 -0.146929  0.101025  0.203716  -0.496367 0.00170729   0.780321
   21.0993 -0.148526 0.0935682  0.201053  -0.493804 0.00390455   0.782518
   21.1036 -0.138406  0.090905  0.197857   -0.479155 -0.00134447    0.778734
   21.1093 -0.128286 0.0882419  0.194661   -0.464507 -0.00659349     0.77495
   21.1136  -0.13095 0.0956987   0.21064   -0.456694 -0.00879076    0.778734
   21.1193 -0.133613  0.103156  0.226619 -0.448882 -0.010988  0.782518
   21.1233 -0.130417  0.108482  0.243664   -0.457305 0.000852794    0.788499
   21.1293 -0.127221  0.113808  0.260708 -0.465727 0.0126936  0.794481
   21.1335 -0.137341  0.119667  0.285209 -0.467681 0.0223372  0.791673
   21.1393 -0.147461  0.125526   0.30971 -0.469634 0.0319807  0.788866
   21.1436 -0.146396  0.129255  0.323558 -0.468779 0.0288069  0.783494
   21.1493 -0.145331  0.132983  0.337407 -0.467925 0.0256331  0.778123
   21.1536 -0.148526  0.131385  0.341135 -0.478789 0.0270979  0.781663
   21.1593 -0.151722  0.129787  0.344864 -0.489653 0.0285628  0.785203
   21.1636 -0.149592  0.118602  0.334744 -0.494292 0.0319807  0.782396
   21.1693 -0.147461  0.107417  0.324624 -0.498931 0.0353987  0.779588
   21.1735 -0.146929 0.0951661  0.313971 -0.489531 0.0308821  0.773851
   21.1794 -0.146396 0.0829155  0.303318 -0.480132 0.0263655  0.768114
   21.1837   -0.1432 0.0717303  0.294796 -0.473906  0.023802  0.774339
   21.1893 -0.140004  0.060545  0.286274 -0.467681 0.0212385  0.780565
   21.1935 -0.141602 0.0536208  0.286807 -0.468169 0.0252669  0.788255
   21.1993 -0.149059 0.0466965    0.2916 -0.468657 0.0292952  0.795946
   21.2036 -0.152255 0.0472292   0.29959 -0.456084 0.0284407  0.790941
   21.2093 -0.154385 0.0520229  0.314504 -0.43814  0.02722 0.784837
    21.214 -0.155983 0.0600123  0.332613 -0.430693 0.0281965  0.784715
   21.2191 -0.152788 0.0637408  0.339537 -0.428618 0.0295393  0.785692
   21.2234 -0.158114 0.0690671  0.358712 -0.438017 0.0382063  0.790697
   21.2293 -0.168234  0.074926  0.384811 -0.447417 0.0468733  0.795702
   21.2336 -0.175691 0.0743934  0.393866 -0.453154 0.0526106  0.794847
   21.2393 -0.187409 0.0738608   0.40079 -0.458159 0.0562727   0.78972
   21.2436 -0.194865 0.0727955  0.403986 -0.453765 0.0505354  0.781663
   21.2493 -0.189007 0.0664039   0.39866 -0.450102 0.0468733  0.777879
   21.2535 -0.185278 0.0552187  0.390137 -0.452788 0.0483381  0.781908
   21.2593 -0.195931 0.0424355  0.382681 -0.460356 0.0563948  0.788866
   21.2636 -0.209779 0.0280544  0.374159 -0.464507 0.0668928  0.793504
   21.2693 -0.221497 0.0152712  0.366169 -0.458525 0.0721419  0.792772
   21.2735  -0.238009 0.00728175   0.365104 -0.445952 0.0725081  0.788621
   21.2794    -0.2444 0.00302069   0.362973 -0.432402 0.0693342  0.785692
   21.2838  -0.245466 0.00248806   0.362973 -0.421904 0.0668928  0.788133
   21.2892  -0.257716 0.00515122   0.372028 -0.421172 0.0676253  0.794969
   21.2936 -0.277956 0.0120754  0.384279 -0.427764 0.0695784   0.80266
   21.2993 -0.294468 0.0195323  0.391203 -0.432036 0.0705549  0.807054
   21.3037 -0.301392 0.0253912  0.391203 -0.433135 0.0683577  0.805345
   21.3093  -0.30512 0.0317828  0.391203 -0.431059 0.0618879  0.798387
    21.314 -0.307784 0.0365765  0.393333 -0.429106 0.0560286  0.792772
   21.3193 -0.307251 0.0355113  0.392801 -0.432646 0.0552962  0.794725
   21.3235 -0.308316 0.0296523  0.389072 -0.442778 0.0610335  0.802537
   21.3293 -0.312577 0.0189997  0.383213 -0.455962 0.0699446  0.812547
   21.3334  -0.322165 0.00515122   0.376289 -0.464141 0.0754378  0.818162
   21.3393   -0.331219 -0.00922985    0.368832 -0.462676 0.0755598   0.81804
   21.3436  -0.331219 -0.0236109   0.360843 -0.454253 0.0673811  0.815111
   21.3493  -0.325893 -0.0369267   0.355516 -0.442778 0.0562727  0.815111
   21.3535 -0.324828 -0.048112   0.35818 -0.435942 0.0529768  0.819139
   21.3593  -0.326426 -0.0587646   0.364571 -0.434722 0.0563948  0.827074
   21.3636  -0.330154 -0.0699499   0.372028 -0.435698 0.0622542  0.834886
   21.3692   -0.33335 -0.0806026   0.384279 -0.434844 0.0664046  0.840257
   21.3735  -0.333882 -0.0875268   0.394931 -0.429106 0.0635969  0.842454
   21.3794  -0.340274 -0.0891247   0.408247 -0.421904 0.0566389  0.842943
   21.3837  -0.344535 -0.0896573   0.425291 -0.417754 0.0490706  0.844652
   21.3893  -0.333882 -0.0917878   0.435411 -0.420806 0.0441878  0.847948
   21.3936  -0.327491 -0.0965815   0.445531 -0.431548 0.0473616  0.852342
   21.3993 -0.325893 -0.106169  0.453521 -0.443144 0.0548079  0.855882
   21.4038 -0.318436 -0.121083  0.455119 -0.448027  0.060179  0.856248
   21.4093 -0.312045 -0.135996  0.457782 -0.445464 0.0604231  0.851732
   21.4144 -0.300859 -0.149845  0.458314 -0.438872 0.0557844  0.848314
   21.4192 -0.286478 -0.163161  0.456184  -0.43521 0.0530989  0.850633
   21.4236 -0.274228 -0.175411  0.457249 -0.436308 0.0552962  0.858202
   21.4292 -0.266238 -0.187662  0.463641 -0.443022 0.0623762  0.866502
   21.4335 -0.263042  -0.19938  0.470032 -0.448393 0.0711653  0.872362
   21.4393 -0.257183 -0.211097  0.470565 -0.446196 0.0748274   0.87224
   21.4436 -0.250792 -0.222815  0.473228 -0.436919 0.0722639  0.869188
   21.4493 -0.243335 -0.232935  0.478554 -0.425566 0.0656721  0.865648
   21.4536 -0.228954  -0.24199   0.48175 -0.417632 0.0594465  0.864549
   21.4593 -0.220432  -0.24998  0.485479 -0.415068 0.0579817  0.868822
   21.4635  -0.21404 -0.258502  0.484946 -0.417143 0.0615217  0.875291
   21.4693  -0.20392 -0.268622  0.480685  -0.41751 0.0657942  0.878709
   21.4735 -0.192735 -0.278209  0.475891 -0.411528 0.0670149  0.876634
   21.4794 -0.186343 -0.285133  0.471098 -0.400542 0.0632307  0.871507
   21.4838 -0.183148 -0.291525  0.466836 -0.388579 0.0582258  0.867967
   21.4893 -0.177821 -0.298982  0.460445 -0.381255 0.0557844  0.870164
   21.4935 -0.175691 -0.306439   0.45139 -0.381377 0.0576155   0.87639
   21.4993 -0.173028 -0.315493   0.43914  -0.38394 0.0643294  0.882616
   21.5038 -0.171962 -0.322418  0.425824 -0.382842 0.0697004  0.884325
   21.5093 -0.170364 -0.326146  0.413041 -0.373931 0.0707991   0.87993
   21.5139 -0.163973 -0.328277  0.400257 -0.360869 0.0698225  0.873338
    21.519 -0.159712 -0.326146  0.391735 -0.349272 0.0673811  0.870775
   21.5237 -0.162908 -0.318689  0.388007 -0.344023 0.0673811   0.87285
   21.5293 -0.163973 -0.311765  0.379485 -0.346099 0.0715315  0.879076
   21.5335 -0.160777 -0.307504  0.366169 -0.351348 0.0778792  0.885545
   21.5393 -0.166103 -0.299514  0.357114 -0.352202 0.0848372  0.887132
   21.5436  -0.17356 -0.287797  0.349657 -0.347319 0.0869124  0.880418
   21.5493 -0.174093 -0.275546  0.338472  -0.33853 0.0839827  0.870897
   21.5537  -0.17143 -0.262763  0.324624 -0.331694 0.0820296  0.866014
   21.5593 -0.174625 -0.249447  0.313971 -0.330962 0.0834944  0.867967
   21.5635 -0.180484 -0.238262  0.302786 -0.336211 0.0895979  0.874071
   21.5693 -0.189539 -0.229207  0.290535 -0.344634  0.098509  0.880052
   21.5736 -0.202322 -0.221217  0.278817 -0.347807  0.105223  0.882005
   21.5794  -0.21191 -0.213228  0.266567 -0.344267  0.108031  0.878221
   21.5837 -0.217236 -0.205771  0.253784 -0.335967  0.105223   0.87346
   21.5894 -0.223095 -0.198314  0.242598 -0.327544  0.100828  0.872484
   21.5935 -0.233215 -0.190325  0.234609  -0.32498 0.0998518  0.876146
   21.5993 -0.246531 -0.183933  0.226619 -0.32791 0.103148 0.882738
   21.6036 -0.26464 -0.17914  0.21863 -0.329375  0.108641  0.887743
   21.6093 -0.280087 -0.173281  0.209043 -0.324858   0.11035  0.885057
   21.6133 -0.293935 -0.162095  0.203716 -0.315337  0.108397  0.877733
   21.6193 -0.306718 -0.145051  0.203184 -0.308623  0.106444   0.87285
   21.6237 -0.316838 -0.125876  0.202651 -0.309599  0.105955     0.877
   21.6293 -0.332285 -0.105636  0.205847 -0.318633  0.108763  0.886766
   21.6335  -0.348264 -0.0891247   0.206379 -0.335845  0.115599  0.895555
   21.6393  -0.361047 -0.0790047   0.202651 -0.353911  0.125242  0.900316
   21.6435  -0.375428 -0.0699499   0.201586 -0.365141  0.132323   0.89763
   21.6493 -0.381287 -0.064091  0.196259 -0.370268  0.130736  0.887865
   21.6535  -0.380222 -0.0630257   0.186139 -0.36917 0.125487 0.880418
   21.6593 -0.385548 -0.064091  0.179748 -0.369292  0.122435  0.882616
   21.6636  -0.391939 -0.0699499   0.172824 -0.375517  0.123045  0.894578
   21.6693  -0.399929 -0.0811352   0.163236 -0.382475  0.127928  0.908128
   21.6736  -0.407386 -0.0933857   0.151518 -0.385161    0.1322  0.916063
   21.6794 -0.410582 -0.104571  0.139268 -0.379668  0.130736  0.917039
   21.6837 -0.413777 -0.114691  0.134474 -0.367705    0.1239  0.914354
   21.6892 -0.420169 -0.121083  0.137137 -0.353179   0.11389  0.915086
   21.6935 -0.423897 -0.124811    0.1398 -0.344756  0.105467  0.920946
   21.6993 -0.422299 -0.132268  0.144061 -0.345488  0.102782  0.932176
   21.7036 -0.426028 -0.137062  0.150986 -0.351348  0.102537  0.943285
   21.7093 -0.426561 -0.138127  0.153116 -0.355742  0.101317  0.949388
   21.7133 -0.419104 -0.141323  0.148855  -0.35623 0.0968001  0.948411
   21.7193 -0.410049 -0.145051  0.142463  -0.35208 0.0886213  0.944871
   21.7237 -0.400994  -0.15091  0.135007  -0.34854 0.0805647  0.944261
   21.7293 -0.392472 -0.158367  0.125419 -0.351103 0.0761702   0.95012
   21.7337 -0.380221  -0.16902  0.109973 -0.360259 0.0784895  0.959642
   21.7392 -0.364243 -0.183401 0.0886676 -0.372099 0.0842268   0.96953
   21.7436 -0.350927 -0.196716 0.0652318 -0.377593 0.0853254  0.975145
   21.7493 -0.334415 -0.208967 0.0401981 -0.374541 0.0806868  0.974046
   21.7535 -0.312577 -0.220685 0.0162296 -0.365752 0.0710432  0.971727
   21.7593   -0.290207    -0.22974 -0.00560829 -0.356841 0.0600569  0.972093
   21.7636   -0.26464  -0.237196 -0.0274462 -0.353545 0.0546858  0.976976
   21.7693  -0.243335  -0.242523 -0.0482189 -0.356719 0.0561506  0.985155
   21.7735  -0.228421  -0.247849 -0.0700568 -0.361357 0.0607893  0.992357
   21.7794  -0.217769  -0.251045 -0.0897642 -0.361968 0.0634749  0.992967
   21.7838 -0.200192 -0.251578 -0.104678  -0.35623 0.0609114  0.991014
   21.7893 -0.172495 -0.252643 -0.120657 -0.350981 0.0572493   0.99077
   21.7935 -0.145331 -0.251578 -0.136103 -0.349272 0.0559065  0.994066
   21.7993 -0.125091 -0.247849 -0.147288 -0.352568 0.0583479  0.999071
   21.8038 -0.109644 -0.243588 -0.157941 -0.362822 0.0679915   1.00505
   21.8093 -0.094198 -0.243055 -0.166463 -0.374907  0.079344   1.00835
   21.8133 -0.0819474  -0.244653  -0.169126  -0.37979 0.0847151    1.0053
   21.8192 -0.0696969  -0.246784  -0.168594 -0.376372  0.082884  0.998704
   21.8235 -0.0473263   -0.24998  -0.171257 -0.368682 0.0761702  0.992235
   21.8293 -0.0174989  -0.255306  -0.177116 -0.361479 0.0711653   0.99077
   21.8336 0.00487161    -0.2601  -0.177649 -0.358672 0.0709212  0.995653
   21.8393 0.0107306 -0.260632 -0.170724 -0.359404 0.0737288   1.00334
   21.8436 0.0171222  -0.26223 -0.164865 -0.358794 0.0777571    1.0081
   21.8493 0.0272422 -0.266491  -0.16167 -0.351348  0.079344   1.00542
   21.8536 0.0341664 -0.267556 -0.159006 -0.339141 0.0760481  0.997728
   21.8593 0.0464169 -0.264893 -0.159006 -0.327666 0.0693342  0.991746
   21.8635 0.0581348   -0.2601 -0.154745 -0.322051 0.0659163  0.991014
   21.8693 0.0671896 -0.253708 -0.150484 -0.322783 0.0704329  0.996019
   21.8736 0.0703854 -0.246784 -0.149952 -0.327178 0.0782454   1.00237
   21.8794  0.066657 -0.240392 -0.151017 -0.329253 0.0833723   1.00481
    21.884 0.0639938 -0.234001 -0.157941 -0.328032  0.082762  0.997972
   21.8893  0.066657 -0.225479 -0.176051 -0.323149 0.0762922  0.988573
   21.8937  0.070918 -0.215891 -0.198954 -0.318755 0.0707991   0.98369
   21.8991 0.0741138 -0.208967 -0.220792 -0.318999 0.0701887  0.984422
   21.9035 0.0725159 -0.205239 -0.245825 -0.323149 0.0728743  0.990282
   21.9094 0.0645264 -0.202043 -0.273522 -0.329619 0.0780012  0.997728
   21.9134 0.0544064 -0.197782  -0.30548 -0.334136 0.0789778   1.00115
   21.9193 0.0474822  -0.19139 -0.337438 -0.332549 0.0727522  0.997362
   21.9235 0.0458843 -0.181803  -0.36407 -0.327422 0.0656721  0.990892
   21.9294 0.0464169 -0.170617 -0.388038 -0.324736 0.0604231  0.988084
   21.9336 0.0437538 -0.159965 -0.407213 -0.324492 0.0594465  0.991868
   21.9393 0.0410906  -0.15091 -0.424257 -0.328765 0.0644514  0.999315
   21.9436 0.0362969 -0.141323 -0.439704 -0.336333 0.0707991   1.00676
   21.9493 0.0283074 -0.128539 -0.449291 -0.341338 0.0739729   1.00835
   21.9536 0.0219158 -0.113626 -0.455683 -0.341826 0.0712874   1.00261
   21.9594  0.0176548 -0.0976468  -0.460476 -0.338286 0.0645735  0.995531
   21.9636  0.0165895 -0.0816678  -0.462074 -0.335478 0.0599348  0.993577
   21.9694  0.0165895 -0.0646236  -0.461009  -0.33792 0.0587141   0.99724
   21.9735  0.0133937 -0.0459815  -0.458878 -0.343901 0.0631087   1.00408
   21.9794 0.00274109 -0.0262741   -0.45515 -0.35208 0.068968  1.00908
   21.9838  -0.0052484 -0.00922985   -0.450889 -0.357817 0.0678694   1.00713
   21.9893 -0.00950946  0.00674912   -0.446628 -0.358428 0.0607893   1.00005
   21.9936 -0.0052484  0.0216628  -0.447693 -0.355254 0.0495588  0.995286
   21.9994 0.000610556   0.0355113   -0.448226 -0.352812 0.0391829  0.996751
   22.0035 -0.00205261    0.050425    -0.44716 -0.354643 0.0334456    1.0053
   22.0092 -0.0111074  0.0621429  -0.449824 -0.361357 0.0300276   1.01433
   22.0134 -0.0212274  0.0717303  -0.453552 -0.367217 0.0262434   1.01653
   22.0194 -0.0270863   0.080785   -0.45728 -0.368315 0.0198958   1.01067
   22.0235 -0.0222926  0.0882419   -0.46527 -0.363555  0.009886   1.00041
   22.0293 -0.0100421  0.0935682  -0.476455   -0.356352 0.000364513    0.994066
   22.0337 -0.00418313   0.0999598   -0.484977   -0.353301 -0.00561693    0.996507
   22.0394 -0.00098734    0.108482   -0.494032    -0.35501 -0.00830248     1.00566
   22.0436 -0.000454709     0.117004    -0.502022    -0.36331 -0.00683764     1.01628
   22.0493 -0.00418314    0.123928    -0.50788    -0.37332 -0.00537279     1.02141
   22.0535 -0.00578103    0.128189   -0.513739  -0.378935 -0.0078142    1.01543
   22.0594 -0.000987342     0.131385    -0.520131  -0.380278 -0.0156267    1.00469
   22.0637 0.0096653  0.135646 -0.526523  -0.380278 -0.0257585    0.99846
   22.0693 0.0261769   0.14044 -0.533447  -0.382964 -0.0308855   0.999925
   22.0735 0.0389601  0.144168 -0.536643  -0.392119 -0.0299089    1.00713
   22.0794 0.0426885  0.146299 -0.533447 -0.404204 -0.024782   1.01506
   22.0839 0.0437538  0.147364 -0.527055   -0.41458 -0.0189226     1.0164
   22.0892 0.0570696  0.147364 -0.524925  -0.419341 -0.0177019    1.00908
   22.0935 0.0762443  0.149495 -0.522262  -0.417998 -0.0207537   0.999803
   22.0993 0.0938212  0.154821 -0.513739  -0.414702 -0.0253923   0.995897
   22.1036  0.114061   0.16068 -0.506283  -0.415068 -0.0286882   0.997606
   22.1093 0.123116 0.167071 -0.49563  -0.421172 -0.0255144    1.00249
   22.1134  0.131638  0.170267 -0.486575  -0.430205 -0.0202654    1.00395
   22.1192  0.140693  0.171332 -0.479118  -0.435454 -0.0190447    1.00029
   22.1236  0.146019  0.172398 -0.472727  -0.434477 -0.0214861   0.993455
   22.1293  0.158802  0.173463 -0.470596  -0.431792 -0.0269792   0.986009
   22.1335 0.172118 0.175061  -0.4674  -0.430571 -0.0319841   0.982103
   22.1393  0.181173  0.175061 -0.459944  -0.434599 -0.0339372   0.982957
   22.1435  0.187564  0.171865 -0.451421   -0.44522 -0.0319841   0.987352
   22.1494  0.190228  0.166006 -0.444497  -0.458037 -0.0267351   0.990037
   22.1536  0.192891  0.159082 -0.439704  -0.465117 -0.0245378   0.986497
   22.1594   0.19875  0.152158 -0.436508  -0.464629 -0.0281999   0.975755
   22.1637   0.20887  0.144701 -0.433312  -0.461089 -0.0350359   0.965623
   22.1693   0.22112  0.136711 -0.430649  -0.460723 -0.0399187    0.96306
   22.1735  0.226447  0.128189 -0.423725  -0.464873 -0.0377214     0.9666
   22.1794  0.229642  0.116471 -0.418398  -0.472685 -0.0302751   0.971239
   22.1838  0.234436  0.102623 -0.417866 -0.479155 -0.023073  0.974168
   22.1892  0.239762 0.0887745 -0.419996  -0.480742 -0.0205095   0.972093
   22.1936  0.236567 0.0786545   -0.4168  -0.475371 -0.0262468   0.966722
   22.1994  0.234436 0.0717303 -0.412539  -0.465727 -0.0378435    0.96245
   22.2036  0.244023 0.0642734 -0.412539  -0.459502 -0.0489519   0.962694
   22.2094  0.252013 0.0573492 -0.412007  -0.459624 -0.0568865   0.967943
   22.2135  0.255209 0.0525555 -0.412007  -0.463774 -0.0598162   0.973558
   22.2194  0.260535  0.050425 -0.414137   -0.46707 -0.0621355    0.97307
   22.2237  0.274916 0.0498923  -0.41467  -0.464141 -0.0671404   0.965013
   22.2294  0.296754 0.0509576 -0.411474  -0.456328 -0.0742204   0.954759
   22.2335  0.315396  0.054686 -0.402952  -0.449492 -0.0825212   0.948045
   22.2394  0.326049 0.0600123 -0.389104  -0.446074 -0.0867937   0.947801
   22.2436  0.338832 0.0642734 -0.377386  -0.450957 -0.0841081    0.95244
   22.2494  0.359605 0.0637408 -0.370994  -0.463164 -0.0744646    0.95891
   22.2536   0.37292 0.0600123 -0.360874  -0.475005 -0.0614031   0.960374
   22.2593  0.376649 0.0568166 -0.344362  -0.481474 -0.0515154   0.954393
   22.2635  0.384638 0.0541534 -0.329449  -0.482207 -0.0455339   0.945604
   22.2694  0.393693 0.0498923 -0.311872  -0.480376 -0.0401628   0.940355
   22.2736  0.400085 0.0440334 -0.294295  -0.480498 -0.0350359   0.939134
   22.2794  0.403813 0.0371092 -0.280447  -0.483183 -0.0281999   0.940599
   22.2837  0.401683 0.0296523 -0.269261   -0.48831 -0.0211199   0.942674
   22.2894  0.391563 0.0237934 -0.260739  -0.489043 -0.0198992   0.940965
   22.2936  0.381443 0.0189997  -0.25488 -0.482451 -0.024782  0.934007
   22.2994  0.384106 0.0147386  -0.25488  -0.470854 -0.0351579    0.92534
   22.3035  0.392628 0.0126081 -0.257543  -0.460234 -0.0462663   0.919603
   22.3094  0.389965 0.0147386 -0.253815 -0.458037 -0.049196  0.920702
   22.3137  0.386769 0.0158039 -0.250619   -0.46353 -0.0435808   0.926073
   22.3194  0.382508 0.0152712 -0.250619  -0.471709 -0.0340593   0.929246
   22.3241  0.374518 0.0168691 -0.247423  -0.475737 -0.0275896   0.926805
   22.3292  0.370257 0.0189997 -0.241564   -0.47354 -0.0269792   0.920335
   22.3337  0.371323 0.0205976 -0.237303  -0.468291 -0.0297869   0.914354
   22.3393  0.368659  0.024326 -0.233575  -0.464995 -0.0355242   0.911912
   22.3435  0.364931 0.0275218 -0.230912  -0.467803 -0.0400408   0.913621
   22.3493  0.360137 0.0296523 -0.226651  -0.478179 -0.0390642   0.916429
   22.3535  0.355344 0.0312502  -0.22239  -0.488677 -0.0361345   0.917406
   22.3594  0.357474 0.0323155 -0.221857 -0.494048 -0.033449  0.912889
   22.3636  0.363333 0.0328481 -0.220792  -0.492095 -0.0328386   0.905809
   22.3693  0.369192 0.0323155 -0.218129  -0.484404 -0.0347917   0.900926
   22.3735  0.368127 0.0349786  -0.21227  -0.478789 -0.0339372   0.901659
   22.3794    0.3628 0.0403049 -0.206943  -0.479888 -0.0302751   0.906297
   22.3837  0.360137 0.0466965 -0.202682  -0.486357 -0.0245378   0.911302
   22.3892  0.358007 0.0525555 -0.196291  -0.492705 -0.0192888   0.911546
   22.3936   0.35055 0.0584144 -0.188834  -0.490752 -0.0197771   0.905077
   22.3994  0.345756  0.064806 -0.180312  -0.480986 -0.0251482   0.895677
   22.4036  0.341495 0.0722629 -0.168061  -0.469756 -0.0332048   0.890672
   22.4092  0.340963 0.0813176 -0.157941  -0.463774 -0.0382097   0.892869
   22.4136  0.336702 0.0919703 -0.145691  -0.468047 -0.0349138   0.898851
   22.4194  0.321788  0.101025 -0.128114  -0.478423 -0.0271013     0.9041
   22.4238   0.31007  0.107949 -0.115331  -0.486235 -0.0216081   0.903612
    22.429  0.305809  0.112743 -0.108939  -0.485991 -0.0217302   0.897264
   22.4337   0.29995  0.118069 -0.100417  -0.480498 -0.0263689    0.88762
   22.4394   0.294091   0.124461 -0.0908294  -0.475737 -0.0302751   0.880907
   22.4436    0.28983   0.126591 -0.0823073  -0.476592 -0.0296648   0.881761
   22.4493   0.281308   0.126591 -0.0732526   -0.48477 -0.0225847   0.886278
   22.4536   0.266394   0.124993 -0.0641978   -0.497099 -0.00940111    0.888841
   22.4594   0.252546   0.121798 -0.0556757  -0.504057 0.00170729   0.889207
   22.4637   0.244023   0.119667 -0.0498168  -0.502959 0.00561354   0.883836
   22.4693   0.237099     0.1202 -0.0444904  -0.496001 0.00268385   0.875291
   22.4736   0.229642   0.124461 -0.0380989   -0.487456 -0.00439623     0.86931
   22.4794   0.219522    0.13032 -0.0317073   -0.48355 -0.0106218   0.868577
   22.4838   0.211533   0.135646 -0.0269136  -0.486968 -0.0133074   0.871019
   22.4892  0.209402   0.14044 -0.024783  -0.491728 -0.0122087   0.872972
   22.4936   0.207272   0.147897 -0.0221199  -0.492583 -0.0100115   0.870531
   22.4994    0.20088   0.158017 -0.0130651  -0.487456 -0.0115984   0.863817
   22.5035    0.197152    0.168669 -0.00134723  -0.477812 -0.0163591   0.857835
   22.5094  0.194489  0.182518 0.0130338  -0.471831 -0.0195329   0.856615
   22.5137  0.192358  0.196899 0.0300781 -0.473296 -0.017824  0.858934
   22.5194   0.19076  0.210215 0.0465897   -0.481841 -0.00818041    0.860887
   22.5236  0.185967  0.220335 0.0646992  -0.490386 0.00341627   0.860643
   22.5294 0.176379 0.228857 0.082276  -0.492217 0.00976393   0.854661
   22.5335 0.164129 0.238444 0.098255 -0.487456  0.011595  0.845262
   22.5394 0.157737 0.246434 0.112636 -0.481352 0.0108626  0.835985
   22.5437 0.157204 0.252293 0.122223 -0.478545 0.0122053  0.832567
   22.5492 0.147084 0.256554 0.131811 -0.483306 0.0174544   0.83452
   22.5535 0.126844 0.257086 0.142463 -0.494414 0.0263655  0.838914
   22.5594 0.101811 0.253358 0.146725 -0.503325 0.0364973  0.840868
   22.5636 0.0826359  0.248564  0.139268 -0.505034 0.0423567  0.834886
   22.5694 0.0677222  0.244303  0.129148  -0.50064 0.0416243  0.822191
   22.5736 0.0517433  0.240575  0.122223  -0.49124 0.0355208  0.810594
   22.5794 0.0410906  0.237379  0.109973  -0.48477 0.0284407  0.805955
   22.5838 0.0277748  0.235781 0.0961245 -0.486479 0.0277083  0.808397
   22.5893 0.0139264  0.234183 0.0860045 -0.493193 0.0318587  0.813524
   22.5935 0.00753477   0.230987  0.0710908  -0.49771 0.0356428  0.817186
   22.5994 0.00114319   0.228324  0.0535139 -0.496977 0.0368635  0.817308
   22.6038 -0.0164337   0.230455   0.046057 -0.493437 0.0328352   0.81389
   22.6094 -0.0292169   0.232585  0.0449918 -0.488188 0.0280745  0.811082
   22.6137 -0.0345432    0.23365   0.046057 -0.486235 0.0251448  0.812547
   22.6192 -0.0388042    0.23365  0.0465897  -0.49063 0.0244124  0.817918
   22.6234 -0.047859  0.230987 0.0503181 -0.498808 0.0288069  0.821092
   22.6292 -0.0553158   0.227259  0.0551118 -0.502837 0.0303938  0.819505
   22.6336 -0.0542506   0.224596  0.0625686 -0.493437 0.0207503  0.812181
   22.6393 -0.0547832   0.224596  0.0700255 -0.484038 0.0131819  0.807176
   22.6435  -0.06224  0.230455 0.0812108  -0.478301 0.00890944   0.808885
   22.6493 -0.0696969   0.236314   0.092396  -0.472563 0.00463697   0.810594
   22.6535 -0.0659685   0.236314  0.0971897  -0.48123 0.0114729  0.811937
   22.6593 -0.06224 0.236314 0.101983 -0.489897 0.0183088   0.81328
   22.6636 -0.0670337   0.238977   0.108908 -0.488188 0.0175764  0.807176
   22.6694 -0.0718274    0.24164   0.115832 -0.486479  0.016844  0.801073
   22.6737 -0.0654358   0.240042   0.122756 -0.483183 0.0144026  0.798509
   22.6794 -0.0590443   0.238444    0.12968 -0.479888 0.0119612  0.795946
   22.6838 -0.0633053   0.234183   0.132343 -0.492095 0.0198958  0.806566
   22.6893 -0.0675664   0.229922   0.135007 -0.504302 0.0278303  0.817186
   22.6936 -0.0819474   0.221933   0.139268 -0.508696 0.0317366  0.817064
   22.6992 -0.0963285   0.213943   0.143529 -0.513091 0.0356428  0.816942
   22.7036 -0.0936654   0.202225   0.141931 -0.505644 0.0278303  0.805101
   22.7094 -0.0910022   0.190507   0.140333 -0.498198 0.0200178   0.79326
   22.7137 -0.0936654   0.179322   0.142463 -0.494536 0.0161116   0.79619
   22.7194 -0.0963285   0.168137   0.144594 -0.490874 0.0122053  0.799119
   22.7234 -0.0926001   0.159082   0.140866 -0.493071 0.0136702  0.802415
   22.7294 -0.0888717   0.150027   0.137137 -0.495268  0.015135  0.805711
   22.7338 -0.084078  0.148962  0.138202 -0.484648 0.0125715  0.797777
   22.7392 -0.0792843   0.147897   0.139268 -0.474028 0.0100081  0.789842
   22.7436 -0.0771537   0.154288   0.147257  -0.466094 0.00829908    0.79033
   22.7494 -0.0750232    0.16068   0.155247 -0.458159 0.0065901  0.790819
   22.7536 -0.0803495   0.162278   0.163769 -0.470244 0.0130598  0.798997
   22.7593 -0.0856759   0.163876   0.172291 -0.482329 0.0195296  0.807176
   22.7635 -0.0915348   0.158549   0.173356 -0.490752 0.0245344  0.803026
   22.7694 -0.0973938   0.153223   0.174421 -0.499175 0.0295393  0.798875
   22.7737 -0.0936654    0.14257   0.181346 -0.497466 0.0268538  0.793748
   22.7794 -0.0899369   0.131918    0.18827 -0.495757 0.0241682  0.788621
   22.7838 -0.0931327   0.114341   0.194661 -0.500762 0.0256331   0.79741
   22.7893 -0.0963285   0.096764   0.201053 -0.505766 0.0270979    0.8062
   22.7936 -0.0963285  0.0765239   0.203716 -0.510771 0.0318587  0.808031
   22.7994 -0.0963285  0.0562839   0.206379 -0.515776 0.0366194  0.809862
   22.8036 -0.0968611  0.0392397   0.222891 -0.502104 0.0316145  0.804491
   22.8094 -0.0973938  0.0221955   0.239403 -0.488432 0.0266096  0.799119
   22.8137 -0.0989917  0.0110102   0.254316 -0.475981 0.0216047  0.804491
   22.8194    -0.10059 -0.00443616    0.271893 -0.463652 0.0190413  0.814256
   22.8243  -0.102187 -0.0134909    0.27935 -0.463774 0.0216047  0.819139
   22.8291  -0.104851 -0.0204151   0.286807 -0.463774 0.0217268  0.819627
   22.8337  -0.103785 -0.0236109   0.290535 -0.456572 0.0187971  0.816331
   22.8394  -0.101655 -0.0246762     0.2916  -0.44937 0.0158674  0.813035
   22.8437  -0.102187 -0.0246762    0.29959 -0.439604 0.0129378  0.812059
   22.8493   -0.10272 -0.0246762   0.307579 -0.429839 0.0100081  0.811082
   22.8535  -0.101655 -0.0273393   0.304384 -0.435088 0.0170881  0.817918
   22.8594   -0.10059 -0.0300025   0.301188 -0.440337 0.0241682  0.824754
   22.8636  -0.103785 -0.0369267   0.298525 -0.445342 0.0299055  0.825975
   22.8693  -0.106981 -0.0438509   0.295862 -0.450347 0.0356428  0.827196
   22.8735  -0.106449 -0.0465141     0.2916   -0.4429 0.0280745  0.822435
   22.8794  -0.103253 -0.0486446   0.286274 -0.433257 0.0178206  0.816942
    22.884 -0.0947306 -0.0491773   0.283078 -0.431792 0.0165999  0.818529
   22.8894 -0.0862085 -0.0523731    0.27935 -0.436797 0.0228254  0.823289
   22.8938 -0.0856759 -0.0550362   0.280948 -0.441802 0.0340559  0.827318
   22.8992 -0.0894043 -0.0566341   0.288405 -0.441069 0.0441878  0.827684
   22.9036 -0.0872738  -0.058232   0.294264 -0.433867 0.0483381  0.824266
   22.9093 -0.0814148 -0.0592973   0.300655 -0.422637 0.0476057  0.820848
   22.9136 -0.0851432 -0.0571668   0.313971 -0.414946  0.046385  0.821702
   22.9194 -0.0904696  -0.053971   0.326754 -0.412261 0.0477278  0.826952
   22.9242  -0.094198 -0.0518404   0.332081 -0.415801 0.0534651   0.83098
   22.9286  -0.101122 -0.0507752   0.335276 -0.420073 0.0595686  0.831102
   22.9336  -0.110177 -0.0502425    0.33794  -0.41812 0.0606672  0.826341
   22.9394  -0.120297 -0.0475794    0.34007 -0.410674 0.0590803  0.819383
   22.9438  -0.126689 -0.0449162   0.340603 -0.402495 0.0556624  0.814012
   22.9493  -0.126689 -0.0433183   0.336342 -0.398589 0.0551741  0.813646
   22.9537  -0.128819 -0.0395899   0.334744 -0.403594 0.0613997  0.818162
   22.9594  -0.143733 -0.0353288    0.34007  -0.41519 0.0728743  0.826097
   22.9637  -0.159712 -0.0347962   0.342733 -0.424834 0.0847151  0.831834
   22.9693  -0.167169 -0.0374594   0.338472 -0.428374 0.0908186  0.831102
   22.9735  -0.178354 -0.0385246   0.335809 -0.425566 0.0895979  0.825731
   22.9794  -0.196996 -0.0363941   0.335809 -0.420928 0.0834944  0.820482
   22.9839  -0.206051 -0.0363941   0.330483 -0.419463 0.0773909  0.819871
   22.9893  -0.208181 -0.0390573   0.322493   -0.4252 0.0773909  0.822435
   22.9936  -0.215106 -0.0438509   0.316102 -0.433135 0.0830061  0.826707
   22.9994  -0.220432 -0.0507752   0.308112 -0.434111 0.0874006  0.828905
   23.0037   -0.22416 -0.0566341   0.299057 -0.426421 0.0876448  0.826829
   23.0093 -0.235878 -0.058232  0.298525 -0.414092 0.0817854  0.822313
   23.0135  -0.247063 -0.0561015   0.301188 -0.401763 0.0736067  0.821336
   23.0194 -0.253455 -0.053971  0.300655 -0.395293 0.0693342  0.825975
    23.024  -0.261445 -0.0529057   0.304384 -0.396758 0.0700667   0.83391
   23.0286  -0.275293 -0.0513078   0.311841 -0.402251 0.0737288  0.839769
   23.0339  -0.283282 -0.0513078   0.313438 -0.403349 0.0751936  0.840623
   23.0394  -0.287543 -0.0502425   0.315036 -0.397978 0.0720198  0.836473
   23.0437 -0.294468 -0.048112  0.321961 -0.390166 0.0666487  0.831346
   23.0494  -0.298729 -0.0454488   0.326754 -0.384307 0.0606672  0.829515
   23.0537  -0.305653 -0.0406551   0.331548 -0.385283 0.0589583  0.832567
   23.0593  -0.309381 -0.0401225   0.332613 -0.395903 0.0643294  0.839403
   23.0636  -0.308316 -0.0454488   0.329417 -0.408843 0.0729963  0.846361
   23.0694  -0.314175 -0.0507752   0.328885 -0.415801 0.0800764  0.848192
   23.0736  -0.322697 -0.0545036   0.328352  -0.41519 0.0804426  0.844285
   23.0794  -0.321632 -0.0608952   0.321428 -0.409575 0.0744612  0.838426
   23.0838  -0.317904 -0.0678194   0.313438 -0.405791  0.068968  0.836351
   23.0893 -0.316838 -0.074211  0.307047 -0.406157 0.0665266  0.838792
   23.0936  -0.317371 -0.0811352   0.297459 -0.411162 0.0683577  0.843919
   23.0994  -0.324828 -0.0880594   0.286807 -0.415068 0.0718977  0.849657
   23.1037  -0.330154 -0.0965815   0.272426 -0.410918 0.0701887  0.850267
   23.1094  -0.32536 -0.105636  0.253251 -0.399077 0.0609114  0.846361
   23.1136 -0.321099 -0.110963  0.237272 -0.386504 0.0458967  0.841112
   23.1194 -0.322165 -0.110963  0.225021  -0.37686 0.0318587    0.8416
   23.1235 -0.314708 -0.113093  0.211173 -0.375884 0.0253889  0.847093
   23.1294 -0.308849 -0.117354  0.201586 -0.382842  0.025511  0.853075
   23.1336 -0.307783 -0.118952  0.191998 -0.387969 0.0277083  0.857225
   23.1394 -0.301392 -0.120017   0.18028 -0.389556 0.0285628  0.858934
   23.1435 -0.297131 -0.121615  0.175487 -0.387724 0.0257551  0.856126
   23.1493 -0.292337 -0.124278  0.175487 -0.382842  0.022093  0.853075
   23.1536 -0.285946 -0.126409  0.177085 -0.382231 0.0205061  0.853319
   23.1594 -0.280619 -0.129605  0.176019 -0.388457 0.0236799  0.856126
   23.1637 -0.276358 -0.138127  0.170693   -0.3981 0.0310042  0.860887
   23.1694 -0.276358 -0.148779  0.169095 -0.404082 0.0361311  0.863206
   23.1736 -0.276891 -0.159965   0.16803  -0.40103 0.0361311  0.860277
   23.1794 -0.275826  -0.16902  0.166965 -0.391753 0.0297835  0.853685
   23.1837 -0.272097 -0.175411  0.167497 -0.380034 0.0201399  0.849412
   23.1894 -0.263575 -0.181803  0.164834 -0.373076  0.013304  0.851732
   23.1937 -0.260912 -0.186596  0.166432 -0.374297 0.0122053  0.859178
   23.1993 -0.265706 -0.188727  0.174954  -0.37918 0.0169661   0.86516
   23.2036 -0.268369 -0.188194  0.182944 -0.381865 0.0223372  0.866868
   23.2094 -0.263575 -0.186064  0.187205 -0.379546 0.0230696  0.861619
   23.2137 -0.256651 -0.183933  0.193596 -0.372954 0.0187971  0.852952
   23.2192 -0.249194 -0.182335  0.199455 -0.368437 0.0141585  0.849901
   23.2234 -0.240672 -0.181803  0.202118 -0.369292 0.0129378  0.855638
   23.2294 -0.239074 -0.182335  0.206379 -0.377593 0.0178206  0.865282
   23.2336 -0.241204 -0.184998  0.207445 -0.387969 0.0259993  0.873094
   23.2394 -0.244933  -0.18926  0.205847 -0.392119 0.0313704  0.874559
   23.2436 -0.248661 -0.192988  0.207445 -0.388457 0.0327131   0.86992
   23.2494  -0.24227 -0.196184  0.205847 -0.379546 0.0291731  0.863451
   23.2536 -0.235878 -0.195651  0.203184 -0.370268  0.023802  0.861253
   23.2594 -0.232682 -0.195651  0.204781  -0.36624 0.0208723  0.864671
   23.2637 -0.230552 -0.197249  0.205847 -0.368804 0.0234358  0.872362
   23.2693 -0.235878 -0.197249  0.205847 -0.372588 0.0300276  0.881883
   23.2736 -0.243335 -0.197249  0.204781 -0.371855 0.0325911  0.884202
   23.2794 -0.243335 -0.196184  0.203184 -0.363799 0.0294172  0.878465
   23.2838 -0.238009 -0.192455  0.202651 -0.354033 0.0242903  0.871995
   23.2893 -0.231084 -0.186064  0.201053 -0.345244 0.0180647  0.870775
   23.2936 -0.225758 -0.177542  0.199988 -0.340117 0.0147688  0.874071
   23.2994 -0.223628  -0.16902  0.196792 -0.341338 0.0163557  0.879686
   23.3036  -0.22416 -0.160497  0.191466 -0.342925 0.0192854  0.883104
   23.3092 -0.228954 -0.149845  0.188802 -0.340483 0.0205061  0.881395
   23.3136 -0.231084 -0.139192  0.185074 -0.335967 0.0176985  0.875291
   23.3194 -0.227889 -0.128007  0.178682  -0.33145 0.0137922  0.870653
    23.324 -0.219899 -0.116822  0.171758 -0.331328 0.0124495  0.870897
   23.3294 -0.214573 -0.106702  0.166432 -0.338042 0.0162337  0.874925
   23.3336  -0.218301 -0.0987121   0.161638 -0.352324 0.0269758  0.879564
   23.3394  -0.225758 -0.0949836   0.153649 -0.366606 0.0382063  0.882249
   23.3435   -0.23215 -0.0955163   0.140866 -0.372954 0.0451643  0.880052
   23.3493  -0.238541 -0.0987121   0.128615 -0.374053 0.0488264  0.873338
   23.3536 -0.243335  -0.10244  0.120626 -0.371977 0.0478499  0.868211
   23.3594 -0.240139 -0.108832  0.111038 -0.370146 0.0462629  0.866624
   23.3637 -0.244933 -0.117354  0.105712 -0.373564 0.0494368  0.871263
   23.3694 -0.260912 -0.126409  0.104114 -0.380522  0.056761  0.880296
   23.3735 -0.273162 -0.137062  0.100386 -0.383208 0.0639631   0.88762
   23.3794 -0.290739 -0.146649  0.103049 -0.379546 0.0661604  0.889574
   23.3839 -0.308316 -0.153041  0.107842 -0.372588 0.0626204  0.886034
   23.3892  -0.31524 -0.157302  0.107842 -0.367827 0.0577376  0.882616
   23.3936 -0.324828  -0.16103  0.111571 -0.367827 0.0538313  0.885789
   23.3994 -0.338144 -0.165824  0.116897 -0.375517 0.0544417  0.892992
   23.4037 -0.353057 -0.173813  0.119028 -0.385893 0.0578596  0.899461
   23.4094 -0.364243 -0.183933  0.115299 -0.390288 0.0566389  0.900682
   23.4136 -0.373297 -0.192455  0.108908 -0.388335 0.0499251  0.895433
   23.4194 -0.371167 -0.200445 0.0993203 -0.382964 0.0389387  0.888475
   23.4239 -0.358384 -0.206304 0.0892003 -0.376128 0.0286848  0.887743
   23.4294 -0.354123 -0.207369 0.0886676 -0.373076 0.0239241  0.894701
    23.434 -0.351992 -0.207369 0.0886676 -0.375884 0.0244124  0.906297
   23.4393 -0.346133 -0.207369 0.0870697 -0.378203 0.0294172  0.916429
   23.4436 -0.341872 -0.204706 0.0907981 -0.376006 0.0325911  0.919969
   23.4494 -0.337611 -0.200977 0.0971897 -0.367705 0.0280745  0.918626
   23.4537 -0.329089 -0.197249  0.101451 -0.357939 0.0207503  0.916307
   23.4593 -0.321632 -0.191923  0.103581 -0.352324 0.0140364  0.918993
   23.4636 -0.314175 -0.187662  0.103581 -0.353057 0.0106184  0.927415
   23.4694 -0.312045 -0.184466  0.105179 -0.362456 0.0139143  0.937913
   23.4736 -0.312577 -0.181803  0.106244  -0.37625 0.0195296  0.942674
   23.4794 -0.306186 -0.184466  0.104114 -0.384795 0.0224592  0.939134
   23.4839 -0.299794 -0.191923  0.100918  -0.38748 0.0216047   0.93242
   23.4893 -0.293402 -0.202575 0.0950592 -0.384673 0.0173323  0.929246
   23.4935 -0.285946 -0.215891 0.0870697 -0.380766 0.0119612   0.93242
   23.4994 -0.279021 -0.231337 0.0758844  -0.381621 0.00890944   0.941087
   23.5037 -0.272097 -0.245719 0.0609707 -0.38626 0.011595 0.950975
   23.5094 -0.268901 -0.256904 0.0471223 -0.390044 0.0173323  0.956834
   23.5138 -0.268901 -0.266491 0.0423286 -0.389067 0.0211165  0.956102
   23.5194 -0.265706 -0.277144  0.041796 -0.381743 0.0212385   0.95366
   23.5236 -0.256651 -0.288862  0.035937 -0.372344 0.0167219  0.955003
   23.5294 -0.250259 -0.296319 0.0284802 -0.365996 0.0109846  0.960985
    23.534 -0.245466 -0.302178 0.0236865  -0.365752 0.00805494   0.967454
   23.5392 -0.244933 -0.304841 0.0226212 -0.371855 0.0078108  0.971849
   23.5437 -0.243335 -0.304308 0.0188928  -0.377104 0.00951979    0.97307
   23.5494 -0.233748 -0.303243 0.0109033  -0.376738 0.00878736    0.97075
   23.5538  -0.222562   -0.30058 0.00664225  -0.372099 0.00280592   0.968553
   23.5593  -0.207649  -0.297917 0.00877278   -0.367705 -0.00317553    0.968431
   23.5636  -0.191137  -0.293123 0.00664225   -0.365996 -0.00610521    0.974412
   23.5694   -0.182082   -0.287264 0.000250665   -0.372344 -0.00293139    0.983812
   23.5737   -0.173028   -0.285666 -0.00187987  -0.385039 0.00744459   0.992479
   23.5794  -0.166636  -0.283535 0.00397909 -0.395781 0.0167219  0.996629
   23.5837  -0.16344  -0.28034 0.0125012 -0.397612 0.0209944  0.995775
   23.5894  -0.15332 -0.279274 0.0188928 -0.392607 0.0195296  0.991258
   23.5936 -0.144798 -0.276611 0.0252844  -0.38272 0.0123274  0.990404
   23.5994  -0.13095 -0.273415 0.0268823  -0.372832 0.00488111    0.99492
   23.6037 -0.124025 -0.268089 0.0300781  -0.371733 0.00134108   0.999803
   23.6094 -0.126156 -0.259034 0.0375349   -0.371123 0.000486583     1.00383
   23.6136 -0.124558 -0.246251 0.0444591   -0.365141 -0.00195482     1.00298
   23.6194 -0.111775 -0.233468 0.0471223   -0.355376 -0.00732592    0.999071
   23.6236 -0.0920675  -0.218022  0.0513834  -0.343047 -0.0117204   0.997972
   23.6294 -0.0728927  -0.198847  0.0497855  -0.330229 -0.0220964   0.997728
    23.634 -0.0665011   -0.18127  0.0465897  -0.329863 -0.0244158    1.00371
   23.6393 -0.0766211  -0.167954  0.0556444  -0.338286 -0.0106218    1.01567
   23.6435 -0.0872738  -0.157834  0.0668297   -0.343169 0.000242443       1.023
   23.6494 -0.0973938  -0.147182  0.0705581  -0.344878 0.00353834    1.02226
   23.6538  -0.10272 -0.137062 0.0668297   -0.342314 -0.00207689     1.01152
   23.6592 -0.105383 -0.128539 0.0615034  -0.335967 -0.0134294     1.0009
   23.6635  -0.10059 -0.123746 0.0503181   -0.33084 -0.0219744   0.998338
   23.6694 -0.0973938  -0.118952  0.0396654  -0.331816 -0.0235613    1.00261
   23.6737 -0.104318  -0.11043 0.0300781  -0.337065 -0.0189226    1.00884
   23.6794 -0.108046 -0.103506 0.0130338  -0.342314 -0.0122087    1.01262
   23.6838   -0.110177  -0.0955163 -0.00667355  -0.341704 -0.0111101    1.01055
   23.6893  -0.111775 -0.0800699 -0.0237178  -0.337554 -0.0148943      1.002
   23.6937  -0.104851 -0.0608952 -0.0333052  -0.331938 -0.0194109   0.992967
   23.6993 -0.0915348 -0.0417204 -0.0412946  -0.326079 -0.0228288   0.992601
   23.7035 -0.0856759 -0.0214804  -0.050882  -0.325591 -0.0214861   0.998094
   23.7094   -0.084078 -0.00124036  -0.0604694  -0.330107 -0.0157488    1.00273
   23.7136 -0.0814148  0.0179344 -0.0695242  -0.334868 -0.0136736    1.00115
   23.7194 -0.0792843  0.0360439 -0.0748505   -0.33499 -0.0157488   0.991991
   23.7237 -0.0771538  0.0536208   -0.07272  -0.330229 -0.0195329    0.98137
   23.7294 -0.0712948  0.0690671 -0.0695242  -0.323882 -0.0233171   0.975999
    23.734   -0.06224  0.0813176 -0.0721873   -0.32144 -0.0236833   0.981126
   23.7391 -0.0611748  0.0930355 -0.0759157  -0.325347 -0.0224626   0.990892
   23.7436 -0.0675664   0.104753 -0.0807094  -0.332793 -0.0205095   0.996141
   23.7494 -0.0723601   0.117004 -0.0876337  -0.338042 -0.0209978   0.990282
   23.7536 -0.0691643    0.13032 -0.0940252  -0.334868 -0.0262468   0.973924
   23.7594 -0.0643706   0.145233 -0.0934926  -0.326689 -0.0343035   0.956102
   23.7637 -0.0531853    0.16068 -0.0961558  -0.316557 -0.0440691   0.947191
   23.7693 -0.0366737   0.169735  -0.114798 -0.297026 -0.052614  0.949144
   23.7736 0.00433898   0.169202  -0.139832 -0.313017 -0.064821  0.992235
   23.7794  0.050678  0.185714 -0.161137   -0.35269 -0.0917986    1.03252
   23.7839  0.112463  0.228857 -0.184573 -0.339263 -0.103761   1.06853
   23.7893  0.143356  0.273065 -0.181377  -0.339507 -0.0896013    1.08708
   23.7935  0.115659  0.317806 -0.128114  -0.343291 -0.0753191    1.08721
   23.7994    0.11992   0.358819 -0.0993516  -0.316802 -0.0661638    1.11015
   23.8037  0.131105  0.398766 -0.106808  -0.314849 -0.0623796    1.11186
   23.8093   0.128442   0.440312 -0.0918947  -0.327422 -0.0611589    1.10295
   23.8135  0.131105  0.470139 -0.066861  -0.344023 -0.0590837    1.08733
   23.8194   0.134834   0.489314 -0.0519473  -0.359282 -0.0531023    1.05034
   23.8236   0.126312   0.497303 -0.0380989  -0.365996 -0.0397966    1.00957
   23.8294   0.115659   0.495173 -0.0285115  -0.365996 -0.0235613   0.984056
   23.8342   0.109268   0.487716 -0.0274462    -0.37332 -0.00988939    0.970262
   23.8392  0.0932886   0.476531 -0.0274462  -0.391875 0.00427076   0.969041
   23.8436  0.0757117   0.456823 -0.0359683 -0.407134 0.0183088  0.966844
   23.8494  0.0597327   0.432322 -0.0535452  -0.42166 0.0300276   0.95305
   23.8537  0.0315032   0.408886 -0.0604694 -0.439849 0.0356428  0.924608
   23.8593 0.00700214   0.384385  -0.061002 -0.442778 0.0322249  0.897264
   23.8636 -0.00205261    0.359884  -0.0759157 -0.435698 0.0249006  0.887865
   23.8694 -0.00950946    0.339112  -0.0945579 -0.434111 0.0187971  0.890184
   23.8735 -0.0137705   0.318872  -0.110004 -0.438994 0.0174544  0.894823
   23.8794 -0.0222926   0.299697  -0.122255 -0.444853 0.0230696  0.897386
   23.8841 -0.0372063   0.284251  -0.129712 -0.44522 0.028929 0.896532
   23.8894 -0.0499895    0.27413  -0.132907 -0.438506 0.0286848  0.893236
   23.8938 -0.0611748   0.270402  -0.128114 -0.426421 0.0213606  0.887865
   23.8994 -0.0665011   0.270935  -0.115331  -0.414336 0.00854322   0.882982
   23.9037 -0.0712948   0.276261 -0.0945579   -0.408721 -0.00341967    0.882982
   23.9094 -0.0760885   0.281055 -0.0716547   -0.413481 -0.00940111    0.889574
   23.9135 -0.0771538   0.279989 -0.0530126   -0.422759 -0.00952318    0.899095
   23.9194 -0.0776864   0.271467 -0.0423599   -0.429595 -0.00818041    0.908983
    23.924 -0.0846106   0.256021 -0.0322399  -0.431914 -0.0106218    0.91765
   23.9294  -0.094198   0.238444 -0.0199894 -0.428496 -0.016115  0.924119
   23.9341 -0.0952633     0.2214 -0.0141304   -0.42459 -0.0218523   0.933397
   23.9392 -0.0926001   0.204888 -0.0130651  -0.428862 -0.0271013   0.950853
   23.9437 -0.0973938   0.187844 -0.0114672  -0.438994 -0.0278337   0.975877
   23.9493  -0.106449   0.170267 -0.0119999  -0.449004 -0.0281999   0.992357
   23.9536  -0.109644   0.153223 -0.0183915  -0.450591 -0.0340593   0.998827
   23.9594  -0.108046   0.141505 -0.0247831  -0.444853 -0.0426042    1.00102
   23.9637  -0.104851   0.134581 -0.0285115  -0.438017 -0.0513933   0.999925
   23.9694  -0.101122    0.13032 -0.0253157   -0.43167 -0.0582292   0.998094
   23.9737 -0.0915348   0.129787 -0.0210546  -0.431182 -0.0616472   0.998216
   23.9795 -0.0835453    0.13032 -0.0194567  -0.439116 -0.0606706   0.998338
   23.9838 -0.0803495   0.127124  -0.014663  -0.448271 -0.0563982    0.99431
   23.9894  -0.0808822    0.123396 -0.00614092  -0.452178 -0.0544451    0.98369
   23.9937 -0.0814148   0.121798 0.00291383  -0.451567 -0.0544451   0.965623
   23.9994 -0.073958  0.117004 0.0103707  -0.451567 -0.0549333   0.947069
   24.0036 -0.0638379   0.108482  0.0162296  -0.453032 -0.0546892    0.93828
   24.0094 -0.0537179  0.0946334  0.0146317  -0.45999 -0.049196  0.939989
   24.0137 -0.0505221  0.0754587 0.00983805  -0.473662 -0.0399187    0.94536
   24.0192 -0.0547832   0.054686 0.00610962  -0.484526 -0.0313738   0.947069
   24.0235 -0.0569137  0.0333807 0.00131593 -0.489775 -0.024904  0.941942
   24.0294   -0.047859  0.00834702 -0.00827145  -0.485625 -0.0239275   0.933397
   24.0334 -0.0366737  -0.017752 -0.0178588  -0.475371 -0.0288103   0.927415
   24.0394 -0.0308147 -0.0433183 -0.0226525  -0.469512 -0.0365007   0.929979
   24.0436 -0.0244232 -0.0699499 -0.0279788  -0.469267 -0.0443132   0.940233
   24.0494 -0.0196295 -0.0949836 -0.0317073  -0.470366 -0.0484636    0.95366
   24.0538 -0.0148358  -0.115224 -0.0311746  -0.470366 -0.0517595   0.964403
   24.0594 -0.00471577   -0.130137  -0.0290441  -0.463896 -0.0571306   0.968797
   24.0637  0.0101979   -0.14079 -0.0231852  -0.454497 -0.0640886   0.966356
   24.0694   0.024579  -0.149312 -0.0119999  -0.445098 -0.0744646   0.964647
   24.0737  0.0389601  -0.158367 -0.0024125  -0.437529 -0.0832537   0.967577
   24.0795  0.0533411  -0.166889 0.00717488  -0.438262 -0.0853288   0.973802
   24.0838 0.0677222 -0.173813 0.0178275  -0.444365 -0.0837419   0.977952
   24.0894 0.0837012 -0.180205 0.0284802  -0.447539 -0.0794695   0.975023
   24.0937  0.105006 -0.186596 0.0370023  -0.445342 -0.0780046   0.968065
   24.0994   0.12791  -0.19139 0.0439265  -0.438017 -0.0826433   0.962083
   24.1037  0.143889 -0.193521 0.0524486  -0.428374 -0.0875261   0.961473
   24.1094  0.162531 -0.192455 0.0588402  -0.421904 -0.0903337   0.966844
   24.1137  0.186499 -0.187129 0.0636339  -0.419707 -0.0878923   0.974412
   24.1194     0.211 -0.178607 0.0689602 -0.422148 -0.080446  0.979295
   24.1235  0.228577 -0.167954 0.0812108  -0.422392 -0.0744646   0.978563
   24.1294  0.238697 -0.157834  0.100918  -0.415923 -0.0729997   0.972703
   24.1334  0.246154 -0.147182  0.121691  -0.405425 -0.0781267   0.966844
   24.1394  0.258405 -0.135996  0.135007  -0.397978 -0.0831316   0.965868
   24.1436  0.272786 -0.127474  0.145127  -0.398589 -0.0799578    0.97014
   24.1494  0.280775 -0.122148  0.157377  -0.406279 -0.0697038   0.974412
   24.1538  0.282906 -0.121083  0.165899  -0.417388 -0.0554216   0.974657
   24.1594   0.28184 -0.124811  0.170693  -0.427397 -0.0428484   0.970506
   24.1636  0.273851 -0.128007  0.176019   -0.43167 -0.0349138   0.963792
   24.1694  0.263731 -0.129605   0.18028  -0.431426 -0.0290544   0.957445
   24.1737  0.257872 -0.131203  0.182411 -0.430449 -0.024782  0.952928
   24.1795  0.248285 -0.132268  0.186139 -0.432768 -0.017824  0.948656
   24.1838  0.238697 -0.137062  0.189335   -0.440825 -0.00598314    0.946825
   24.1893  0.228045 -0.146116  0.191466   -0.44876 0.00488111   0.947801
   24.1937  0.209402 -0.156236  0.196792 -0.449858 0.0102522  0.949754
   24.1994  0.190228 -0.165824  0.199988  -0.444731 0.00903151     0.9489
   24.2038  0.172118 -0.173281   0.20052  -0.436919 0.00366041    0.94536
   24.2093  0.155074 -0.180737  0.204249   -0.429839 -0.00158861    0.944383
   24.2136  0.14016 -0.19139 0.204249   -0.429717 -0.00378588    0.948289
   24.2194  0.123116 -0.203108  0.198922   -0.433501 -0.00378588    0.955125
   24.2239  0.103409 -0.213228  0.193596   -0.435454 -0.00476244     0.95891
   24.2294 0.0863643 -0.218022  0.190933  -0.430693 -0.0103777   0.955492
   24.2335 0.0826359 -0.218554  0.187737   -0.42105 -0.0192888   0.945604
   24.2394  0.086897 -0.216956  0.184541  -0.411284 -0.0281999    0.93889
   24.2436 0.0852991   -0.2095  0.186672  -0.403105 -0.0336931   0.940843
   24.2493 0.0884949 -0.200445  0.188802  -0.400786 -0.0329607    0.94951
   24.2535 0.0932886 -0.184998  0.192531  -0.404204 -0.0268572    0.95891
   24.2594  0.091158 -0.172748  0.196792   -0.40689 -0.0224626   0.962938
   24.2637 0.0890275 -0.160497  0.209043  -0.400908 -0.0239275   0.950365
   24.2694  0.086897 -0.148247  0.221293  -0.394927 -0.0253923   0.937791
   24.2736 0.0895601 -0.142921  0.230348 -0.393706 -0.024782   0.93596
   24.2795 0.0922233 -0.137594  0.239403  -0.392485 -0.0241716   0.934129
    24.284 0.0741138 -0.147714  0.239403  -0.409697 -0.0147722    0.94658
   24.2893 0.0560043 -0.157834  0.239403   -0.426909 -0.00537279    0.959032
   24.2936 0.0336338 -0.181803   0.23887  -0.437529 0.00561354    0.95891
   24.2994 0.0112632 -0.205771  0.238337 -0.448149 0.0165999  0.958787
   24.3037 0.00114319  -0.231337   0.230348 -0.448882 0.0196516  0.955369
   24.3094 -0.00897682   -0.256904    0.222358 -0.449614 0.0227034  0.951952
   24.3136 -0.0212274  -0.279807   0.212771 -0.449736 0.0184309  0.954515
   24.3194 -0.0334779   -0.30271   0.203184 -0.449858 0.0141585  0.957078
   24.3237 -0.0388042   -0.31283   0.199988   -0.44229 0.00402662   0.958299
   24.3294 -0.0441306   -0.32295   0.196792   -0.434722 -0.00610521     0.95952
   24.3341 -0.0286842  -0.324548   0.189335  -0.423735 -0.0140398   0.957445
   24.3391 -0.00578103   -0.320287    0.182944  -0.400908 -0.0286882    0.95244
   24.3437 0.0240464  -0.29259  0.191998   -0.37625 -0.0419939   0.956224
   24.3494 0.0464169 -0.270752  0.199988  -0.363432 -0.0485857   0.962938
   24.3535 0.0671896 -0.243588  0.217565   -0.35855 -0.0463884   0.967454
   24.3594 0.0879622 -0.216424  0.235141  -0.353667 -0.0441912   0.971971
   24.3639  0.107137 -0.186596  0.251653   -0.34561 -0.0413835   0.963304
   24.3693  0.126312 -0.156769  0.268165  -0.337554 -0.0385759   0.954637
   24.3736  0.140693 -0.133333  0.286274   -0.33206 -0.0384538   0.954515
   24.3795  0.155074 -0.109897  0.304384  -0.326567 -0.0383318   0.954393
   24.3838     0.1604 -0.0912552   0.308645  -0.338164 -0.0244158   0.961107
   24.3894   0.165727 -0.0726131   0.312906  -0.349761 -0.0104997   0.967821
   24.3936   0.161998 -0.0672868   0.310775  -0.360503 0.00793287   0.960374
   24.3994    0.15827 -0.0619604   0.308645 -0.371245 0.0263655  0.952928
   24.4037   0.146019 -0.0614278   0.300655 -0.370513 0.0318587  0.950853
   24.4094   0.133769 -0.0608952   0.292666  -0.36978 0.0373518  0.948778
   24.4137   0.124181 -0.0646236   0.274556 -0.374419 0.0363753   0.95244
   24.4194  0.114594 -0.068352  0.256447 -0.379057 0.0353987  0.956102
   24.4237   0.110333 -0.0768741   0.235674  -0.38394 0.0379622  0.957078
   24.4294  0.0975496 -0.0880594   0.210108 -0.384917 0.0390608  0.953905
    24.434  0.0863643 -0.0912552   0.201586 -0.372344 0.0316145   0.94658
   24.4394  0.0906254 -0.0901899   0.189335 -0.356474 0.0197737  0.941209
    24.444  0.0959517 -0.0848636   0.180813 -0.346221 0.0107405  0.942064
   24.4494  0.0943538 -0.0811352   0.180813  -0.343169 0.00756666   0.945116
   24.4535  0.0980823 -0.0731457    0.17815 -0.344634  0.009886  0.946825
   24.4594   0.101811 -0.0651562   0.175487 -0.346099 0.0122053  0.948534
   24.4636   0.103941 -0.0518404   0.181346 -0.340117 0.0136702  0.942308
   24.4694   0.106072 -0.0385246   0.187205 -0.334136  0.015135  0.936082
   24.4737   0.108735 -0.0193499   0.199988 -0.325713  0.011595  0.932298
   24.4795  0.111398 0.0110102  0.218097 -0.318389 0.0106184  0.929124
   24.4838  0.116724 0.0296523  0.225554 -0.323149  0.020384  0.934984
   24.4894  0.122051 0.0371092  0.227685 -0.326811 0.0275862  0.940233
   24.4937  0.111931 0.0530881  0.235674 -0.331328 0.0404036  0.936815
   24.4994 0.0954191 0.0775892  0.242598 -0.335112 0.0545637  0.928636
   24.5038 0.0879622 0.0935682  0.238337 -0.331572 0.0549299  0.921434
   24.5094 0.0879622  0.106884  0.227685 -0.327178 0.0528547  0.916673
   24.5137 0.081038 0.120732 0.217565 -0.326445  0.049803  0.915086
   24.5194 0.0655917  0.134581  0.206912  -0.33145 0.0494368  0.918748
   24.5238 0.0474822  0.146299  0.193596 -0.339141 0.0524885  0.923509
   24.5294 0.0341664  0.155354  0.179215 -0.342681 0.0539534   0.92534
   24.5336 0.0261769  0.163343  0.166432 -0.338286 0.0521223   0.91826
   24.5394 0.0229811  0.172398  0.158975 -0.330718 0.0466292   0.90825
   24.5441 0.0208506  0.182518  0.155779 -0.329131 0.0413801  0.905565
   24.5493 0.0181874  0.189975  0.155247 -0.335234 0.0421126  0.910081
   24.5538 0.0139264  0.191573  0.155779 -0.347807 0.0479719  0.918382
   24.5594 -0.000454709     0.190507     0.159508 -0.360381 0.0561506  0.925462
   24.5636 -0.0169663   0.188377   0.162171 -0.367461 0.0628645   0.92534
   24.5694 -0.0260211   0.181452    0.16004 -0.367461 0.0640852  0.917284
   24.5737 -0.0286842   0.171332   0.154181 -0.362944 0.0615217  0.907518
   24.5795 -0.0345432   0.162278   0.148855 -0.359282 0.0582258  0.902635
   24.5839 -0.0425327   0.152158   0.141398 -0.359038 0.0552962    0.9041
   24.5893 -0.0515874    0.14257   0.133409 -0.363066 0.0541975  0.909837
   24.5937 -0.0601095   0.132983   0.124887  -0.36685 0.0527327  0.915086
   24.5994 -0.06224 0.124993 0.113701  -0.36624 0.0484602  0.914964
   24.6038 -0.0585116   0.119667   0.103581 -0.360991  0.041136   0.91118
   24.6094 -0.0499895   0.115939  0.0961245 -0.354155 0.0314924   0.90825
   24.6137 -0.0366737   0.113808  0.0876024 -0.350615 0.0239241  0.911424
   24.6194 -0.0222926    0.11221  0.0796129 -0.356352 0.0200178  0.921068
   24.6237 -0.00631366    0.109015   0.0716234  -0.36685 0.0198958  0.933031
   24.6294  0.014459  0.103688 0.0593728 -0.374907 0.0197737  0.938768
   24.6338 0.0368295  0.100492  0.051916 -0.377349 0.0145247  0.933275
   24.6394 0.0623959 0.0999598 0.0535139 -0.373198 0.0053694  0.922288
   24.6436 0.0959517 0.0983619 0.0567097    -0.36624 -0.00500658    0.915452
   24.6494  0.139095 0.0941008 0.0561771 -0.362212 -0.010866  0.917284
   24.6536  0.173716 0.0903724 0.0609707   -0.362578 -0.00793627    0.925584
   24.6594  0.201946 0.0871766 0.0673623   -0.368437 -1.6978e-06    0.931566
   24.6638  0.233903 0.0823829 0.0742865  -0.375273 0.00903151   0.932542
   24.6692  0.262133 0.0765239 0.0860045 -0.378935 0.0161116  0.926561
   24.6737  0.288232 0.0685345  0.098255 -0.378447 0.0184309  0.915819
   24.6795  0.305809 0.0562839  0.115299  -0.37564 0.0197737  0.906663
   24.6839  0.326049 0.0381744  0.127017  -0.37686 0.0258772  0.904344
   24.6893  0.346822 0.0152712  0.123289 -0.383208  0.037596  0.909471
   24.6936   0.355876 -0.0108277   0.119028 -0.392607 0.0534651  0.911424
   24.6994   0.354278 -0.0406551   0.120093 -0.398345 0.0678694  0.906908
   24.7037   0.355344 -0.0726131   0.112636 -0.397368 0.0745833  0.897142
   24.7093  0.358539 -0.104571 0.0966571 -0.391509 0.0744612  0.887132
   24.7136  0.355876 -0.135996 0.0801455 -0.386992 0.0707991  0.882127
   24.7194  0.356942 -0.167422 0.0588402 -0.388335 0.0710432  0.883348
   24.7237   0.35268 -0.195119 0.0354044 -0.396025 0.0788557  0.888963
   24.7294   0.34043  -0.21962 0.0188928 -0.404936 0.0895979  0.892381
   24.7335   0.327647  -0.242523 0.00770752 -0.407378 0.0981428  0.888841
   24.7394    0.324451   -0.264361 -0.00134723 -0.398833 0.0970442  0.881029
   24.7436    0.326049    -0.28034 -0.00773882 -0.384062 0.0871565  0.873704
   24.7494    0.331908   -0.287264 -0.00986935 -0.371245 0.0769026  0.872362
   24.7538    0.343626   -0.290992 -0.00507566 -0.364043 0.0705549  0.877367
   24.7593    0.35268  -0.291525 0.00770752 -0.360991 0.0715315  0.886522
   24.7636  0.355876 -0.286199 0.0247517 -0.359038 0.0775129  0.894334
   24.7694  0.356942 -0.277144 0.0433939 -0.351836 0.0815413  0.895189
   24.7737  0.357474 -0.267024 0.0646992 -0.338408 0.0803206  0.889818
   24.7795  0.360137 -0.253708 0.0865371  -0.32437 0.0748274   0.88286
   24.7838  0.372388 -0.238262  0.102516 -0.315581 0.0720198   0.88054
   24.7894  0.375584 -0.222283  0.122223 -0.316802 0.0762922  0.883226
   24.7936  0.364931 -0.208967  0.144061 -0.325224 0.0865462  0.887743
   24.7994  0.355344 -0.200445  0.157377 -0.336333  0.101317  0.889696
   24.8037  0.345756 -0.197249  0.168562 -0.344145  0.114256  0.885057
   24.8094  0.329777 -0.197249   0.18028 -0.345976  0.122679  0.875658
   24.8137    0.3122 -0.199912  0.187205 -0.344512  0.129637  0.868822
   24.8194  0.293558 -0.207369   0.18827 -0.346221  0.136351  0.866502
   24.8236  0.267992 -0.218022  0.186139 -0.35269 0.144896 0.870042
   24.8294  0.239762 -0.234001   0.17815 -0.360991  0.155394  0.876634
   24.8336  0.205674 -0.254241  0.169628 -0.362578  0.162474  0.880174
   24.8394  0.166259 -0.271818  0.158975 -0.354033  0.162962  0.877367
   24.8436  0.134834 -0.285666  0.138735 -0.338042  0.155394  0.871141
   24.8494  0.113529 -0.296319  0.113169 -0.32022 0.141844 0.867601
   24.8535 0.0874296 -0.298982 0.0950592 -0.30728 0.129759 0.871385
   24.8594 0.0639938 -0.295786 0.0801455 -0.301787   0.12097  0.879198
   24.8637 0.0490801  -0.29046 0.0641665 -0.299712  0.114012  0.885789
   24.8694 0.0357643 -0.279807  0.051916 -0.294219  0.108275  0.890428
   24.8738 0.0267095 -0.260632 0.0439265 -0.285063  0.101683  0.890062
   24.8795 0.0213832 -0.233468 0.0444591 -0.274199 0.0937483  0.887376
    24.884 0.0235137 -0.200977 0.0524486 -0.265166 0.0874006  0.887498
   24.8894  0.030438 -0.167422 0.0646992 -0.261748 0.0848372  0.890672
   24.8939 0.0416232 -0.135996 0.0774823  -0.2648 0.086302 0.896532
   24.8993 0.0485475 -0.105104 0.0939939 -0.270415 0.0905745  0.902635
   24.9037  0.0496127 -0.0731457   0.114234 -0.273345 0.0955794  0.904954
   24.9095  0.0517433 -0.0417204   0.133409 -0.272124 0.0975325  0.900926
   24.9138  0.0597327 -0.0134909   0.149388  -0.26956 0.0955794  0.892747
   24.9193  0.076777 0.0104775  0.157377 -0.267607 0.0950911  0.889207
   24.9236 0.0863643 0.0317828  0.163236 -0.271391  0.098509  0.892137
   24.9295 0.0778422  0.050425  0.170693 -0.27957 0.104735 0.896898
    24.934 0.0597327 0.0626755  0.174421 -0.285918  0.112181  0.897996
   24.9395  0.050678 0.0674692  0.167497 -0.284453  0.115721  0.893236
   24.9435  0.044819 0.0711976  0.150986 -0.274809  0.112791   0.88408
   24.9495 0.0352317  0.074926  0.131278 -0.263213  0.104124  0.876634
   24.9536 0.0251116 0.0786545  0.110506 -0.254057 0.0936262  0.875291
   24.9595 0.0155243 0.0839808 0.0870697  -0.25064 0.0878889   0.87993
   24.9638 0.00487161  0.0903724  0.0636339 -0.253203 0.0869124  0.885667
   24.9693 -0.0153684   0.101025  0.0503181 -0.255766 0.0874006   0.88701
   24.9737 -0.0286842   0.113808  0.0386002 -0.25418 0.084593 0.882371
   24.9795 -0.0244232   0.129255  0.0226212 -0.248198 0.0742171  0.872606
   24.9838   -0.01164   0.151092 0.00504436  -0.24063 0.0605452  0.863695
   24.9893 -0.000987342     0.179322  -0.00401039 -0.237456 0.0499251  0.858934
   24.9936   0.0107306    0.210215 -0.00401039 -0.239531 0.0450422  0.857469
   24.9995   0.0267095     0.24164 -0.00720619 -0.247344 0.0458967  0.856004
   25.0037   0.040558   0.272533 -0.0109346  -0.25479 0.0489485  0.850877
   25.0094   0.0565369    0.302893 -0.00933672 -0.256987 0.0517561  0.839891
   25.0137   0.0783749    0.333253 -0.00560829 -0.255766 0.0537092  0.826829
   25.0194    0.100745    0.365211 -0.00134723 -0.255278 0.0579817  0.816453
   25.0236   0.118855   0.397169 0.00664225 -0.258452 0.0682356  0.811082
   25.0295  0.128975  0.425398 0.0178275 -0.266875 0.0826399  0.808153
   25.0339  0.133236  0.450432 0.0295454 -0.277373 0.0970442  0.803026
   25.0395  0.131638  0.471737 0.0391328 -0.285796  0.106077   0.79326
   25.0439  0.120985  0.489847 0.0503181 -0.287139  0.106444  0.778734
   25.0494  0.113529   0.50476 0.0551118 -0.282744  0.102049   0.76262
   25.0537  0.115126  0.514348 0.0503181 -0.281523   0.10034  0.752855
   25.0593  0.116192  0.519141 0.0444591 -0.286284   0.10449  0.746263
   25.0636  0.105006  0.521805 0.0412633 -0.295683   0.11682  0.742113
   25.0695 0.0890275  0.519141  0.031676 -0.307402  0.129881  0.740282
   25.0737 0.0671896   0.51275 0.0172949 -0.313994  0.136961  0.735399
   25.0795  0.0378948   0.507956 -0.0008146 -0.313017  0.138426  0.728197
   25.0839  0.0155243   0.502097 -0.0285115 -0.311431  0.133543  0.718431
   25.0894 -0.0121726   0.495173 -0.0524799 -0.312285  0.128416  0.711229
   25.0937 -0.0356084    0.48452 -0.0823073 -0.319243  0.129515  0.709032
   25.0995 -0.047859  0.470139 -0.121722 -0.330596  0.136839  0.709154
   25.1037 -0.0670337   0.455225   -0.15368 -0.343901  0.148314  0.708421
   25.1094 -0.0968611   0.437116  -0.176583 -0.352202  0.157835  0.704027
   25.1137 -0.129352  0.416876 -0.200552 -0.353301  0.161741   0.69536
   25.1195 -0.150124  0.395038 -0.229846 -0.355742  0.160277  0.694749
   25.1238 -0.171962  0.374265 -0.251684 -0.362944  0.156248  0.703538
   25.1293 -0.198061  0.354558 -0.264468 -0.371123  0.155028  0.709032
   25.1336 -0.217769  0.333253 -0.276185 -0.383818  0.158446  0.711839
   25.1395 -0.238009   0.31248 -0.282577 -0.397612  0.163817  0.717088
   25.1441 -0.256118   0.29224 -0.285773 -0.403472   0.16638   0.72014
   25.1486 -0.263042  0.269869 -0.294828 -0.402739  0.163573   0.72014
   25.1539 -0.270499  0.246966 -0.302284 -0.400176  0.157713  0.722093
   25.1595 -0.282217  0.225661  -0.30335 -0.401763  0.154783  0.731004
   25.1637 -0.289674  0.202225  -0.30335 -0.410185  0.156248  0.746019
   25.1695 -0.299261  0.172398 -0.301219 -0.423125  0.161009  0.761888
   25.1737 -0.314708  0.138842 -0.299089 -0.432524  0.164793  0.776414
   25.1795 -0.330687  0.105286 -0.300154 -0.43228 0.161986 0.784959
   25.1839 -0.341872 0.0711976 -0.306013 -0.425566  0.150023  0.789476
   25.1894 -0.346666 0.0376418 -0.314535 -0.419219  0.131956  0.795457
   25.1936  -0.341339 0.00248806  -0.326786 -0.415557  0.114989  0.805833
   25.1995  -0.336546 -0.0326657  -0.337438 -0.418242   0.10449   0.82158
   25.2038  -0.336013 -0.0656889  -0.344895 -0.422515  0.098509  0.838182
   25.2095  -0.328556 -0.0976468  -0.356613 -0.422759 0.0926497  0.850145
   25.2136 -0.312045 -0.126942 -0.366733 -0.415557 0.0848372  0.857347
   25.2195 -0.290207  -0.15091 -0.369929 -0.403349  0.074095  0.860399
   25.2237 -0.267836  -0.16902 -0.365668 -0.390288 0.0628645  0.867235
   25.2294 -0.241737 -0.184466 -0.357678 -0.381499 0.0546858  0.879808
   25.2335 -0.217236 -0.196184 -0.344362 -0.377471 0.0506575  0.894945
   25.2395 -0.190072 -0.203108 -0.332644 -0.373076 0.0495588  0.912523
   25.2435 -0.163973 -0.203108  -0.32359 -0.367705 0.0469954  0.924242
   25.2493 -0.143733 -0.196716 -0.311872 -0.359648 0.0410139  0.925706
   25.2536 -0.118699 -0.187129 -0.301219 -0.349272 0.0325911  0.919115
   25.2595 -0.0835453  -0.175944  -0.292164 -0.340605 0.0227034  0.912767
   25.2639 -0.0505221  -0.162095  -0.282577 -0.339263 0.0163557  0.916307
   25.2693 -0.0233579   -0.15091  -0.272457 -0.346221 0.0161116  0.926195
   25.2737 0.00380635  -0.146116  -0.263935 -0.358916 0.0236799  0.935594
   25.2795 0.0261769 -0.142921 -0.255413 -0.369902 0.0353987  0.940599
   25.2839 0.0512106 -0.141323 -0.249021  -0.37564 0.0457747  0.937791
   25.2894 0.0794401 -0.142921 -0.243162 -0.375884 0.0554182  0.933641
   25.2937 0.0980823 -0.146649 -0.233575 -0.377104 0.0676253  0.933031
   25.2994  0.104474 -0.151975 -0.219194 -0.382475 0.0819075  0.936937
   25.3036  0.103409 -0.160497 -0.205878 -0.390776 0.0955794  0.943651
   25.3095 0.0991475 -0.172215 -0.200552 -0.398467  0.107054  0.949144
   25.3138 0.0943538 -0.186596 -0.199486 -0.400298  0.114989  0.948534
   25.3195 0.0874296 -0.200445 -0.198954 -0.396025   0.11682  0.940233
   25.3238 0.0837012  -0.21163 -0.200552 -0.386138  0.111693  0.929857
   25.3295 0.0735812 -0.218022 -0.196823 -0.373198  0.106322  0.925828
   25.3338 0.0634612 -0.222283 -0.193627 -0.366118  0.105101  0.929857
   25.3395  0.060798 -0.227076 -0.194693 -0.366118  0.109617  0.938402
   25.3435 0.0554717 -0.229207 -0.195758 -0.364775  0.113646  0.944505
   25.3495 0.0426885 -0.225479 -0.198421 -0.357329  0.109495  0.940843
   25.3537 0.0331011 -0.215891 -0.203215 -0.345976 0.0999739   0.93181
   25.3593 0.0325685 -0.203641 -0.208541 -0.339018 0.0898421  0.924364
   25.3636 0.0331011 -0.191923 -0.210139 -0.337309 0.0831282   0.92241
   25.3695  0.034699 -0.180205 -0.209606 -0.341582 0.0841047  0.924608
   25.3738 0.0341664  -0.16902 -0.210672 -0.351958 0.0905745  0.928148
   25.3795 0.0299053 -0.161563 -0.213335 -0.361357 0.0974104   0.92888
   25.3838 0.0272422 -0.156769 -0.219194 -0.364043  0.100584  0.923875
   25.3895 0.0267095 -0.150377 -0.228781   -0.3627 0.0981428  0.916185
   25.3938 0.0219158 -0.141855  -0.23464 -0.359526 0.0937483  0.910814
   25.3995 0.0165895 -0.135464 -0.235705 -0.358672 0.0927717  0.910448
   25.4037 0.0128611 -0.132268  -0.23464 -0.361846 0.0982649  0.915941
   25.4095 -0.00205261   -0.129605   -0.229314 -0.367949  0.108641   0.92241
   25.4138 -0.0228253  -0.128007  -0.225585 -0.371733  0.116698  0.924486
   25.4194 -0.0393369  -0.127474  -0.229846 -0.369048  0.117674  0.920457
   25.4237 -0.0595769  -0.125344  -0.233042 -0.363677  0.113402  0.913988
   25.4294 -0.0819474  -0.121615  -0.235173 -0.358672  0.106688  0.909837
   25.4336 -0.101122 -0.118952 -0.238369 -0.358183  0.103148  0.910936
   25.4395 -0.124558 -0.118419 -0.235705 -0.363799  0.106444  0.917284
   25.4441 -0.150657  -0.12055 -0.230379 -0.370513  0.113157  0.923997
   25.4495 -0.174625 -0.124278 -0.227716 -0.371611  0.117552  0.927049
    25.454 -0.200192 -0.124278 -0.221857 -0.365386  0.114989  0.924486
   25.4592 -0.223095 -0.118952 -0.215998 -0.353911  0.106688  0.920824
   25.4636  -0.23428 -0.113093 -0.215465 -0.343657 0.0971663  0.920946
   25.4695 -0.245998 -0.105104  -0.21227  -0.33853 0.0894758  0.928026
   25.4739  -0.26251 -0.094451 -0.209606 -0.34146 0.086302 0.937181
   25.4795  -0.279554 -0.0853963  -0.209606 -0.347685 0.0858137  0.945116
   25.4839 -0.291805 -0.078472 -0.215465 -0.350005  0.084471  0.947801
   25.4893  -0.300327 -0.0715478   -0.22452 -0.346709 0.0809309  0.942552
   25.4936  -0.308316 -0.0630257  -0.235705 -0.340727 0.0749495   0.93596
   25.4995  -0.306186 -0.0555689   -0.25275 -0.335478 0.0700667  0.935716
   25.5037  -0.309381 -0.0454488  -0.264468 -0.335356 0.0686018  0.941209
   25.5095 -0.322165 -0.032133 -0.273522 -0.340117 0.0683577   0.95012
   25.5138  -0.329621 -0.0193499  -0.287371 -0.346953 0.0666487  0.955614
   25.5195   -0.330687 -0.00709932   -0.300687 -0.349272 0.0563948  0.951341
   25.5237  -0.327491 0.00621649  -0.312937 -0.343901 0.0379622  0.943773
   25.5295 -0.318436 0.0221955 -0.327851 -0.338652 0.0222151   0.93828
   25.5337 -0.304588 0.0376418 -0.341167 -0.335845 0.0109846  0.936937
   25.5395 -0.291805 0.0509576 -0.346493  -0.339018 0.00585768   0.941331
    25.544 -0.283815 0.0637408 -0.345428  -0.350127 0.00939772   0.951707
   25.5495 -0.277956 0.0733282 -0.344895  -0.36209 0.0153792  0.960008
   25.5542  -0.27476  0.080785 -0.348091 -0.367339 0.0189192  0.960252
   25.5594 -0.268369 0.0871766  -0.35608 -0.366484 0.0172102  0.955125
   25.5636 -0.261977 0.0925029 -0.363005 -0.365386  0.009886  0.950487
   25.5694 -0.264108 0.0999598  -0.36407  -0.370391 0.00488111   0.951829
   25.5735 -0.263042  0.104221 -0.368331    -0.3804 0.00561354   0.955736
   25.5795 -0.261445  0.103156 -0.373657 -0.393706 0.0102522   0.95598
    25.584 -0.265173  0.101025 -0.375255 -0.404692 0.0161116   0.95598
   25.5894 -0.265706 0.0994271 -0.378983 -0.407744 0.0153792  0.951707
   25.5937 -0.263042 0.0999598 -0.383777  -0.403227 0.00768873   0.944993
   25.5995 -0.258781  0.103688  -0.38431   -0.397978 -0.00268724    0.942796
   25.6039 -0.251857  0.109547 -0.378983  -0.398589 -0.0107439   0.945604
   25.6095  -0.24227  0.113808 -0.373657  -0.405791 -0.0134294   0.951463
   25.6137 -0.240672  0.117537 -0.363005  -0.415923 -0.0135515   0.955858
   25.6194 -0.242802  0.121265 -0.348623  -0.422026 -0.0118425   0.956834
   25.6237 -0.235878  0.122863 -0.339569  -0.422026 -0.0141619   0.952074
   25.6294 -0.226823  0.124993 -0.331047  -0.417143 -0.0229509   0.947435
   25.6338 -0.217236  0.127124  -0.32359  -0.413481 -0.0319841   0.948045
   25.6395 -0.209779  0.129787 -0.317731  -0.416411 -0.0374773   0.951463
   25.6436 -0.205518  0.134048 -0.311872  -0.426909 -0.0373552   0.954881
   25.6495 -0.204453  0.137244 -0.304948  -0.438262 -0.0338152   0.954637
   25.6541 -0.200192  0.138842 -0.298023  -0.441435 -0.0313738   0.949632
   25.6593 -0.192202  0.141505 -0.294295   -0.43582 -0.0323503   0.943773
   25.6637 -0.184745  0.146831 -0.293762  -0.427519 -0.0373552   0.938646
   25.6695 -0.179952  0.154821 -0.292697  -0.422026 -0.0430925   0.937669
   25.6736 -0.174093  0.163876 -0.290567  -0.424956 -0.0437029    0.94304
   25.6795 -0.167701  0.171865  -0.28524  -0.436064 -0.0388201   0.949876
   25.6839 -0.170897  0.179322 -0.270327  -0.447661 -0.0316179   0.952928
   25.6894 -0.174625  0.184648 -0.253282  -0.451201 -0.0258806   0.953783
   25.6937 -0.172495  0.188377 -0.243695  -0.446318 -0.0286882   0.951341
   25.6995 -0.165571   0.19317 -0.239966   -0.43875 -0.0395525   0.947801
   25.7038 -0.165038  0.200095 -0.235173  -0.433623 -0.0512712   0.948289
   25.7095 -0.172495  0.208084 -0.226651  -0.433745 -0.0587175   0.951463
   25.7137 -0.176756  0.215541 -0.220259  -0.440215 -0.0598162    0.95244
   25.7195 -0.175158  0.220867 -0.217063  -0.446074 -0.0598162   0.949754
   25.7236 -0.172495  0.225128 -0.213335  -0.442534 -0.0605486   0.944139
   25.7295 -0.172495  0.233118 -0.207476  -0.434966 -0.0623796   0.937669
   25.7336 -0.167169   0.24164 -0.202682  -0.427153 -0.0671404   0.935838
   25.7395 -0.165571  0.250695 -0.194693  -0.424346 -0.0667742   0.939378
   25.7438 -0.168234  0.260282 -0.183507  -0.428862 -0.0574968   0.947069
   25.7494 -0.169299  0.266674  -0.17392  -0.437651 -0.0450456    0.95366
   25.7536 -0.176756  0.273065 -0.164333 -0.445098 -0.036989  0.956834
   25.7595 -0.186876  0.281587 -0.159006  -0.447173 -0.0383318   0.953905
   25.7638 -0.192202  0.289044 -0.157408  -0.443022 -0.0469988   0.945848
   25.7695 -0.192202  0.293838 -0.155811  -0.438384 -0.0579851   0.939134
   25.7738 -0.187941  0.295436 -0.159539  -0.439116 -0.0660417   0.937913
   25.7795 -0.186343  0.294903 -0.166996  -0.447051 -0.0668962   0.938646
   25.7838 -0.188474   0.29224 -0.174985  -0.459868 -0.0632341   0.941576
   25.7894 -0.189007  0.287446 -0.187769  -0.468901 -0.0598162   0.944505
   25.7937 -0.190072  0.285848 -0.200019  -0.470366 -0.0604265   0.941942
   25.7995  -0.18155  0.287446 -0.211737  -0.465605 -0.0684831   0.934373
   25.8037 -0.170897  0.289577 -0.218129  -0.459868 -0.0783708   0.928392
   25.8095 -0.155983  0.291707 -0.220259  -0.458281 -0.0856951   0.926439
   25.8138 -0.136276  0.293838  -0.22452 -0.461211 -0.088991  0.926073
   25.8193 -0.126689  0.298099 -0.222922  -0.464629 -0.0866716   0.927171
   25.8237 -0.119232  0.305023 -0.215465  -0.464629 -0.0823992   0.927415
   25.8295 -0.106449  0.311415 -0.209074  -0.459258 -0.0805681   0.926073
   25.8336 -0.094198  0.317806  -0.20215  -0.451567 -0.0823992   0.923631
   25.8395 -0.0888717     0.3226  -0.190432  -0.443999 -0.0832537    0.92534
   25.8437 -0.088339  0.324731 -0.177116  -0.442534 -0.0805681   0.932909
   25.8495 -0.0963285   0.326328  -0.164865  -0.450591 -0.0755632   0.944261
   25.8535 -0.110177  0.326328 -0.156876 -0.460845 -0.071657   0.95244
   25.8592 -0.121362  0.321002 -0.154213 -0.464751 -0.071779  0.950487
   25.8637 -0.119764  0.309817 -0.152615 -0.465239 -0.076906  0.953172
   25.8695 -0.0952633   0.305023  -0.141962  -0.472685 -0.0979021   0.961961
   25.8739 -0.0510548   0.319404  -0.121722 -0.476225 -0.113527  0.987962
   25.8795 -0.0249558   0.332187  -0.111069 -0.482085 -0.113039    1.0114
    25.884 -0.0244232   0.342307 -0.0753831 -0.491973 -0.102907   1.01604
   25.8895 -0.0238905   0.352427 -0.0396968  -0.493437 -0.0893572    1.01811
    25.894 -0.0190968   0.356156 -0.0354357  -0.494658 -0.0802019    1.00957
   25.8994 -0.0127053   0.357754 -0.0173262  -0.493682 -0.0754412   0.988084
   25.9037 -0.00151997     0.35083  0.00451172  -0.485137 -0.0833757   0.949632
   25.9095 0.00806741   0.346036  0.0125012  -0.478423 -0.0896013   0.927049
   25.9138 0.00646951   0.330057  0.0194254  -0.489897 -0.0753191   0.914598
   25.9194 0.00487161   0.314078  0.0263496  -0.501372 -0.0610369   0.902147
   25.9237 0.00327372   0.291175  0.0204907  -0.500395 -0.0545671   0.891283
   25.9295 0.00167582   0.268272  0.0146317  -0.499419 -0.0480974   0.880418
   25.9337 0.00167582   0.246966  0.0114359 -0.496489 -0.056154  0.876512
   25.9395 0.00167582   0.225661 0.00824015  -0.493559 -0.0642107   0.872606
   25.9435   0.014459   0.205954 -0.0024125  -0.500884 -0.0620134   0.880174
   25.9495  0.0272422   0.186246 -0.0130651  -0.508208 -0.0598162   0.887743
   25.9542  0.0299053   0.167604 -0.0226525  -0.507964 -0.0539568   0.889207
   25.9594  0.0325685   0.148962 -0.0322399   -0.50772 -0.0480974   0.890672
   25.9636  0.0362969   0.133516 -0.0359683  -0.496733 -0.0539568   0.881029
   25.9695  0.0400253   0.118069 -0.0396968  -0.485747 -0.0598162   0.871385
   25.9737   0.054939    0.10209 -0.0338378  -0.478057 -0.0676287   0.870286
   25.9795  0.0698527  0.0861113 -0.0279788  -0.470366 -0.0754412   0.869188
   25.9839  0.0794401  0.0695997 -0.0221199  -0.470122 -0.0755632   0.877489
   25.9893  0.0890275  0.0530881 -0.0162609  -0.469878 -0.0756853   0.885789
   25.9937   0.091158  0.0392397 -0.0151957    -0.4606 -0.0813005   0.878465
   25.9995  0.0932886  0.0253912 -0.0141304  -0.451323 -0.0869158   0.871141
   26.0038   0.100745  0.0147386 -0.0109346  -0.440703 -0.0936296   0.860399
   26.0095    0.108202  0.00408596 -0.00773882 -0.430083 -0.100343  0.849657
   26.0138     0.12791  -0.0108277 -0.00294513 -0.436797 -0.100832  0.855394
   26.0194   0.147617 -0.0257414 0.00184856 -0.443511  -0.10132  0.861131
   26.0236     0.165194   -0.0236109 -0.000814598 -0.443022 -0.102785  0.879198
   26.0294    0.182771  -0.0214804 -0.00347776 -0.442534  -0.10425  0.897264
   26.0338   0.192358  -0.017752 0.00344646  -0.432402 -0.0988787    0.90117
   26.0395   0.201946 -0.0140235  0.0103707   -0.42227 -0.0935076   0.905077
   26.0437   0.209402  -0.011893 0.00824015   -0.41519 -0.0827654    0.91118
   26.0495    0.216859 -0.00976248  0.00610962   -0.40811 -0.0720232   0.917284
   26.0535    0.191826    0.014206 -0.00880408    -0.3981 -0.0483415   0.935594
   26.0595   0.166792  0.0381744 -0.0237178  -0.388091 -0.0246599   0.953905
   26.0638   0.125779  0.0802524 -0.0327725   -0.377226 -0.00476244    0.961107
   26.0695  0.0847664    0.12233 -0.0418273 -0.366362  0.015135  0.968309
   26.0738  0.0384274   0.170267 -0.0428925  -0.362212 0.00341627   0.956712
   26.0795 -0.0180316    0.23152 -0.0439578   -0.358061 -0.00830248    0.945116
   26.0839 -0.0366737   0.253358 -0.0519473 -0.366728 -0.024782  0.920946
   26.0894 -0.0451958    0.26188 -0.0599368  -0.375395 -0.0412615   0.896776
   26.0937  -0.047859   0.260282 -0.0833726  -0.377837 -0.0510271   0.870286
   26.0994 -0.0505221   0.258684  -0.106808  -0.380278 -0.0607927   0.843797
   26.1037 -0.0292169   0.249629   -0.13344  -0.380522 -0.0555437   0.831956
   26.1095 -0.00791156    0.240575   -0.160072  -0.380766 -0.0502947   0.820116
   26.1137 -0.0100421   0.221933  -0.166463  -0.394805 -0.0281999   0.835741
   26.1195 -0.0196295   0.193703  -0.176583  -0.416899 0.00341627   0.861131
   26.1238 -0.03188 0.178257 -0.18404 -0.426299 0.0190413  0.878831
   26.1295 -0.0366737   0.172398  -0.187769 -0.427641 0.0251448  0.886766
   26.1337 -0.0441306   0.168137  -0.183507 -0.421294 0.0231917  0.885423
   26.1395  -0.05212  0.169202 -0.180312 -0.409697 0.0164778  0.888109
    26.144 -0.0563811   0.180387  -0.180312 -0.408232 0.0102522  0.895189
   26.1495 -0.0627727   0.191573   -0.17392  -0.415068 0.00549147    0.89763
   26.1537 -0.0627727   0.202758  -0.164333    -0.41751 0.000242443    0.895555
   26.1595 -0.0585116   0.219269   -0.15155  -0.412871 -0.0032976   0.889207
   26.1637 -0.0499895   0.242173  -0.135571   -0.404936 -0.00695971    0.876268
   26.1695 -0.0430653   0.254423  -0.128114   -0.40103 -0.0090349   0.868211
   26.1736 -0.0334779   0.274663  -0.105743  -0.389678 -0.0169695   0.854173
   26.1795 -0.0196295   0.307154 -0.0817747  -0.374785 -0.0284441   0.840013
   26.1839 -0.0180316   0.324731 -0.0748505 -0.377837 -0.030031  0.834154
   26.1895 -0.0292168   0.335916 -0.0679263  -0.386504 -0.0299089   0.819993
   26.1938 -0.0414674   0.347101 -0.0716547  -0.388823 -0.0319841   0.802049
   26.1994 -0.0558485   0.365743 -0.0785789  -0.387602 -0.0319841    0.78264
   26.2036 -0.0787516   0.387049 -0.0780463  -0.394316 -0.0312517   0.783617
   26.2095  -0.125623   0.396103 -0.0796442  -0.420928 -0.0255144   0.814622
   26.2138 -0.187409  0.395571 -0.116396   -0.457305 -0.00293139    0.872606
   26.2194 -0.252922  0.383853 -0.188834 -0.505522  0.036009  0.940111
   26.2237  -0.33548  0.351895 -0.255413 -0.572173 0.0789778   1.00139
   26.2295 -0.421234  0.305023 -0.299089 -0.624419  0.114622   1.05168
   26.2337 -0.477161   0.25389 -0.329449 -0.632598  0.126951   1.06999
   26.2394 -0.486748  0.206486  -0.34596 -0.613432  0.107786   1.05705
   26.2435 -0.477161  0.168669 -0.340101 -0.572173 0.0629866   1.02544
   26.2495 -0.455323  0.138309 -0.326786 -0.522368 0.0104963  0.994188
   26.2542  -0.42656  0.118069 -0.307611  -0.494658 -0.0411394   0.960985
   26.2589 -0.400462  0.112743 -0.270859  -0.474883 -0.0871599     0.9218
   26.2639 -0.370634  0.118602 -0.223988 -0.452788 -0.125368  0.885789
   26.2695 -0.340807  0.126591 -0.176051 -0.439238 -0.160402  0.854906
   26.2737 -0.307251  0.130852 -0.132907 -0.433379 -0.192995  0.835374
   26.2795  -0.268901    0.13032 -0.0988189 -0.431548 -0.219118   0.83391
    26.284  -0.230552   0.126059 -0.0732526 -0.439238 -0.237062  0.837694
   26.2893 -0.200192   0.12233 -0.056741 -0.45706 -0.24341 0.840745
   26.2938  -0.177821   0.121265 -0.0503494 -0.479155 -0.232424  0.848192
   26.2994    -0.1432   0.126059 -0.0514147 -0.493559   -0.2157  0.863573
   26.3037 -0.0995243   0.137244 -0.0578062 -0.510161 -0.198366  0.883958
   26.3095 -0.0707622   0.146831 -0.0620673 -0.537749 -0.180422  0.905321
   26.3138 -0.0425327   0.147364 -0.0546105 -0.602568 -0.174928  0.991136
   26.3195 -0.00205261    0.133516   -0.030642 -0.684844  -0.19446   1.07927
   26.3238   0.0203179    0.111145 0.000250665 -0.685332 -0.200441     1.028
   26.3295 0.0373622 0.0845134  0.021556 -0.601592 -0.172121  0.890428
   26.3338 0.0725159 0.0568166 0.0396655 -0.539214 -0.149904  0.797655
   26.3392  0.106604  0.034446 0.0567097 -0.525664 -0.146608    0.7791
   26.3437  0.125779 0.0152712 0.0577749 -0.513701 -0.135988   0.79265
   26.3495    0.133236 -0.00443616   0.0439265 -0.507842 -0.102052  0.802904
   26.3536   0.126312 -0.0241435  0.0364697  -0.513213 -0.0670183   0.804124
   26.3593   0.106604 -0.0427857  0.0348718 -0.516875 -0.047365  0.811449
   26.3636  0.0890275 -0.0592973  0.0274149  -0.514189 -0.0418718   0.820116
   26.3695  0.0757117 -0.0704826  0.0130338  -0.503569 -0.0467546   0.828538
   26.3739   0.0613306   -0.074211 -0.00827145  -0.488555 -0.0606706    0.83745
   26.3795   0.050678 -0.0704826 -0.0343704   -0.47415 -0.0845964   0.842821
   26.3839   0.044819 -0.0603625 -0.0641978 -0.463774 -0.107057   0.84929
   26.3894  0.0416232 -0.0443836 -0.0918947 -0.461699 -0.117311  0.855272
   26.3938  0.0368295 -0.0257414  -0.116396 -0.461211 -0.116945  0.862352
   26.3995   0.0229811 -0.00496879   -0.133973 -0.461455 -0.115968  0.866136
   26.4038 0.0133937 0.0216628 -0.144093 -0.458403 -0.118776  0.867113
   26.4094 0.0096653 0.0498923 -0.148354 -0.454863 -0.124269  0.867235
   26.4137 0.0107306 0.0711976 -0.146756 -0.458891 -0.134401  0.868455
   26.4195 0.0224485 0.0871766 -0.144093 -0.467192 -0.142702  0.874193
   26.4238 0.0384274 0.0978292 -0.138766 -0.485625 -0.138552  0.879198
   26.4295 0.0469496  0.101558 -0.129179 -0.510649 -0.122194  0.884813
   26.4337 0.0560043 0.0962313 -0.119059 -0.537627 -0.103517  0.893358
   26.4395  0.070918 0.0823829 -0.110537  -0.557158 -0.0941179   0.893114
   26.4437 0.0805054 0.0664039 -0.106276  -0.554228 -0.0917986   0.874315
   26.4494 0.0895601 0.0488271 -0.104145  -0.542632 -0.0875261   0.853075
   26.4535  0.097017 0.0296523 -0.102547  -0.541899 -0.0815447   0.843797
   26.4594 0.0959517 0.0136733 -0.105743  -0.548979 -0.0764177   0.840868
   26.4636  0.091158 -0.001773 -0.114798  -0.552886 -0.0720232   0.837327
   26.4695 0.0783749 -0.017752 -0.122255  -0.545806 -0.0764177   0.829149
   26.4737  0.0687875 -0.0300025   -0.13131  -0.530791 -0.0916765    0.81804
   26.4795  0.0757117 -0.0374594  -0.143027 -0.514311 -0.110231  0.805589
   26.4839 0.0906254 -0.037992  -0.15155 -0.493559 -0.120363  0.805101
   26.4895  0.0975496 -0.0326657  -0.153147 -0.491973 -0.123293  0.807786
   26.4937  0.0890275 -0.0257414  -0.145158 -0.497344 -0.124391  0.819383
   26.4995  0.0895601 -0.0172193   -0.14356 -0.495513 -0.120851  0.838426
   26.5039   0.0927559 -0.00283826   -0.148354 -0.494414 -0.121095  0.835863
   26.5095 0.0900928 0.0152712 -0.150484 -0.482817 -0.125246  0.831956
   26.5136 0.0932886 0.0307176 -0.150484 -0.475005  -0.12903  0.836595
   26.5195 0.0943538 0.0424355 -0.152615 -0.479033 -0.125856  0.852098
   26.5238 0.0943538 0.0493597 -0.160072 -0.494414 -0.113649  0.877244
   26.5295 0.0954191 0.0482944 -0.167528  -0.512236 -0.0998552   0.896165
   26.5337  0.097017 0.0413702 -0.169659 -0.524565 -0.087404  0.908861
   26.5395  0.105539 0.0307176 -0.158474  -0.531523 -0.0775163   0.913011
   26.5438  0.122583 0.0152712 -0.145158  -0.522368 -0.0740984   0.907274
   26.5495    0.139095 -0.00337089   -0.138234  -0.506133 -0.0772722   0.901903
   26.5536   0.155607 -0.0257414  -0.125983  -0.499785 -0.0823992   0.906908
   26.5595   0.179042 -0.0491773  -0.110537   -0.50186 -0.0827654   0.919237
   26.5641   0.197152 -0.0699499 -0.0945579  -0.508574 -0.0788591   0.927293
   26.5692      0.211 -0.0907226 -0.0812421  -0.507475 -0.0775163   0.930955
   26.5737   0.228045  -0.109897 -0.0759157  -0.499053 -0.0825212    0.92888
   26.5795   0.242958  -0.122681 -0.0689915  -0.484648 -0.0949724   0.921434
    26.584   0.262666  -0.128007 -0.0673936     -0.47 -0.110231  0.918626
   26.5893   0.282906  -0.129072 -0.0791115 -0.465483 -0.119631  0.922777
   26.5938   0.289297  -0.129072 -0.0913621 -0.467803 -0.119142   0.92473
   26.5995  0.292493 -0.128007 -0.105211 -0.476958 -0.114382  0.924364
   26.6039  0.293558 -0.124278 -0.123853 -0.487456 -0.110231  0.918626
   26.6095  0.284504 -0.118952 -0.145691 -0.493071  -0.10547  0.906908
   26.6138  0.279177 -0.118419 -0.166463 -0.497222 -0.104372  0.894823
   26.6193  0.280242 -0.122148 -0.186703 -0.499419 -0.107302  0.884202
   26.6237  0.281308 -0.125344 -0.209606 -0.499053 -0.107179   0.86992
   26.6295  0.280775 -0.128007 -0.223988 -0.496855 -0.102419  0.849046
   26.6338  0.286101 -0.129072 -0.227716  -0.491606 -0.0928972   0.824022
   26.6394  0.293026 -0.124278 -0.223455   -0.48123 -0.0834978     0.7968
   26.6437  0.295689 -0.115756 -0.213868  -0.465605 -0.0766619   0.774461
   26.6495  0.300483 -0.109365 -0.203215 -0.448516 -0.073488   0.76201
   26.6541  0.297287 -0.100843  -0.19203  -0.433623 -0.0737322   0.759691
   26.6595   0.284504 -0.0891247  -0.182975  -0.42581 -0.073488  0.762743
    26.664   0.274384 -0.0747436  -0.180312  -0.423369 -0.0694597   0.766649
   26.6694   0.264796 -0.0523731  -0.180844  -0.421294 -0.0638445   0.765672
   26.6737    0.25148 -0.0193499  -0.180312  -0.408354 -0.0614031   0.753709
   26.6795  0.244024 0.0237934 -0.177116  -0.383452 -0.0621355   0.729784
   26.6838  0.241893 0.0791871 -0.166996  -0.356474 -0.0599382   0.701952
   26.6895  0.241893  0.144701 -0.145158  -0.329131 -0.0477312   0.674608
   26.6938  0.240295  0.209682 -0.116396  -0.300932 -0.0310076   0.644334
   26.6994   0.236034   0.287979 -0.0876337  -0.251006 -0.0209978   0.555101
   26.7037   0.267459   0.396103 -0.0796442  -0.168242 -0.0118425    0.48491
   26.7095   0.290895   0.485585 -0.0886989  -0.154082 -0.0235613   0.461595
   26.7138   0.220055   0.543642 -0.0604694  -0.201811 -0.0207537    0.50847
   26.7195    0.14016   0.600634 -0.0636652   -0.189482 -0.00171068    0.590501
   26.7236 0.0922233  0.650701 -0.139832 -0.197661  0.011595  0.623338
   26.7295 -0.0228253   0.682127  -0.213335 -0.307402 0.0512678  0.763475
   26.7338 -0.194865  0.672539 -0.310274 -0.616484  0.150389    1.3134
   26.7395 -0.133613  0.592645  -0.32572 -1.33218 0.202269  2.34917
   26.7436 -0.0483916   0.448834  -0.148354 -1.71524 0.136473  2.61955
   26.7495  -0.174625   0.276794 0.00238119  -1.15555 0.0891096   1.68804
   26.7539   -0.2444 0.0765239 0.0306107 -0.505278 0.0511458  0.684618
   26.7595  -0.235346 -0.0561015    0.14779  -0.300688 -0.0324724   0.336107
   26.7636 -0.0931327  -0.017752   0.243664  -0.22354 -0.118898  0.481981
   26.7695 0.0757117  0.112743 0.0689602 -0.140776 -0.165773  0.551805
   26.7739  0.110865   0.21128 -0.210139  -0.167388 -0.0860613   0.561815
   26.7795 0.0639938  0.241107 -0.368331 -0.227324 0.0325911  0.570726
   26.7838 0.0267095   0.25389 -0.418398 -0.415801 0.0789778   0.78679
   26.7895 0.0634612   0.26188 -0.376853  -0.76956 0.0546858   1.17119
   26.7938 0.0458843  0.226194 -0.230379  -0.927031 -0.0242937    1.23638
   26.7995 -0.0153684   0.155886  -0.115863  -0.770171 -0.0631121   0.989061
   26.8038 -0.0313474  0.0791871 -0.0956231  -0.568633 -0.0916765   0.687303
   26.8095 -0.0340105 0.00674912 -0.0620673 -0.501128 -0.135134  0.557786
   26.8137 -0.00258524  -0.0225457 -0.00933671 -0.492705 -0.193117  0.623827
   26.8195  0.0948865  0.0227281 -0.0242504 -0.521269 -0.237917  0.758104
   26.8236  0.195554 0.0914376 -0.040762 -0.589507 -0.213869  0.825609
   26.8295  0.193956  0.129255 0.0274149 -0.607695 -0.161257  0.815843
   26.8338  0.163063  0.146831 0.0812108 -0.574858  -0.12964  0.806566
   26.8395    0.1604  0.166006 0.0870697 -0.563994 -0.119875  0.770067
   26.8438 0.149748 0.181452  0.10944 -0.564726 -0.123049   0.75139
   26.8494 0.164661 0.176126 0.123289 -0.553374 -0.131227  0.771287
   26.8536 0.209402 0.155886 0.109973 -0.554228 -0.118776  0.781663
   26.8595 0.242426  0.13032 0.105712  -0.576689 -0.0836199   0.803636
   26.8635 0.234969  0.10209  0.12968  -0.597075 -0.0429704   0.847826
   26.8695  0.209935 0.0823829  0.154714   -0.587676 -0.00720385    0.866502
   26.8736  0.191826 0.0754587  0.166965 -0.565459 0.0250227  0.852708
   26.8795  0.165727 0.0775892  0.181878 -0.551177 0.0538313  0.844041
   26.8841  0.139095 0.0877092  0.193596 -0.536162 0.0734846  0.840623
   26.8895 0.116724 0.101558 0.199988 -0.522734 0.0874006  0.835008
   26.8941 0.0906254  0.113808  0.213304 -0.513335 0.0908186  0.835741
   26.8993 0.0655917  0.125526  0.231946  -0.50418 0.0836165  0.835374
   26.9039 0.0490801  0.138309  0.256447 -0.489897 0.0712874  0.824266
   26.9094 0.0474822  0.151625  0.283078 -0.476592 0.0535872  0.817918
   26.9137 0.0538738  0.168137  0.308645 -0.468901 0.0321028  0.820726
   26.9195 0.0677222  0.187844  0.339005 -0.451323 0.0045149   0.82036
   26.9238 0.0954191  0.209149  0.369365   -0.43167 -0.0289324   0.814744
   26.9294 0.123116 0.244303 0.394931  -0.407378 -0.0700701   0.801683
   26.9337  0.17052 0.309284 0.403453 -0.381133 -0.110719   0.76909
   26.9395 0.278112  0.38332 0.415171  -0.39102 -0.140138  0.782762
   26.9438 0.361735 0.414745  0.48974 -0.485503 -0.174806  0.869798
   26.9495 0.345756  0.40356 0.607451 -0.588652 -0.207155   1.00408
   26.9536 0.348952 0.391842 0.663378 -0.618437 -0.231447   1.10649
   26.9595 0.382508 0.386516 0.666574 -0.627837 -0.255617   1.07939
   26.9635  0.35268 0.376929 0.672965 -0.640044 -0.254518   1.02214
   26.9695 0.277579 0.351895  0.62343 -0.672637 -0.192751   1.00127
   26.9738 0.184901 0.314078 0.526491  -0.708037 -0.0869158    0.95012
   26.9796 0.132171 0.287446 0.455651   -0.704131 0.000730723    0.897386
    26.984 0.147084 0.271467  0.39866  -0.67105 0.0456526  0.839647
   26.9895 0.174249 0.250162 0.326754 -0.624541  0.077635  0.758836
   26.9936 0.169988 0.224596 0.263904 -0.575835  0.114989  0.700975
   26.9995 0.153476 0.189442 0.198922 -0.537016  0.150023  0.685228
   27.0038 0.139095 0.138309 0.110506 -0.533843  0.186278  0.693529
   27.0095 0.0900928 0.0861113 0.0380676 -0.557402  0.215819    0.6895
   27.0138  0.0165895  0.0413702 -0.0119999 -0.57852 0.228636  0.68889
   27.0195   -0.0542506 -0.000707733   -0.0588715 -0.599761  0.223875  0.699632
   27.0238  -0.117101 -0.0427857 -0.0977537 -0.61563 0.194945 0.711351
   27.0295   -0.17356 -0.0811352  -0.126516 -0.619902  0.155028  0.728441
   27.0337  -0.21191 -0.115756 -0.154745 -0.612944  0.115477  0.754198
   27.0395 -0.230552 -0.147182 -0.185638 -0.597075 0.0770247  0.783128
   27.0438 -0.245466 -0.168487 -0.211204 -0.574248 0.0429671  0.802049
   27.0495 -0.256651 -0.175411 -0.225053  -0.547637 0.00756666   0.808153
   27.0538 -0.251857  -0.16902 -0.225585  -0.537261 -0.0292986   0.856493
   27.0595 -0.212975 -0.154106 -0.226651  -0.569731 -0.0941179   0.959154
   27.0636 -0.170897 -0.134931 -0.215465 -0.606963  -0.16736   1.00127
   27.0694 -0.139472  -0.11256 -0.176583 -0.581816 -0.207155   0.93596
   27.0736 -0.0691643 -0.0912552  -0.143027 -0.513579 -0.227541  0.842454
   27.0796 0.00700214 -0.0699499  -0.112667 -0.473052 -0.221437  0.805955
   27.0838   0.060798  -0.048112 -0.0695242 -0.465972 -0.207033  0.825487
   27.0895   0.101811 -0.0273393 -0.0173262 -0.475493    -0.198  0.861009
   27.0938  0.113529 0.0014228 0.0444591 -0.494048 -0.165529  0.898485
   27.0994  0.124714  0.034446 0.0902655 -0.503935  -0.11487  0.898729
   27.1037  0.135899 0.0616102  0.115299  -0.512602 -0.0654314   0.863451
   27.1095   0.12791 0.0781218  0.135539  -0.532744 -0.0231951   0.841844
   27.1138  0.114594 0.0834482  0.141931 -0.559355 0.0114729  0.848314
   27.1194  0.107137 0.0818503  0.132343 -0.576811 0.0388167  0.860521
   27.1237  0.102876 0.0759913   0.11743 -0.584014 0.0549299  0.856126
   27.1295  0.086897 0.0680018  0.101983 -0.571684 0.0590803  0.829271
   27.1338 0.0634612 0.0578818 0.0860045  -0.54666 0.0588362   0.78911
   27.1395 0.0485475  0.044566 0.0599055 -0.532378  0.063719  0.762987
   27.1438 0.0325685 0.0317828  0.025817 -0.537871 0.0782454  0.763475
   27.1495  0.00806741   0.0179344 -0.00401039 -0.555937 0.0950911  0.771165
   27.1538 -0.0265537 0.00302069 -0.0269136 -0.566924  0.103392  0.775316
   27.1595 -0.0617074 -0.0108277 -0.0460883 -0.563628 0.0950911  0.775316
   27.1641 -0.0867411 -0.0236109 -0.0631326 -0.553618  0.075926    0.7791
   27.1695  -0.106981 -0.0337309 -0.0791115 -0.550932 0.0546858  0.795579
   27.1738  -0.125623 -0.0406551 -0.0940252 -0.552397 0.0347883  0.820726
   27.1796  -0.134678 -0.0433183  -0.106276 -0.558867 0.0197737   0.85283
    27.184 -0.132015 -0.042253   -0.1132   -0.576445 -0.00854662    0.886034
   27.1894  -0.128819 -0.0369267  -0.108939  -0.577422 -0.0507829   0.887987
   27.1938  -0.119232 -0.0284046   -0.09296  -0.546416 -0.0894792   0.851854
   27.1995 -0.0862085 -0.0188172 -0.0759157 -0.515776 -0.122072  0.822801
   27.2038  -0.0473263 -0.00709932   -0.056741 -0.513701 -0.140749  0.831956
   27.2094  -0.015901 0.00568385 -0.0317073 -0.530058 -0.141237  0.860033
   27.2138   0.0107306   0.0174018 -0.00560829 -0.543974 -0.128176  0.871751
   27.2195 0.0299053 0.0280544 0.0204907 -0.544707 -0.109133  0.856248
   27.2238 0.0501454 0.0365765 0.0433939  -0.537871 -0.0911882    0.83098
   27.2294 0.0650591 0.0419028 0.0625686  -0.539702 -0.0721453   0.821825
   27.2337 0.0799728 0.0424355 0.0700255  -0.552886 -0.0494402   0.832201
   27.2395 0.0916907 0.0392397 0.0673623  -0.569365 -0.0223406   0.841112
   27.2437 0.0842338 0.0328481 0.0652318 -0.580962 0.0129378  0.839036
   27.2495 0.0661243 0.0232607 0.0615034 -0.585967 0.0439436  0.831468
    27.254  0.0517433 0.00994491  0.0471223 -0.583525 0.0559065  0.821825
   27.2595   0.0394927 -0.00550142   0.0290128 -0.567412 0.0529768  0.801439
   27.2638  0.0283074 -0.0166867  0.0114359 -0.540801 0.0443098  0.777757
   27.2695   0.0171222  -0.0230783 -0.00773882 -0.527129 0.0417463  0.772874
   27.2738 -0.00205261  -0.0284046  -0.0231852 -0.534575 0.0491926  0.789232
   27.2796 -0.0238905 -0.0337309 -0.0370336  -0.54727 0.0571272  0.810838
   27.2839 -0.0473263 -0.0369267 -0.0492841 -0.551665 0.0570051  0.823656
   27.2895 -0.0750232 -0.0353288 -0.0562084 -0.545195 0.0440657  0.826707
   27.2937 -0.0904696 -0.0305351 -0.0615347 -0.541167 0.0178206  0.837083
   27.2995 -0.0835453 -0.0257414 -0.0689915  -0.543974 -0.0156267   0.856126
   27.3038 -0.0718274 -0.0188172 -0.0705894  -0.541045 -0.0459001   0.861375
   27.3094  -0.0643706 -0.00816458  -0.0620673  -0.532378 -0.0659197    0.85161
   27.3137 -0.0531853 0.00302069 -0.0487515  -0.528472 -0.0777605   0.844408
   27.3195  -0.037739  0.0131407 -0.0343704  -0.531401 -0.0836199   0.845506
   27.3239 -0.0212274  0.0227281 -0.0194567  -0.535307 -0.0834978   0.844652
   27.3294 -0.00258524   0.0307176 -0.00401039   -0.53665 -0.0814226    0.83745
   27.3338 0.0171222 0.0365765 0.0103707  -0.539946 -0.0772722   0.832323
   27.3395 0.0309706 0.0413702  0.025817   -0.55081 -0.0656755   0.835374
   27.3436  0.034699 0.0419028 0.0370023  -0.565825 -0.0489519   0.838548
   27.3495 0.0394927 0.0355113 0.0391328  -0.576567 -0.0313738   0.835252
   27.3536 0.0469496 0.0259239  0.035937  -0.579131 -0.0130632   0.824998
   27.3595 0.0453517 0.0168691 0.0322086  -0.573149 0.00646803   0.811693
   27.3642  0.0352317 0.00941228  0.0290128 -0.564726 0.0227034  0.803148
   27.3691   0.0256443 0.000357533   0.0199581 -0.558867   0.03076   0.80388
   27.3739   0.0165895 -0.00976248  0.00664225 -0.555205 0.0339338  0.807909
   27.3796  0.00593688  -0.0204151 -0.00773882  -0.55667 0.0366194  0.810106
   27.3839 -0.00897682  -0.0305351  -0.0221199 -0.559477  0.037596  0.813646
   27.3895 -0.0254884 -0.0358615 -0.0343704 -0.556548 0.0332014  0.819383
   27.3938  -0.037739  -0.037992 -0.0418273 -0.549223 0.0217268   0.82451
   27.3995 -0.0404021 -0.0374594 -0.0460883   -0.54019 0.00256178   0.829881
   27.4038 -0.0430653 -0.0305351 -0.0444904  -0.531401 -0.0185564   0.835618
   27.4095 -0.0435979 -0.0204151 -0.0418273  -0.527739 -0.0356462   0.839647
   27.4136 -0.0340105  -0.011893  -0.040762  -0.530913 -0.0452898    0.84514
   27.4195  -0.0260211 -0.00443616  -0.0359683   -0.53665 -0.0496843   0.850023
   27.4238 -0.0222926 0.00355333 -0.0258483  -0.539702 -0.0546892   0.850023
   27.4295 -0.0201621   0.014206  -0.010402  -0.536772 -0.0596941   0.843675
   27.4338 -0.00578103   0.0232607 0.000250664  -0.532012 -0.0618913   0.834398
   27.4395  0.0123285  0.0301849 0.00770752 -0.533965 -0.057863   0.83159
   27.4438 0.0229811  0.034446 0.0146317  -0.545073 -0.0452898   0.836595
   27.4494 0.0267095  0.034446 0.0188928  -0.558623 -0.0294206    0.83867
   27.4536 0.0251116 0.0312502 0.0204907  -0.567046 -0.0152605   0.832078
   27.4595 0.0224485 0.0259239 0.0178275   -0.568266 -0.00280931    0.820848
   27.4642 0.0197853 0.0195323 0.0146317  -0.563139 0.00610182    0.81096
   27.4687  0.0192527  0.0115428 0.00983805 -0.558745  0.011595  0.807542
   27.4738  0.0133937 0.00408596 0.00291383 -0.557402  0.015013   0.80974
   27.4796  0.00274109 -0.00283826 -0.00614092 -0.559477 0.0186751  0.814134
   27.4841 -0.00684629   -0.011893  -0.0162609 -0.565337 0.0224592  0.818773
   27.4894 -0.0174989 -0.0204151 -0.0237178 -0.566435 0.0207503  0.822069
   27.4938 -0.0286842 -0.0257414 -0.0285115 -0.559355 0.0111067   0.82158
   27.4995 -0.0334779  -0.027872 -0.0317073   -0.547514 -0.00427416    0.821214
    27.504   -0.03188 -0.0257414 -0.0322399  -0.538115 -0.0202654    0.82512
   27.5095 -0.0254884 -0.0225457 -0.0322399  -0.536284 -0.0324724   0.833055
   27.5138 -0.0190968 -0.0145562 -0.0263809  -0.53958 -0.038698  0.841478
   27.5195  -0.0174989 -0.00763195  -0.0194567  -0.542754 -0.0401628    0.84575
   27.5237  -0.0105747 -0.00283826  -0.0125325  -0.539336 -0.0418718   0.841722
   27.5295  -0.0036505  0.00195543 -0.00560829  -0.535063 -0.0434587   0.836717
   27.5338  0.00487161  0.00994491 0.000250665 -0.533476 -0.042238  0.835252
   27.5396  0.0133937  0.0179344 0.00610962  -0.531889 -0.0410173   0.833787
   27.5437  0.0133937  0.0205976 0.00930541  -0.543364 -0.0294206   0.836229
   27.5495 0.0133937 0.0232607 0.0125012 -0.554839 -0.017824   0.83867
   27.5537 0.0107306 0.0205976 0.0103707   -0.557646 -0.00744799    0.830369
   27.5595 0.00806741  0.0179344 0.00824015  -0.560454 0.00292799   0.822069
   27.5637 0.00700214  0.0147386 0.00291383  -0.557524 0.00414869   0.817064
   27.5694 0.00593688  0.0115428 -0.0024125  -0.550688 0.00427076   0.811815
   27.5738 -0.00151997  0.00781438 -0.00667356  -0.551055 0.00378248   0.817186
   27.5796 -0.00897682  0.00408596  -0.0109346  -0.555327 0.00439283   0.822801
   27.5838 -0.0174989  -0.001773 -0.0151957  -0.561919 0.00439283   0.826097
   27.5895  -0.0260211 -0.00763195  -0.0194567  -0.568511 0.00439283   0.829393
   27.5938 -0.0238905 -0.0134909 -0.0226525   -0.559844 -0.00647142    0.824876
   27.5995   -0.02176 -0.0193499 -0.0258483  -0.551177 -0.0173357    0.82036
   27.6039 -0.0174989 -0.0166867 -0.0226525  -0.544341 -0.0268572   0.824144
   27.6095 -0.0132379 -0.0140235 -0.0194567  -0.537505 -0.0363787   0.827928
   27.6139 -0.00737893  -0.0108277  -0.0167936  -0.543608 -0.0344255    0.83513
   27.6195 -0.00151997 -0.00763195  -0.0141304  -0.549712 -0.0324724   0.842332
   27.6236 -0.00311787 -0.00390353 -0.00880408  -0.548369 -0.0305193   0.839281
   27.6295 -0.00471577  -0.0001751 -0.00347776  -0.547026 -0.0285662   0.836229
   27.6338 -0.000987342   0.00461859   0.00184856  -0.541289 -0.0290544   0.832567
   27.6396 0.00274108 0.00941228 0.00717488  -0.535552 -0.0295427   0.828905
   27.6437 0.00700214  0.0120754 0.00504436  -0.541655 -0.0205095   0.830614
   27.6495  0.0112632  0.0147386 0.00291383  -0.547759 -0.0114763   0.832323
   27.6539 0.00167582  0.0126081 0.00131593   -0.55313 -0.0032976   0.830125
   27.6595  -0.00791156    0.0104775 -0.000281967  -0.558501 0.00488111   0.827928
   27.6637 -0.00737893  0.00728175 -0.00507566  -0.551665 0.00121901   0.821092
   27.6692  -0.0068463  0.00408596 -0.00986935  -0.544829 -0.0024431   0.814256
   27.6737 -0.00631366  0.00302069  -0.0141304   -0.545317 -0.00695971    0.818773
   27.6796 -0.00578103  0.00195543  -0.0183915  -0.545806 -0.0114763   0.823289
   27.6838    -0.01164 0.000357533  -0.0194567  -0.554717 -0.0103777   0.829393
   27.6895  -0.0174989 -0.00124036   -0.020522   -0.563628 -0.00927904    0.835496
   27.6939  -0.0180316 -0.00496879  -0.0189241  -0.558745 -0.0157488   0.830736
   27.6995  -0.0185642 -0.00869722  -0.0173262  -0.553862 -0.0222185   0.825975
   27.7037  -0.0100421 -0.00656669  -0.0157283  -0.546172 -0.0291765   0.825487
   27.7095 -0.00151997 -0.00443616  -0.0141304  -0.538481 -0.0361345   0.824998
   27.7139 -0.00258524   -0.001773 -0.00773882  -0.544829 -0.0321062   0.831834
   27.7195  -0.0036505 0.000890165 -0.00134723  -0.551177 -0.0280779    0.83867
   27.7237 -0.00098734 0.000357532  -0.0024125   -0.55313 -0.0227068   0.836961
   27.7295  0.00167582  -0.0001751 -0.00347776  -0.555083 -0.0173357   0.835252
   27.7337  0.00274109 0.000890165 -0.00347776  -0.548125 -0.0173357   0.828905
   27.7395  0.00380635  0.00195543 -0.00347776  -0.541167 -0.0173357   0.822557
   27.7438 0.00433898 0.00408596 -0.0024125  -0.542754 -0.0134294   0.825487
   27.7494  0.00487161  0.00621649 -0.00134723   -0.544341 -0.00952318    0.828416
   27.7537 -0.000454709   0.00408596  -0.00507566   -0.551909 -0.00305346    0.830369
   27.7595 -0.00950946 0.000890165   -0.010402  -0.558745 0.00231764   0.829149
   27.7641   -0.0132379 -0.000707732   -0.0130651   -0.552519 -0.00280931    0.822557
   27.7695   -0.0111074 -0.000707732   -0.0162609  -0.542998 -0.0117204   0.818529
    27.774 -0.00844419 0.000357532  -0.0178588  -0.539702 -0.0189226   0.820848
   27.7796 -0.00844419   0.0014228  -0.0151957  -0.543608 -0.0217302    0.82805
   27.7839 -0.0143031 0.00302069 -0.0125325  -0.551909 -0.0205095    0.83513
   27.7894 -0.0196295 0.00408596 -0.0119999  -0.557036 -0.0188005   0.837938
   27.7936  -0.0169663 0.000890165  -0.0114672   -0.55667 -0.0189226    0.83513
   27.7995 -0.0121726  -0.001773  -0.010402  -0.552031 -0.0229509   0.828783
   27.8038 -0.00631366  -0.0001751 -0.00880408   -0.54373 -0.0292986   0.823534
   27.8095  0.00114319  0.00195543 -0.00667355  -0.539092 -0.0312517   0.822313
   27.8137  0.00540425  0.00355333 -0.00454303  -0.541167 -0.0275896   0.825243
   27.8195  0.00646951  0.00248806 -0.00347776   -0.54727 -0.0203874   0.830247
   27.8238  0.00433898   0.0014228 -0.00347776   -0.55435 -0.0131853   0.834642
   27.8294  0.00114319  0.00248806 -0.00347776   -0.557036 -0.00891283    0.834886
   27.8337 -0.00258524  0.00408596 -0.00347776   -0.551909 -0.00988939    0.828416
   27.8395 -0.00471577  0.00408596 -0.00401039  -0.545317 -0.0136736   0.822557
   27.8438  0.00274109  0.00248806 -0.00667355  -0.542998 -0.0153826   0.821092
   27.8495  0.00593688  0.00195543 -0.00773882  -0.546904 -0.0119646   0.825731
   27.8537 -0.00258524 0.000890165 -0.00880408   -0.552886 -0.00610521    0.831712
   27.8595 -0.00791156  -0.0001751  -0.0130651   -0.554961 -0.00256517    0.831102
   27.8641   -0.0105747 -0.000707732   -0.0141304   -0.551787 -0.00500658    0.827562
   27.8695  -0.0132379 0.000357533  -0.0125325  -0.545317 -0.0134294   0.823778
   27.8737  -0.0132379  0.00248806 -0.00933672  -0.542021 -0.0218523   0.823411
   27.8796  -0.0100421  0.00408596 -0.00773882  -0.544951 -0.0258806   0.829271
   27.8842 -0.00151997  0.00355333  -0.0125325 -0.551909 -0.024782  0.836595
   27.8895  0.00274109 0.000890165   -0.014663   -0.55789 -0.0202654   0.839281
   27.8938 -0.00418313 0.000357532 -0.00933672  -0.558867 -0.0166033   0.837327
   27.8995 -0.00897682 0.000890165 -0.00614092  -0.555205 -0.0157488   0.831468
   27.9038 -0.00205261 0.000357532 -0.00933672 -0.549346 -0.017824  0.825975
   27.9095  0.00167582  0.00195543 -0.00986935  -0.544463 -0.0208757   0.823534
   27.9137 0.000610556  0.00355333 -0.00720619  -0.544097 -0.0195329   0.824632
   27.9196 -0.00205261  0.00355333 -0.00614092 -0.549346 -0.014406  0.828783
   27.9239  -0.0052484  0.00195543 -0.00720619  -0.554961 -0.0090349   0.831102
   27.9295 -0.0052484  -0.001773 -0.0114672   -0.555693 -0.00659349    0.829637
   27.9337  -0.0100421 -0.00283826  -0.0119999   -0.550322 -0.00830248    0.825975
   27.9396  -0.0121726 -0.00124036   -0.010402  -0.542998 -0.0129412   0.822191
   27.9439 -0.00791156 0.000357532  -0.0114672 -0.540312 -0.017946  0.822069
   27.9495 -0.00418313 0.000890165  -0.0135978  -0.544463 -0.0201433   0.827806
   27.9538 -0.00311787  -0.0001751  -0.0141304  -0.552641 -0.0177019    0.83513
   27.9595 -0.00418313 -0.00230563  -0.0130651  -0.558867 -0.0151384    0.83806
   27.9637  -0.0068463 -0.00337089  -0.0114672  -0.556426 -0.0155046   0.833543
   27.9696 -0.00578103 -0.00283826  -0.0109346  -0.546294 -0.0184343   0.824754
   27.9742  -0.00258524 -0.000707732  -0.00933672  -0.537383 -0.0239275   0.818651
   27.9796 0.000610556   0.0014228 -0.00667356  -0.535918 -0.0258806   0.821336
    27.984  0.00380635  0.00355333 -0.00773882  -0.543242 -0.0220964   0.830492
   27.9896  0.00327372  0.00461859 -0.00880408  -0.553618 -0.0170915   0.836961
   27.9939 -0.000454709   0.00302069  -0.00933672  -0.559722 -0.0124529    0.83745
   27.9994 -0.00631366  0.00248806 -0.00667355  -0.558867 -0.0107439   0.831712
   28.0037 -0.00897682  0.00248806 -0.00401039  -0.550688 -0.0141619   0.823045
   28.0096 -0.00205261  0.00195543 -0.00773882  -0.541899 -0.0183122   0.819383
   28.0139  0.00380635  0.00248806 -0.00986935 -0.539946 -0.019655  0.820848
   28.0195 7.79238e-05  0.00355333 -0.00667355 -0.544829 -0.016237  0.826585
   28.0238 -0.00897682  0.00515122 -0.00347776  -0.554228 -0.0102556   0.834764
   28.0296  -0.0132379  0.00355333 -0.00454303    -0.56021 -0.00793627    0.837205
   28.0339  -0.00897683 -0.000707732  -0.00827145   -0.56082 -0.0100115   0.834886
   28.0395  -0.0052484 -0.00230563   -0.010402  -0.556548 -0.0150163   0.831834
   28.0437 0.000610556 -0.00230563  -0.0135978  -0.548247 -0.0203874   0.826585
   28.0496  0.00380635 -0.00230563  -0.0130651 -0.541899 -0.021364  0.822435
   28.0539 0.000610555   -0.001773 -0.00880408  -0.541777 -0.0173357   0.822557
   28.0596  -0.00418314 -0.000707732  -0.00880408 -0.547026 -0.010988   0.82744
   28.0639   -0.0052484 -0.000707732   -0.0125325   -0.552641 -0.00732592     0.83391
   28.0695   -0.0068463 -0.000707732   -0.0141304   -0.553496 -0.00940111     0.83391
   28.0739 -0.00950946   0.0014228  -0.0114672   -0.54727 -0.0163591   0.827074
   28.0796 -0.00631366  0.00408596 -0.00986935  -0.541045 -0.0244158    0.82097
    28.084 -0.00311787  0.00515122 -0.00773882   -0.54019 -0.0275896   0.821214
   28.0896 -0.00098734  0.00515122 -0.00614092  -0.544341 -0.0240496   0.826829
   28.0939 -0.00098734  0.00515122 -0.00773882 -0.550078 -0.017946  0.833787
   28.0995 -0.00684629  0.00515122 -0.00667355   -0.55374 -0.0125749   0.836839
   28.1037 -0.00791156  0.00461859 -0.00560829 -0.553008 -0.010988  0.831712
   28.1095 -0.000987342   0.00408596  -0.00667356  -0.548735 -0.0150163   0.823289
   28.1137 0.000610555  0.00568386 -0.00507566 -0.545073 -0.019655  0.819383
   28.1196 -0.00205261  0.00781438 -0.00347776  -0.545683 -0.0211199   0.822069
   28.1239 -0.000454707   0.00621649  -0.00560829 -0.550566 -0.017824  0.828294
   28.1295  0.00167582  0.00302069 -0.00773882  -0.554595 -0.0122087   0.832445
   28.1338 -0.00205261   0.0014228 -0.00667355   -0.555327 -0.00842455    0.832933
   28.1394 -0.00418313 0.000890165 -0.00667355   -0.552641 -0.00830248    0.829027
   28.1437 -0.00205261   0.0014228 -0.00827145  -0.548003 -0.0120867   0.824876
   28.1495 -0.00258524  0.00302069 -0.00880408  -0.546782 -0.0169695   0.824266
   28.1537 -0.00311787  0.00355333 -0.00880408  -0.551177 -0.0184343   0.829515
   28.1596 -0.000454707  0.000890165    -0.010402  -0.558135 -0.0155046   0.837205
   28.1638  -0.00471577 -0.000707732  -0.00986935  -0.561553 -0.0112322    0.83867
   28.1696   -0.0100421 -0.000707732  -0.00933672   -0.556914 -0.00927904    0.833055
   28.1737  -0.00737893 -0.000707732   -0.0114672  -0.546416 -0.0117204   0.823411
   28.1796 -0.000987342   -0.0001751   -0.0125325  -0.538359 -0.0158708   0.817552
   28.1838 0.00220845  0.0014228 -0.0125325  -0.538848 -0.0188005   0.821214
   28.1895 -0.00258524  0.00408596  -0.0109346  -0.546294 -0.0186785   0.830369
   28.1937 -0.00844419  0.00515122   -0.010402 -0.555449 -0.016237  0.836229
   28.1996 -0.0100421 0.00302069  -0.010402  -0.559722 -0.0151384   0.836107
    28.204  -0.00897682 -0.000707732  -0.00880408  -0.557646 -0.0152605   0.830614
   28.2094 -0.00578103 -0.00230563 -0.00933672  -0.551299 -0.0172136   0.824998
   28.2137  -0.00151997 -0.000707732  -0.00986935  -0.543852 -0.0207537   0.822191
   28.2195  0.00114319 0.000890165 -0.00880408  -0.541289 -0.0214861   0.823045
   28.2238 7.79238e-05 0.000890165 -0.00827145  -0.546172 -0.0188005   0.828538
   28.2295 -0.00578103 0.000890165 -0.00614092  -0.553618 -0.0136736   0.834154
   28.2337  -0.0127053 0.000890165 -0.00401039  -0.557158 -0.0101335   0.834642
   28.2396  -0.0100421 -0.00124036 -0.00667355  -0.553862 -0.0111101   0.829637
   28.2438  0.00167582 -0.00337089  -0.0125325  -0.546172 -0.0151384   0.824022
   28.2495  0.00274108 -0.00124036  -0.0130651  -0.540556 -0.0188005   0.822313
   28.2538 -0.00205261 0.000890165 -0.00773882  -0.540923 -0.0192888   0.824998
   28.2596 -0.00578103  0.00195543 -0.00507566  -0.547392 -0.0158708   0.830736
   28.2638 -0.00897682  0.00248806 -0.00720619  -0.555327 -0.0112322   0.836717
   28.2696    -0.01164  0.00195543 -0.00933672    -0.55789 -0.00940111    0.835985
   28.2738  -0.0148358  0.00248806 -0.00827145  -0.552397 -0.0123308   0.827684
   28.2796  -0.0111074  0.00302069 -0.00827145  -0.543608 -0.0192888   0.819017
    28.284 -0.00418314  0.00355333 -0.00986935  -0.538359 -0.0242937   0.819017
   28.2895 -0.000987342   0.00515122  -0.00986935  -0.540801 -0.0238054   0.825853
   28.2938 -0.00311787  0.00621649 -0.00773882  -0.548979 -0.0190447   0.832689
   28.2995 -0.00897683  0.00674912 -0.00401039  -0.557402 -0.0134294   0.837572
   28.3038 -0.00737893  0.00408596 -0.00720619  -0.561186 -0.0104997   0.837205
   28.3095 -0.00418313  -0.0001751   -0.010402  -0.557524 -0.0120867   0.830125
   28.3138 -0.00737893  -0.0001751 -0.00614092  -0.548735 -0.0168474   0.822557
   28.3196 7.79238e-05  -0.0001751 -0.00667355  -0.541777 -0.0206316   0.820238
   28.3239 0.00913267  -0.001773 -0.0109346  -0.542388 -0.0183122   0.824144
   28.3295   0.00433898 -0.000175099   -0.0114672  -0.549346 -0.0119646    0.83098
   28.3337 -0.00311787 0.000890165 -0.00986935   -0.556181 -0.00708178    0.835008
   28.3395  -0.0105747 0.000357532 -0.00827145   -0.557524 -0.00549486    0.833299
   28.3438  -0.0121726  -0.0001751 -0.00986935   -0.553008 -0.00964525    0.827074
   28.3496  -0.0100421  -0.0001751 -0.00933672  -0.545928 -0.0168474   0.822679
   28.3537 -0.00631366  0.00248806 -0.00880408  -0.542876 -0.0209978   0.823411
   28.3596 -0.00311787  0.00355333   -0.010402  -0.547026 -0.0207537   0.828905
   28.3639 -0.0052484 0.00248806  -0.010402   -0.55435 -0.0155046   0.834886
   28.3696 -0.00737893 0.000890165 -0.00986935  -0.558989 -0.0102556   0.836351
   28.3739 -0.00897682  -0.0001751 -0.00986935  -0.556914 -0.0106218   0.831346
   28.3796 -0.00471577   -0.001773  -0.0119999 -0.549223 -0.016115  0.822679
   28.3843 -0.000987342    -0.001773    -0.010402  -0.542143 -0.0229509   0.818773
   28.3894 -0.00151997   0.0014228 -0.00827145  -0.540434 -0.0251482   0.822313
   28.3937 -0.00151997  0.00302069 -0.00880408  -0.545928 -0.0220964   0.829393
   28.3996 -0.00151997   0.0014228   -0.010402  -0.553984 -0.0159929   0.835374
   28.4038 -0.00311787 -0.00124036  -0.0114672   -0.55789 -0.0104997   0.836473
   28.4096 -0.00471577 -0.00283826  -0.0114672   -0.556059 -0.00952318    0.831834
   28.4139 -0.00578103 -0.00283826 -0.00986935  -0.548979 -0.0140398   0.824388
   28.4194  -0.00418314 -0.000707732  -0.00827145  -0.541411 -0.0198992    0.82036
   28.4238 -0.000987342    0.0014228  -0.00933672  -0.539214 -0.0224626   0.822801
   28.4296 -0.00311787  0.00195543 -0.00773882   -0.54373 -0.0192888   0.829637
   28.4338 -0.00844419  0.00195543 -0.00614092  -0.551055 -0.0137956    0.83513
   28.4396 -0.00950946 0.000890165 -0.00933672 -0.555327 -0.010988  0.835496
   28.4438 -0.00578103  -0.0001751  -0.0125325  -0.552886 -0.0119646   0.830247
   28.4495 -0.00311787 0.000890165  -0.0125325  -0.545561 -0.0164812   0.824998
   28.4537 7.79238e-05  0.00248806  -0.0114672  -0.540679 -0.0212419   0.823534
   28.4596  0.00167582  0.00355333 -0.00933672  -0.542998 -0.0217302   0.826341
    28.464 -0.00258524  0.00461859 -0.00720619 -0.550566 -0.017824  0.832567
   28.4696  -0.0068463  0.00408596 -0.00720619   -0.55789 -0.0117204   0.836229
   28.4742 -0.00737893   0.0014228 -0.00880408   -0.559355 -0.00830248    0.833421
   28.4793 -0.00737893 0.000890165 -0.00880408 -0.553008 -0.010988  0.825731
   28.4838 -0.00471577  0.00195543 -0.00933672 -0.545195 -0.016115  0.819505
   28.4896 -0.00205261  0.00355333   -0.010402  -0.541777 -0.0197771   0.819017
   28.4939 -0.00205261  0.00461859 -0.00933672 -0.544463 -0.019655  0.825365
   28.4996 -0.00471577  0.00355333 -0.00773882  -0.552641 -0.0155046   0.832811
   28.5037 -0.00844419  0.00195543 -0.00773882  -0.559477 -0.0100115   0.836473
   28.5096 -0.00950946  -0.0001751 -0.00986935   -0.559966 -0.00732592    0.833177
   28.5139 -0.00950946 -0.00230563 -0.00986935  -0.553862 -0.0101335   0.825487
   28.5196 -0.00471577 -0.00337089 -0.00986935  -0.545439 -0.0172136   0.820482
   28.5238  -0.00418313 -0.000707732  -0.00880408  -0.541411 -0.0217302   0.821458
   28.5295 -0.00471577 0.000357533 -0.00880408  -0.544707 -0.0207537   0.827196
   28.5337 -0.000987342  -0.00124036   -0.0114672  -0.551299 -0.0166033   0.832933
   28.5396  -0.0036505 -0.00124036  -0.0130651  -0.555937 -0.0124529   0.835008
   28.5438  -0.00844419 -0.000707732   -0.0125325  -0.554961 -0.0117204   0.831834
   28.5496  -0.0127053  -0.0001751 -0.00880408  -0.548369 -0.0159929   0.826463
   28.5539  -0.00844419 -0.000707732  -0.00773882  -0.541289 -0.0218523   0.823411
   28.5595 -0.00151997 0.000357533 -0.00986935  -0.539336 -0.0241716   0.824876
   28.5636 7.79238e-05  0.00248806 -0.00986935  -0.544829 -0.0211199   0.829759
   28.5696 -0.00098734  0.00248806 -0.00773882  -0.553252 -0.0145281   0.835496
   28.5737 -0.00897682  0.00195543 -0.00720619   -0.557768 -0.00976732    0.836107
   28.5796  -0.0100421  0.00195543 -0.00880408  -0.554473 -0.0101335   0.830125
    28.584 -0.00471577   0.0014228 -0.00986935  -0.546782 -0.0151384   0.822435
   28.5895 0.000610556 0.000357532   -0.010402  -0.540801 -0.0201433   0.819383
   28.5937  0.00327372  0.00195543 -0.00986935  -0.540801 -0.0207537   0.822557
   28.5996 -0.000454707   0.00674912  -0.00880408  -0.546782 -0.0170915   0.829393
    28.604 -0.00578103  0.00728175 -0.00933672  -0.554961 -0.0119646   0.835374
   28.6096 -0.00897682  0.00248806 -0.00933672   -0.559722 -0.00830248    0.835618
   28.6139  -0.0121726  -0.0001751 -0.00720619   -0.557524 -0.00854662    0.829515
   28.6196  -0.0111074  -0.0001751 -0.00773882  -0.549956 -0.0136736   0.822679
   28.6237  -0.0052484 0.000357532 -0.00933672  -0.543608 -0.0197771   0.820726
   28.6295 -0.00311787   0.0014228 -0.00880408  -0.544707 -0.0207537   0.824754
   28.6337  -0.0036505  0.00248806 -0.00933672  -0.551421 -0.0168474   0.831346
   28.6396  -0.0068463   0.0014228 -0.00880408  -0.557646 -0.0122087   0.834642
   28.6439  -0.0111074   -0.001773 -0.00773882   -0.558867 -0.00952318    0.833055
   28.6495 -0.00897682 -0.00337089   -0.010402  -0.553862 -0.0111101   0.827196
   28.6537  0.00167582 -0.00337089  -0.0157283  -0.545317 -0.0159929   0.822069
   28.6596  0.00327372 -0.00124036  -0.0135978   -0.54019 -0.0198992   0.821825
   28.6637 -0.00311787   0.0014228 -0.00827145  -0.542265 -0.0200212   0.826097
   28.6695 -0.00578103  0.00248806 -0.00827145 -0.549956 -0.016115  0.832567
   28.6736 -0.00897683 0.000890165 -0.00880408  -0.557158 -0.0112322   0.836961
   28.6796    -0.01164 -0.00124036 -0.00933672  -0.557646 -0.0103777   0.834154
    28.684 -0.00791156   -0.001773  -0.0119999  -0.551055 -0.0141619   0.826952
   28.6893  -0.0036505 -0.00124036  -0.0119999  -0.542876 -0.0197771    0.82158
   28.6938 7.79238e-05 0.000890165 -0.00986935 -0.539336 -0.023073  0.822069
   28.6996  0.00433898  0.00195543 -0.00933672  -0.542388 -0.0216081   0.827684
   28.7038  -0.0036505  0.00355333 -0.00667355  -0.549834 -0.0163591   0.833177
   28.7096  -0.0105747  0.00408596 -0.00667355  -0.556792 -0.0103777   0.835618
   28.7138 -0.00844419   0.0014228 -0.00933672   -0.557036 -0.00866869    0.832445
   28.7196 -0.00471577 -0.00124036  -0.0109346  -0.550444 -0.0130632   0.825853
   28.7239 -0.00631366 0.000357532 -0.00880408  -0.542998 -0.0189226   0.821825
   28.7295 -0.00684629  0.00302069 -0.00720619  -0.540679 -0.0218523   0.822069
   28.7337 -0.000454707   0.00248806  -0.00827145  -0.545317 -0.0202654   0.826585
   28.7396 7.79238e-05  0.00195543 -0.00880408  -0.552886 -0.0147722   0.832567
   28.7439  -0.0052484   0.0014228 -0.00933672   -0.55789 -0.0102556   0.834764
   28.7495  -0.0105747 0.000890165 -0.00933672  -0.556181 -0.0102556   0.830736
   28.7538  -0.0105747 0.000890165 -0.00880408  -0.549223 -0.0148943   0.824266
   28.7596 -0.00737893 0.000890165 -0.00720619  -0.542388 -0.0200212   0.821214
    28.764 -0.000987342   0.00195543  -0.00720619  -0.541533 -0.0206316   0.823534
   28.7696  0.00220845  0.00248806 -0.00880408  -0.548247 -0.0169695   0.830369
   28.7737 -0.00098734  0.00195543   -0.010402  -0.557158 -0.0112322   0.836473
   28.7796  -0.0100421  0.00248806 -0.00880408   -0.560576 -0.00757006    0.836473
   28.7842  -0.0169663  0.00195543 -0.00773882   -0.555815 -0.00915697    0.829271
   28.7893  -0.0137705  -0.0001751 -0.00773882  -0.547026 -0.0142839   0.821336
   28.7938 -0.00684629  -0.0001751 -0.00773882  -0.540801 -0.0197771   0.818895
   28.7996 -0.00098734  0.00195543 -0.00880408  -0.540556 -0.0209978   0.822923
    28.804  0.00114319  0.00195543 -0.00986935  -0.546538 -0.0173357   0.830492
   28.8095 -0.00258524 0.000357532  -0.0109346  -0.55435 -0.012697  0.836351
   28.8138  -0.00791156 -0.000707732   -0.0109346   -0.558379 -0.00988939    0.836595
   28.8195     -0.01164 -0.000707732  -0.00986935  -0.555693 -0.0115984   0.830492
   28.8238  -0.0105747 -0.00124036 -0.00986935 -0.547148 -0.017824  0.823411
   28.8295 -0.0036505  -0.001773 -0.0114672 -0.540556 -0.023073   0.82097
   28.8337  0.00114319 0.000357533  -0.0114672  -0.541533 -0.0231951   0.824876
   28.8396 -0.000987342   0.00248806  -0.00986935  -0.548125 -0.0190447   0.831712
   28.8438 -0.00791156  0.00302069 -0.00827145  -0.554961 -0.0139177   0.836229
   28.8496 -0.00844419 0.000890165 -0.00773882  -0.556914 -0.0113542    0.83513
   28.8538 -0.00258524   -0.001773   -0.010402  -0.552153 -0.0135515    0.82866
   28.8594  -0.00205261 -0.000707732   -0.0114672  -0.544829 -0.0186785   0.822435
   28.8637 7.79238e-05 0.000890165 -0.00986935  -0.540679 -0.0216081   0.822191
   28.8696  0.00274109  0.00248806 -0.00933672  -0.544097 -0.0201433   0.827196
   28.8741 -0.00311787  0.00408596 -0.00827145  -0.552641 -0.0141619   0.833787
   28.8796  -0.0068463  0.00302069 -0.00880408   -0.559355 -0.00805834    0.836107
   28.8841  -0.0105747   0.0014228 -0.00933672   -0.559111 -0.00659349     0.83159
   28.8896  -0.0100421 0.000357532 -0.00933672 -0.551787 -0.010988    0.8239
   28.8938 -0.00418313  -0.0001751 -0.00933672   -0.54373 -0.0175798   0.819139
   28.8994 -0.00311787 0.000890165 -0.00933672  -0.540556 -0.0212419    0.82036
   28.9038  -0.0036505  0.00302069 -0.00773882   -0.54373 -0.0201433   0.825853
   28.9096 -0.00418313  0.00355333 -0.00720619  -0.552153 -0.0150163   0.833177
    28.914 -0.00737893  0.00195543 -0.00986935  -0.559355 -0.0102556   0.836595
   28.9195  -0.0111074 0.000357532  -0.0109346   -0.558989 -0.00927904    0.833177
   28.9238    -0.01164  -0.0001751 -0.00986935  -0.552641 -0.0134294   0.826585
   28.9297 -0.00471577  -0.0001751 -0.00933672  -0.545317 -0.0201433   0.821947
   28.9338 -0.00151997   0.0014228 -0.00827145  -0.542021 -0.0231951   0.822801
   28.9395 7.79238e-05  0.00195543 -0.00880408  -0.545561 -0.0211199   0.828172
   28.9437  0.00114319 0.000357532   -0.010402  -0.553374 -0.0155046   0.833299
   28.9496  -0.00311787 -0.000707732    -0.010402  -0.557646 -0.0103777   0.834886
    28.954 -0.00418313   -0.001773  -0.0125325   -0.555083 -0.00964525    0.830492
   28.9596 -0.00844419 -0.00124036  -0.0109346  -0.547514 -0.0135515   0.824144
   28.9639  -0.0068463  -0.0001751 -0.00827145  -0.541045 -0.0191667    0.82158
   28.9696 0.000610555 0.000357532 -0.00986935  -0.541289 -0.0208757   0.824876
    28.974 0.00274108  0.0014228  -0.010402  -0.547514 -0.0174578   0.831712
   28.9796  -0.0052484  0.00195543 -0.00827145  -0.555571 -0.0115984   0.836839
   28.9846  -0.0111074 0.000357533 -0.00880408   -0.558745 -0.00854662    0.835008
   28.9893    -0.01164 -0.00124036 -0.00933672   -0.554717 -0.00976732    0.828416
   28.9941   -0.0105747 -0.000707732  -0.00933672  -0.546294 -0.0151384   0.821947
   28.9996 -0.00791156   0.0014228 -0.00880408  -0.539946 -0.0205095   0.819627
   29.0038 -0.00737893  0.00408596 -0.00667356  -0.540679 -0.0214861     0.8239
   29.0096 -0.00418313  0.00408596 -0.00720619  -0.546782 -0.0185564   0.830125
   29.0139 -0.00471577  0.00302069 -0.00667355  -0.554595 -0.0133074   0.835618
   29.0196 -0.00897683  0.00248806 -0.00827145   -0.559355 -0.00964525    0.835496
   29.0239 -0.00897683 0.000890165  -0.0109346  -0.555571 -0.0113542   0.828538
   29.0295 -0.00791156 0.000357532 -0.00933672  -0.547148 -0.0172136   0.822191
   29.0338 -0.00578103 0.000890165 -0.00827145  -0.542388 -0.0214861   0.820726
   29.0396 -0.00098734   0.0014228 -0.00880408  -0.544097 -0.0212419    0.82451
   29.0438 0.000610556   0.0014228 -0.00880408  -0.550322 -0.0170915   0.831224
   29.0496 -0.00471577 0.000357532 -0.00827145  -0.556792 -0.0122087   0.834764
   29.0538  -0.00897682 -0.000707732  -0.00880408    -0.55789 -0.00940111    0.832811
   29.0596 -0.00897682 -0.00230563 -0.00933672  -0.552031 -0.0120867   0.826829
   29.0639  -0.0068463 -0.00337089 -0.00773882 -0.544219 -0.017824  0.821947
   29.0696  -0.0036505   -0.001773 -0.00667356  -0.540434 -0.0202654   0.822313
   29.0738 -0.00311787 0.000890165 -0.00827145  -0.544341 -0.0190447   0.828538
   29.0796 -0.00311787   0.0014228 -0.00986935   -0.55313 -0.0139177   0.835863
   29.0842 -0.00791156 0.000357532 -0.00933672   -0.558745 -0.00830248    0.837694
   29.0895  -0.00897683 -0.000707732    -0.010402    -0.55667 -0.00830248    0.832567
   29.0937 -0.00631366 -0.00124036  -0.0125325  -0.549223 -0.0130632    0.82451
   29.0996 -0.00578103  -0.0001751  -0.0114672  -0.541411 -0.0195329   0.819505
    29.104  -0.0036505   0.0014228 -0.00986935 -0.538603 -0.023073  0.820848
   29.1093 -0.00471577  0.00355333 -0.00773882  -0.543608 -0.0209978   0.828172
   29.1138 -0.00950946  0.00515122 -0.00614092  -0.553008 -0.0156267   0.835741
   29.1196 -0.00791156  0.00355333 -0.00986935  -0.559355 -0.0104997    0.83745
   29.1237 -0.00578103 0.000357533  -0.0119999   -0.557768 -0.00988939    0.832811
   29.1296 -0.00631366   -0.001773   -0.010402  -0.549712 -0.0146501   0.825487
   29.1339   -0.0068463 -0.000175099  -0.00880408  -0.542143 -0.0203874   0.820116
   29.1396 -0.00418313   0.0014228 -0.00827145  -0.540923 -0.0225847   0.822069
   29.1439 -0.00098734 0.000357532 -0.00667355  -0.54666 -0.019655  0.828905
   29.1495 -0.00151997  -0.0001751 -0.00614092  -0.554473 -0.0136736   0.834642
   29.1538  -0.0100421   0.0014228 -0.00720619   -0.558257 -0.00952318    0.835374
   29.1596  -0.0196295  0.00302069 -0.00667356  -0.555205 -0.0104997   0.829759
   29.1639  -0.0111074  0.00195543 -0.00773882  -0.545195 -0.0173357     0.8239
   29.1696 -0.00258524 0.000890165 -0.00880408  -0.538481 -0.0222185   0.822069
   29.1738  -0.0036505   0.0014228 -0.00880408  -0.545439 -0.0177019   0.829027
   29.1796 -0.00471577  0.00195543 -0.00880408  -0.552397 -0.0131853   0.835985
   29.1837 -0.00631366   0.0014228 -0.00827145  -0.556059 -0.0103777   0.836839
   29.1893 -0.00897682 0.000357532 -0.00827145   -0.558989 -0.00805834    0.835252
   29.1939  -0.0068463 0.000357532   -0.010402  -0.549956 -0.0146501   0.825975
   29.1996  -0.0036505 0.000890165  -0.0119999  -0.541655 -0.0207537   0.819139
    29.204 -0.00258524  0.00195543 -0.00933672   -0.54251 -0.0218523   0.823534
   29.2096 -0.00151997  0.00302069 -0.00667356  -0.543364 -0.0229509   0.827928
   29.2137 -0.00258524  0.00248806 -0.00827145 -0.551421 -0.016237  0.833055
   29.2196  -0.0036505  0.00195543 -0.00986935   -0.559477 -0.00952318    0.838182
   29.2238  -0.0036505 0.000357533 -0.00986935  -0.555083 -0.0112322   0.830858
   29.2296  -0.0036505 -0.00124036 -0.00986935  -0.550688 -0.0129412   0.823534
   29.2339 -0.00311787 0.000357533 -0.00986935  -0.545806 -0.0169695   0.822069
   29.2395 -0.00258524  0.00195543 -0.00986935  -0.540923 -0.0209978   0.820604
   29.2438 -0.00311787  0.00195543 -0.00986935  -0.548003 -0.0168474   0.827196
   29.2495  -0.0036505  0.00195543 -0.00986935 -0.555083 -0.012697  0.833787
   29.2538 -0.00631366 0.000357533   -0.010402 -0.555693 -0.010988   0.83159
   29.2595 -0.00897682 -0.00124036  -0.0109346   -0.556304 -0.00927904    0.829393
   29.2638  -0.00737893 -0.000707732    -0.010402  -0.548369 -0.0157488   0.824876
   29.2696 -0.00578103  -0.0001751 -0.00986935  -0.540434 -0.0222185    0.82036
   29.2739  -0.0036505 0.000357532 -0.00933672  -0.544585 -0.0209978   0.826707
   29.2796 -0.00151997  -0.0001751 -0.00827145  -0.548735 -0.0197771   0.833055
   29.2842 -0.00151997 -0.00124036 -0.00773882   -0.55313 -0.0150163   0.835863
   29.2888   -0.0052484 -0.000707732  -0.00827145   -0.558379 -0.00940111    0.837083
   29.2938 -0.00791156 0.000357532 -0.00880408  -0.551787 -0.0128191   0.827806
   29.2996  -0.0068463 0.000890165 -0.00880408  -0.544341 -0.0170915   0.820116
   29.3037  -0.0036505  0.00248806 -0.00880408  -0.541899 -0.0197771   0.822557
   29.3096 -0.000454709   0.00408596  -0.00880408  -0.539458 -0.0224626   0.824998
    29.314 -0.000987342   0.00248806  -0.00933672  -0.548247 -0.0174578   0.832323
   29.3196 -0.00151997 0.000890165 -0.00986935  -0.557036 -0.0124529   0.839647
   29.3238 -0.00578103  -0.0001751 -0.00880408  -0.554839 -0.0114763   0.834032
   29.3296  -0.0100421 -0.00124036 -0.00773882  -0.552641 -0.0104997   0.828416
   29.3338  -0.0068463 0.000890165 -0.00827145 -0.545806 -0.016237   0.82451
   29.3396  -0.0036505  0.00302069 -0.00880408   -0.53897 -0.0219744   0.820604
   29.3438  -0.0036505  0.00302069 -0.00773882  -0.544585 -0.0186785   0.827196
   29.3496  -0.0036505  0.00302069 -0.00667356    -0.5502 -0.0153826   0.833787
   29.3538 -0.00844419  0.00195543 -0.00614092  -0.553496 -0.0115984   0.833787
   29.3595  -0.0132379 0.000890165 -0.00560829  -0.556792 -0.0078142   0.833787
   29.3637 -0.00631366 0.000890165  -0.0109346  -0.549101 -0.0133074   0.827196
   29.3696 -0.00098734  0.00195543  -0.0135978  -0.541411 -0.0188005   0.820604
   29.3739 -0.00205261  0.00355333 -0.00933672  -0.542876 -0.0200212    0.82512
   29.3796 -0.00471577  0.00408596 -0.00720619  -0.544341 -0.0212419   0.829637
   29.3839  -0.0052484  0.00248806 -0.00827145  -0.552519 -0.0153826   0.833543
   29.3896 -0.00684629 0.000357532 -0.00933672   -0.559722 -0.00988939    0.834642
    29.394 -0.00897683  -0.0001751 -0.00986935   -0.55435 -0.0123308   0.826952
   29.3996 -0.00578103 0.000357532 -0.00986935 -0.549956 -0.014406  0.822069
   29.4038 -0.00205261   0.0014228 -0.00933672  -0.544951 -0.0183122    0.82097
   29.4096  0.00114319  0.00302069 -0.00933672  -0.539946 -0.0222185   0.819871
   29.4138 -0.00151997  0.00355333 -0.00720619  -0.54727 -0.017946  0.827562
   29.4196 -0.00737893  0.00195543 -0.00560829  -0.557646 -0.0101335   0.836351
   29.4238  -0.00844419 -0.000707732  -0.00880408   -0.559477 -0.00744799    0.834032
   29.4295 -0.00471577 -0.00230563  -0.0125325   -0.55374 -0.0103777   0.827318
   29.4338 -0.00418313 -0.00230563   -0.010402 -0.544829 -0.016237   0.82097
   29.4396  -0.0052484 0.000357532 -0.00827145   -0.54019 -0.0206316   0.820726
   29.4439 -0.000454709   0.00195543   -0.0109346  -0.542754 -0.0197771   0.826585
   29.4495  0.00220845 0.000357532  -0.0125325  -0.549834 -0.0151384   0.832811
   29.4538 -0.00098734 -0.00124036  -0.0125325  -0.556426 -0.0107439   0.835985
   29.4596 -0.00631366   -0.001773  -0.0119999  -0.556548 -0.0100115   0.832445
   29.4638  -0.00950946 -0.000707732   -0.0109346   -0.54959 -0.0139177   0.825731
   29.4696 -0.00844419 0.000890165 -0.00880408  -0.541777 -0.0207537   0.821336
   29.4739 -0.00418313  0.00248806 -0.00880408   -0.53958 -0.0242937   0.823411
   29.4796  0.00167582  0.00302069 -0.00986935  -0.544829 -0.0218523   0.830003
   29.4841 -0.000987342   0.00408596  -0.00827145  -0.553984 -0.0148943   0.836351
   29.4896 -0.00578103  0.00302069 -0.00827145   -0.560088 -0.00964525    0.837205
   29.4942 -0.00791156 0.000357532 -0.00880408   -0.558745 -0.00940111    0.831346
   29.4996 -0.00844419  -0.0001751 -0.00827145  -0.551299 -0.0133074   0.823167
   29.5038 -0.00471577 0.000890165 -0.00773882  -0.543486 -0.0189226   0.818285
   29.5096 -0.00151997  0.00195543 -0.00880408 -0.541411 -0.021364   0.82097
   29.5139 0.00274109 0.00195543 -0.0119999  -0.545806 -0.0192888   0.827806
   29.5196  0.00433898 0.000890165  -0.0141304  -0.554106 -0.0145281   0.834276
   29.5239   -0.0052484 -0.000707732   -0.0119999   -0.559599 -0.00988939    0.836717
   29.5295  -0.0100421 -0.00283826   -0.010402  -0.557646 -0.0101335   0.831712
   29.5337  -0.0100421 -0.00337089 -0.00933672  -0.549712 -0.0156267     0.8239
   29.5396 -0.00578103 -0.00230563   -0.010402  -0.542143 -0.0212419   0.821458
    29.544 0.00114319  -0.001773 -0.0114672 -0.540801 -0.023073  0.824754
   29.5495 -0.00471577 0.000357533 -0.00773882  -0.545561 -0.0203874    0.83098
   29.5539  -0.0111074   0.0014228 -0.00560829  -0.552764 -0.0148943   0.836717
   29.5596  -0.0100421 0.000357532 -0.00720619  -0.556426 -0.0101335   0.836595
   29.5638   -0.0068463 -0.000707732  -0.00933672  -0.552275 -0.0111101   0.829881
   29.5696 -0.00737893 0.000357533 -0.00880408   -0.54373 -0.0167253   0.822923
    29.574 -0.00311787  0.00248806 -0.00773882  -0.538359 -0.0211199    0.82097
   29.5796 7.79238e-05  0.00461859 -0.00720619  -0.541167 -0.0203874   0.826463
   29.5843 -0.00684629  0.00621649 -0.00667356 -0.550566 -0.014406  0.834154
   29.5896    -0.01164  0.00568386 -0.00667356   -0.558013 -0.00879076    0.836595
    29.594    -0.01164  0.00355333 -0.00720619  -0.559966 -0.0078142   0.832689
   29.5996 -0.00844419   0.0014228   -0.010402  -0.555693 -0.0106218   0.825487
    29.604 -0.00471577   0.0014228  -0.0135978  -0.548003 -0.0166033   0.819505
   29.6096 -0.00311787  0.00195543  -0.0119999 -0.542754 -0.021364  0.819139
   29.6139 7.79238e-05 0.000890165 -0.00986935  -0.543608 -0.0218523   0.823411
   29.6194 0.000610555 0.000357532 -0.00986935  -0.551299 -0.0174578   0.830858
   29.6238  -0.0052484  -0.0001751 -0.00986935  -0.559355 -0.0113542   0.836351
   29.6295 -0.00844419 -0.00283826 -0.00986935   -0.559844 -0.00927904     0.83391
   29.6338  -0.0052484 -0.00550142  -0.0119999  -0.553374 -0.0125749    0.82744
   29.6396 -0.00205261 -0.00496879  -0.0130651  -0.545073 -0.0189226   0.821825
   29.6439  0.00114319 -0.00230563  -0.0119999  -0.540068 -0.0229509   0.822557
   29.6496  7.79238e-05 -0.000707732  -0.00880408  -0.542754 -0.0217302    0.82866
   29.6539 -0.00151997 -0.00124036 -0.00720619 -0.549834 -0.016115  0.834764
   29.6595 -0.00205261   -0.001773 -0.00933672  -0.555083 -0.0102556   0.836961
   29.6638 -0.00844419   -0.001773 -0.00773882  -0.554473 -0.0090349   0.832933
   29.6695    -0.01164   -0.001773 -0.00507566  -0.547392 -0.0136736   0.825487
   29.6736 -0.00578103  -0.0001751 -0.00773882 -0.539702 -0.019655   0.82158
   29.6796 0.00167582 0.00195543 -0.0114672  -0.538115 -0.0223406   0.824022
   29.6844 0.00114319 0.00355333  -0.010402  -0.544341 -0.0185564   0.830858
   29.6896 -0.00418314  0.00355333 -0.00880408   -0.55374 -0.0119646   0.836107
   29.6936 -0.00897683  0.00355333 -0.00827145   -0.559477 -0.00842455    0.835618
   29.6996    -0.01164  0.00355333 -0.00827145   -0.558013 -0.00866869    0.830369
    29.704 -0.00950946  0.00248806 -0.00933672   -0.55081 -0.0131853   0.822801
   29.7096  -0.0068463  0.00195543 -0.00880408  -0.544219 -0.0189226   0.818651
   29.7138  -0.0036505  0.00248806 -0.00827145 -0.542632 -0.021364   0.82158
   29.7196 0.00327372 0.00248806 -0.0109346  -0.547637 -0.0194109   0.828172
   29.7239 0.00380635 0.00195543 -0.0119999  -0.556181 -0.0140398   0.834398
   29.7296 -0.00791156  0.00248806 -0.00827145   -0.561308 -0.00952318    0.835863
   29.7339  -0.0137705 0.000357532 -0.00773882   -0.558867 -0.00964525    0.829393
   29.7395 -0.00471577 -0.00390353  -0.0119999  -0.550322 -0.0142839   0.822069
   29.7437  0.00167582 -0.00390353  -0.0130651  -0.543364 -0.0201433   0.819749
   29.7496 -0.00151997 -0.00124036 -0.00933672  -0.542632 -0.0216081   0.823167
   29.7539 -0.00737893  -0.0001751 -0.00720619 -0.547759 -0.017824  0.830247
   29.7596 -0.00791156   -0.001773 -0.00933672  -0.553984 -0.0119646   0.836229
   29.7638  -0.0068463 -0.00390353 -0.00986935   -0.555571 -0.00879076    0.835008
   29.7696 -0.00844419 -0.00443616 -0.00933672   -0.54959 -0.0117204   0.828538
   29.7738 -0.00205261 -0.00496879  -0.0141304  -0.540556 -0.0188005   0.823045
   29.7796 0.000610556 -0.00283826  -0.0135978  -0.535796 -0.0242937   0.823778
   29.7837  -0.0036505 0.000890165 -0.00880408  -0.538603 -0.0241716   0.830736
   29.7896 -0.00418313  0.00248806 -0.00986935  -0.547148 -0.0185564    0.83806
   29.7942 -0.00311787  0.00248806  -0.0119999  -0.554839 -0.0125749   0.840501
   29.7994 -0.0068463 0.00248806  -0.010402  -0.555815 -0.0107439   0.836351
   29.8039 -0.00844419  0.00302069 -0.00933672  -0.549834 -0.0136736   0.828172
   29.8096 -0.00418313  0.00408596 -0.00933672  -0.542265 -0.0184343   0.821336
   29.8139 -0.00205261  0.00568386 -0.00720619  -0.539214 -0.0211199   0.821214
   29.8196 -0.000454709   0.00728175  -0.00667356  -0.543364 -0.0197771   0.825487
   29.8237 -0.00151997  0.00728175 -0.00560829  -0.552275 -0.0140398   0.831834
   29.8296 -0.00844419  0.00781438 -0.00401039   -0.560576 -0.00769213    0.835496
   29.8339  -0.0100421  0.00674912 -0.00773882   -0.562407 -0.00549486    0.830736
   29.8395 -0.0052484 0.00248806 -0.0125325   -0.556914 -0.00891283    0.821947
   29.8438 -0.00418313 0.000890165  -0.0114672  -0.548979 -0.0147722   0.817552
   29.8496 -0.00471577   0.0014228 -0.00827145  -0.546782 -0.0189226   0.819017
   29.8539 -0.00205261 0.000890165 -0.00933672  -0.551421 -0.0180681   0.825487
   29.8596  -0.00205261 -0.000707732   -0.0114672  -0.558379 -0.0131853   0.832078
   29.8637 -0.00631366 -0.00283826  -0.0109346   -0.562407 -0.00879076     0.83391
   29.8696  -0.0068463 -0.00603405   -0.010402   -0.559111 -0.00879076    0.829881
