            0.777869 -0.521443   31.5922 -0.208884 -1.06044e-05  7.36147e-05  0.000168018 0.000174453 0.000548104 0.000700594 0 0 0 0 0 0 1 0 0 19968
            0.777869 -0.521443   31.5922 -0.208884 -1.06044e-05  7.36147e-05  0.000168018 0.000174453 0.000548104 0.000700594 0 0 0 0 0 0 1 0 0 0
            0.878189   0.17703   31.1526 -0.053888  0.00543978    0.012979 -0.00622873   -0.0132724   -0.0167566 -0.000936498 -2.45087e-06  1.64918e-06 -8.69405e-07 -1.73971e-07 -2.79651e-07  3.54028e-08 1 0 0 20064
            0.878189   0.17703   31.1526 -0.053888  0.00543978    0.012979 -0.00622873   -0.0132724   -0.0167566 -0.000936498 -2.45087e-06  1.64918e-06 -8.69405e-07 -1.73971e-07 -2.79651e-07  3.54028e-08 1 0 0 0
            0.978029 -0.394905   31.4687 -0.473117 -0.00348833  0.00247886 -0.00540686  -0.0106815  -0.0200537 -0.00264684   3.1644e-06 -1.97061e-06  8.84731e-06 6.02448e-08 2.02958e-06 7.30597e-07 1 0 0 19968
            0.978029 -1.78544  33.1242 -1.84949 0.00852573 -0.0373214 -0.0593768  0.0591527 -0.0405767 -0.0511641  1.31616e-05 -3.64784e-05  4.44548e-05 -6.19142e-06  1.60115e-05  8.62047e-06 0.945453        0        0 0
             1.07787 -0.528357   31.5758 -0.478934 0.00785044 -0.0134827  -0.037672 0.0356961  0.119496 0.0935843 -5.10035e-05  7.21803e-05 -6.39768e-05  3.12905e-05 -2.40417e-05 -2.20277e-05 0.945303        0        0 19968
             1.07787 -0.068875   30.9456  0.549052  0.0415753 0.00784546 -0.0359696 0.124325 0.203108 0.113737 -5.84786e-05   0.00013781 -0.000134856  1.41059e-05 -4.90101e-05 -4.01994e-05 0.923883        0        0 0
             1.17819 -0.108927   31.3203 -0.151864   0.0212775   0.0150004 -0.00700079 -0.0250057   0.129538   0.190239 -6.33156e-05  7.69873e-05 -9.27575e-05  6.87475e-05 -2.27695e-05 -3.80381e-05 0.924269        0        0 20064
             1.17819 -0.290264   31.5486  -0.33308   0.0163037  0.00384513 -0.00889378 -0.0493392  0.0608006   0.181066 -3.65325e-05  5.41729e-05 -7.64417e-05  7.25375e-05  3.80974e-06 -2.99064e-05 0.921604        0        0 0
             1.27803 -0.308191   31.3868 -0.317371   0.00674518   0.00654611 -0.000672207 -0.0764415  0.0424557   0.136072 -3.27108e-05  6.35059e-05 -8.07192e-05 6.87579e-05 1.28261e-05 2.56349e-06 0.921375        0        0 19968
             1.27803 -0.488163   31.3901 -0.534889   0.0163044 -0.00121692  -0.0127626 -0.0233345 0.00709359  0.0719741  -1.9116e-05  8.34026e-05 -7.02204e-05 2.45279e-05 3.65763e-05 2.19886e-05 0.90784       0       0 0
             1.37787 -0.423907    31.395 -0.349227  0.00846701    0.002507 -0.00751029 -0.0584974  0.0253923  0.0622293 -2.30518e-05   8.0185e-05 -8.32695e-05 4.63185e-05 1.06164e-05 5.45471e-05 0.908329        0        0 19968
             1.37787  -0.85351   31.1267 -0.917429  0.0379058 -0.0234643 -0.0221688   0.104102  -0.120493 -0.0145525  1.4418e-05 0.000137482 -6.7798e-05 -0.000130995  0.000222244  2.60691e-05 0.85869       0       0 0
             1.47819 -0.483952   31.3838 -0.309317  0.0278389 -0.0213875 -0.0203943  -0.0139142  -0.0253986 -0.00102073  4.21242e-06  0.000110845 -9.54012e-05 2.30686e-05 3.15305e-05 0.000113771 0.861025        0        0 20064
             1.47819 -0.440501    31.244 -0.545202  0.0335441 -0.0310732 -0.0157109   0.019997 -0.0884824   0.026485 -1.59957e-06  0.000117497 -8.70996e-05 -7.42338e-06  0.000156651  3.66954e-05 0.869346        0        0 0
             1.57804 -0.524726   31.3596 -0.362992   0.020797 -0.0203178 -0.0126958 -0.0680373  0.0401243  0.0261098  1.36751e-05  0.000112023 -9.19617e-05  0.000135853 -0.000136396  0.000133307 0.870948        0        0 19968
             1.57804 -0.318723   31.2937 -0.311861  0.0326657 -0.0233849  -0.017171 -0.00466864   0.0176617  0.00539413 -7.40662e-07  0.000118265 -9.83437e-05  9.52565e-06 -8.37079e-05  0.000100502 0.869869        0        0 0
             1.67788 -0.468096   31.2934 -0.376491  0.0202789 -0.0098482 -0.0148607 -0.0766331  0.0954259  0.0122603 1.20174e-05 0.000122757 -9.4631e-05  0.000146706 -0.000269957  0.000168496 0.872105        0        0 19968
             1.67788  -0.46153   31.1993 -0.493143  0.0260675 -0.0225282 -0.0168272 -0.0442977   0.011799 0.00403567  5.65027e-07  0.000127331 -9.25122e-05   7.1758e-05 -7.26079e-05  0.000145654 0.870876        0        0 0
             1.77772 -0.492328   31.3605 -0.308647  0.0153078 -0.0123149 -0.0152571 -0.085339 0.0747668 0.0111408  1.26087e-05  0.000119918 -0.000105533  0.000154642 -0.000219815  0.000174678 0.87143       0       0 19968
             1.77772 -0.329361   31.2431 -0.374289  0.0262986 -0.0211391 -0.0193618 -0.0232484  0.0118236 -0.0114561 -6.09002e-06  0.000122358 -0.000104254 -4.24171e-06 -7.45798e-05  0.000146178 0.871722        0        0 0
             1.87804 -0.373759   31.2881  -0.25032  0.0166848 -0.0100184 -0.0175591 -0.0673769  0.0765384 0.00430368  4.17463e-06   0.00012342 -0.000113793  9.79838e-05 -0.000229558  0.000159595 0.872179        0        0 20064
             1.87804 -0.366966   31.2598 -0.330231  0.0253691 -0.0208955 -0.0196417  -0.0189384  0.00453384 -0.00527711 -4.48742e-06  0.000120834 -0.000111825 -1.58281e-05 -6.11362e-05  0.000121094 0.867928        0        0 0
             1.97788 -0.392794   31.3457 -0.326581  0.0161224 -0.0107872 -0.0170918 -0.0648961  0.0676417  0.0113253 -2.84307e-07  0.000119321 -0.000114333  9.20445e-05 -0.000211624  0.000135634 0.868735        0        0 19968
             1.97788 -0.424921   31.3293 -0.387635  0.0228476 -0.0201827 -0.0177669 -0.0252678  0.0052794 0.00981298 -4.64093e-06  0.000116896 -0.000113156  7.95616e-06 -6.54464e-05  9.08781e-05 0.858235        0        0 0
             2.07772 -0.421868   31.3848 -0.349142   0.015328 -0.0112382 -0.0152134 -0.0575941  0.0622998  0.0170578 -1.55888e-06  0.000115889 -0.000117801  7.71875e-05 -0.000200382  0.000108958 0.858957        0        0 19968
             2.07772 -0.396227   31.3177 -0.415711   0.022045 -0.0193121 -0.0173814 -0.0179672 0.00696467 0.00589834 -9.47208e-06  0.000117072 -0.000115999 -1.98763e-05 -7.13736e-05  8.39051e-05 0.852284        0        0 0
             2.17804 -0.435428   31.3452 -0.280544  0.0163826 -0.0108823 -0.0151143 -0.0442727   0.061479   0.015093  -2.0407e-07  0.000117429 -0.000126501   3.5808e-05 -0.000199925  9.21715e-05 0.852613        0        0 20064
             2.17804 -0.393287   31.2976 -0.361879  0.0227496 -0.0199175 -0.0173375 -0.00639951 -0.00244761  0.00381741 -1.03899e-05  0.000117535 -0.000124308 -5.75429e-05 -4.99643e-05  6.95489e-05 0.846206        0        0 0
             2.27788 -0.486859   31.3493 -0.342591  0.0167027 -0.0109876 -0.0141479 -0.0424134   0.062753  0.0193727 -1.26127e-06  0.000116946 -0.000127317  2.81933e-05 -0.000204397  7.39362e-05 0.846652        0        0 19968
             2.27788 -0.488457   31.3321 -0.400991  0.0221654 -0.0195462  -0.016245 -0.00873017  0.00148761  0.00801074 -7.49813e-06  0.000115362 -0.000126422 -5.58905e-05  -6.0221e-05  5.70091e-05 0.846114        0        0 0
             2.37772 -0.410838   31.3307 -0.327514  0.0162857 -0.0100916 -0.0149468 -0.0434556  0.0692354 0.00799245 -7.63689e-06  0.000118434 -0.000133162   7.1996e-06 -0.000221213   9.6018e-05 0.846498        0        0 19968
             2.37772 -0.476911   31.1674 -0.378512  0.0249125  -0.020406 -0.0156829   0.0102694 -0.00605224  0.00794036 -1.00278e-05  0.000125538  -0.00013316 -0.000105529 -4.17684e-05   2.8861e-05 0.824224        0        0 0
             2.47804 -0.450473   31.3298 -0.334889  0.0194491 -0.0135471 -0.0148911 -0.0353933  0.0483096 0.00514602 -8.69792e-06  0.000117606   -0.0001384 -2.86792e-05 -0.000170501   8.4744e-05 0.824804        0        0 20064
             2.47804 -0.404476   31.2435 -0.274869   0.0253691 -0.00903582  -0.0123571 0.00597626  0.0831169  0.0237315 -7.36972e-06  0.000120384 -0.000140529 -8.93981e-05 -0.000254269  -7.7144e-06 0.820603        0        0 0
             2.57789 -0.298899   31.2988 -0.268659   0.0191521 -0.00299855  -0.0117253 -0.042488 0.0658082 0.0088209 -1.75658e-05  0.000119933 -0.000146751 -2.10292e-05  -0.00021556  7.70767e-05 0.821026        0        0 19968
             2.57789 -0.263492   31.0918 -0.265309   0.0255082 -0.00052601  -0.0137961 -0.00552381   0.0839719 -0.00273462 -1.86677e-05  0.000131565 -0.000146147 -0.000114931 -0.000260258  5.38049e-05 0.774938        0        0 0
             2.67773 -0.361457   31.4208 -0.323315   0.0154533 -0.00014859   -0.014538  -0.0698059   0.0290268 -0.00766462 -1.97367e-05  0.000112896 -0.000150064 -2.33115e-06 -0.000131268  0.000137419 0.775523        0        0 19968
             2.67773 -0.338766   31.3569  -0.29181   0.019869 0.00388586 -0.0125836 -0.0419825  0.0557238 0.00581568 -1.83465e-05  0.000115256 -0.000150865 -4.23947e-05 -0.000196005  7.26906e-05 0.764161        0        0 0
             2.77805 -0.402556   31.3677 -0.370503  0.0118408 0.00108399 -0.0125205  -0.0713334 -0.00237436     0.00146 -2.31655e-05  0.000116806 -0.000153461  3.07157e-06 -5.59518e-05  0.000115269 0.764504        0        0 20064
             2.77805 -0.377924   31.3216 -0.341155  0.0154236  0.0046723 -0.0118647  -0.047231  0.0219178 0.00738538 -2.21359e-05  0.000118148 -0.000154205 -3.95264e-05 -0.000115737  7.13061e-05 0.743952        0        0 0
             2.87789  -0.33954   31.3573 -0.276411    0.0116191 -0.000716508   -0.0139151  -0.046648 -0.0297789  -0.010461 -2.87267e-05  0.000115578 -0.000165274 -7.67196e-05  8.89996e-06  0.000106302 0.744041        0        0 19968
             2.87789 -0.381212    31.346 -0.298046    0.0155819 -0.000630302   -0.0170939 -0.0232234 -0.0285439 -0.0309936 -2.64476e-05  0.000114408  -0.00016389 -0.000153498  5.98005e-06  0.000121434 0.704815        0        0 0
             2.97773 -0.406336    31.375 -0.331355   0.0129047 -0.00610377   -0.016203  -0.0271145  -0.0456682 -0.00425535 -2.99896e-05  0.000112835 -0.000167008 -0.000120272  4.80057e-05   6.4773e-05 0.704937        0        0 19968
             2.97773 -0.401279   31.3657 -0.323627   0.0132809 -0.00247465  -0.0113175 -0.0285049 -0.0267139  0.0275687 -2.86711e-05  0.000113654 -0.000166625 -7.40017e-05  1.12324e-06 -3.47371e-06 0.443031        0        0 0
             3.07805 -0.394212   31.3618 -0.322644   0.0127764 -0.00576615  -0.0112775 -0.0178075 -0.0304821  0.0112885 -3.14613e-05  0.000113128 -0.000171834 -0.000129008  9.56525e-06  1.62143e-05 0.443239        0        0 20064
             3.07805 -0.397733    31.359 -0.321914   0.0129895 -0.00481329  -0.0104783 -0.0162567 -0.0256979   0.015208 -3.08193e-05  0.000113211 -0.000171657 -0.000126938 -2.73292e-06  5.51148e-06 0.29512       0       0 0
             3.17789 -0.467976   31.4083 -0.337162   0.0133936 -0.00787496  -0.0123624 -0.00682425  -0.0289982 -0.00494068 -2.87616e-05   0.00010886 -0.000175835 -0.000184497  5.17167e-06  3.66139e-05 0.295126        0        0 19968
             3.17789 -0.479148   31.4046 -0.344062   0.0135394 -0.00845379  -0.0118844  -0.0055371  -0.0328797 -0.00178672 -2.84794e-05   0.00010903 -0.000175564 -0.000183019  1.49958e-05  2.79854e-05 0.287457        0        0 0
             3.27773 -0.403419   31.3344 -0.315301   0.0144725 -0.00953478  -0.0127755 0.000928867  -0.0181891 -0.00499654  -3.3749e-05  0.000113763 -0.000182123 -0.000209866 -2.12899e-05  2.39489e-05 0.287422        0        0 19968
             3.27773 -0.408547   31.3319 -0.315534  0.0146043 -0.0092095 -0.0119901  0.00239264  -0.0162745 0.000705848 -3.32384e-05  0.000113822  -0.00018202 -0.000205189 -2.60669e-05  9.30817e-06 0.21744       0       0 0
             3.37805 -0.424691   31.3805 -0.352593   0.0152797 -0.00661781  -0.0135666  0.00241224   0.0107156 -0.00922669 -3.39417e-05  0.000110332 -0.000183346 -0.000227867 -9.52238e-05  2.78534e-05 0.217401        0        0 20064
             3.37805 -0.426618   31.3801 -0.353432   0.0153261 -0.00652502  -0.0133384  0.00313984   0.0110818 -0.00742549 -3.38018e-05  0.000110302 -0.000183274 -0.00022697 -9.6258e-05 2.28359e-05 0.145614        0        0 0
             3.47789 -0.446049   31.3426 -0.345373   0.0137654 -0.00523916  -0.0145786 -0.0116157  0.0120686  -0.010321  -3.3764e-05  0.000114444 -0.000188801 -0.000207861 -9.93278e-05  4.48038e-05 0.14557       0       0 19968
             3.47789 -0.448067   31.3415 -0.346599    0.013781 -0.00524074  -0.0145482 -0.0111208   0.011773 -0.0098942 -3.36807e-05  0.000114476 -0.000188735  -0.00020836 -9.86882e-05  4.31827e-05 0.0878923         0         0 0
             3.57773 -0.406137   31.4452 -0.307321   0.0127833 -0.00600413  -0.0149485  -0.0129336 -0.00106088 -0.00572848 -3.84322e-05  0.000106906 -0.000196911 -0.000206129 -6.74454e-05  3.14804e-05 0.0879347         0         0 19968
             3.57773 -0.406544   31.4446 -0.307528  0.0127975 -0.0059417 -0.0149482   -0.012659 -0.00082476 -0.00559468 -3.83896e-05  0.000106927 -0.000196885 -0.000206528 -6.81114e-05  3.08141e-05 0.0584992         0         0 0
             3.67806 -0.407306   31.3678 -0.310667   0.0143686 -0.00541776  -0.0139509  0.0033718 0.00286881 0.00479055 -4.02837e-05  0.000111474 -0.000201303 -0.000232262  -7.8874e-05 -1.78727e-05 0.0585238         0         0 20064
             3.67806 -0.407306   31.3678 -0.310667   0.0143592 -0.00541086  -0.0139597 0.00338249 0.00282365 0.00479212 -4.02864e-05  0.000111472 -0.000201302 -0.000232274  -7.8803e-05 -1.78854e-05 0.0410876         0         0 0
             3.77789  -0.42288   31.3598 -0.343935    0.014579 -0.00697564  -0.0145879 -0.000484874  -0.00922466  -0.00168558 -4.33242e-05  0.000112261 -0.000205113 -0.000242244 -4.88536e-05 -1.20503e-06 0.0411077         0         0 19968
             3.77789  -0.42288   31.3598 -0.343935  0.0145783 -0.0069751 -0.0145967 -0.000465113  -0.00926537  -0.00173102 -4.33264e-05  0.000112259 -0.000205114 -0.000242346 -4.87699e-05 -1.12502e-06 0.032139        0        0 0
             3.87773 -0.489473   31.4064 -0.362167   0.0136559 -0.00734115  -0.0143431 -0.00803033 -0.00618778  0.00081313 -4.10054e-05  0.000109888 -0.000209029 -0.000229532 -5.78143e-05 -1.66057e-06 0.0321354         0         0 19968
             3.87773 -0.489473   31.4064 -0.362167   0.0136337 -0.00733181  -0.0143376  -0.0081711 -0.00612526 0.000842238 -4.10069e-05    0.0001099 -0.000209043 -0.000229184 -5.79732e-05 -1.54122e-06 0.0336352         0         0 0
             3.97806  -0.40823    31.348 -0.327935   0.0153189 -0.00726804  -0.0137435  0.00542079 -0.00184647  0.00431053 -4.83689e-05  0.000113378 -0.000216096 -0.000261439 -6.96057e-05 -3.28095e-05 0.0336352         0         0 20064
             3.97806  -0.40823    31.348 -0.327935   0.0153228 -0.00725989  -0.0137565  0.00544604 -0.00181208  0.00424221  -4.8372e-05  0.000113378 -0.000216096 -0.000261587  -6.9708e-05 -3.26854e-05 0.0269709         0         0 0
             4.07789 -0.418441   31.3814 -0.347407   0.0152205 -0.00634604  -0.0136866 -0.00049689  0.00460188  0.00128741  -4.9695e-05   0.00011174 -0.000219706 -0.000258694 -8.82121e-05 -2.33091e-05 0.0269787         0         0 19968
             4.07789 -0.418441   31.3814 -0.347407   0.0152107 -0.00634433  -0.0136723 -0.000553722   0.00461102   0.00137737  -4.9686e-05   0.00011174 -0.000219711  -0.00025844 -8.82313e-05 -2.34396e-05 0.027673        0        0 0
             4.17774 -0.438895   31.3741 -0.375906   0.0139301 -0.00645414  -0.0137778  -0.0106459 2.68001e-05  -0.0011171 -5.14933e-05  0.000113054 -0.000223479 -0.000246775 -7.82047e-05  -9.5045e-06 0.0276742         0         0 19968
             4.17774 -0.438895   31.3741 -0.375906  0.0139109 -0.0064345 -0.0137723  -0.0107641 0.000152975 -0.00109034 -5.14955e-05  0.000113056 -0.000223492 -0.000246473 -7.85326e-05 -9.40827e-06 0.0299767         0         0 0
             4.27805 -0.382139    31.378 -0.321244   0.0108603 -0.00620613  -0.0143782  -0.0257771 0.000681334  -0.0055311 -5.58454e-05  0.000114375  -0.00023232 -0.000226846 -8.08924e-05    1.527e-05 0.0299744         0         0 20064
             4.27805 -0.382139    31.378 -0.321244  0.0108301 -0.0061867 -0.0143554  -0.0259629 0.000804287 -0.00539026 -5.58346e-05  0.000114386 -0.000232325 -0.000226229 -8.12081e-05  1.51931e-05 0.0311072         0         0 0
              4.3779 -0.422937   31.3513 -0.331797   0.0117943 -0.00695512   -0.014741 -0.00534914 -0.00437475 -0.00403566 -5.53702e-05  0.000114692 -0.000236918 -0.000278407  -6.7949e-05 -1.99619e-05 0.031112        0        0 19968
              4.3779 -0.422937   31.3513 -0.331797   0.0117951 -0.00695328   -0.014749 -0.00534531 -0.00437954 -0.00407354 -5.53725e-05   0.00011469 -0.000236919 -0.000278467 -6.79452e-05 -1.98773e-05 0.0242418         0         0 0
             4.47774 -0.472706   31.3628 -0.361876   0.0128141 -0.00655544  -0.0143664 0.00293902 0.00106811 0.00125345 -5.54588e-05  0.000113267 -0.000240099 -0.000298119 -8.28289e-05 -4.78501e-05 0.0242422         0         0 19968
             4.47774 -0.472706   31.3628 -0.361876   0.0128118 -0.00655757  -0.0143617 0.00292515  0.0010539 0.00128284 -5.54488e-05  0.000113271 -0.000240097 -0.000298047 -8.27878e-05 -4.79002e-05 0.0251133         0         0 0
             4.57806  -0.38289    31.389 -0.298826   0.0129602 -0.00617797  -0.0145824 -0.000887463   0.00379592  -0.00055789   -6.198e-05  0.000111786 -0.000249723 -0.000303647 -8.68694e-05 -4.19556e-05 0.0251118         0         0 20064
             4.57806  -0.38289    31.389 -0.298826    0.012948 -0.00617551  -0.0145839 -0.000966922   0.00380971 -0.000569523 -6.19758e-05  0.000111785 -0.000249723 -0.000303483 -8.69055e-05 -4.18182e-05 0.0240347         0         0 0
              4.6779 -0.380574     31.37 -0.361635   0.0144125 -0.00563239  -0.0131065 0.00680741 0.00489149   0.010683 -6.73176e-05  0.000112788 -0.000250575 -0.000315054 -9.18093e-05 -8.15314e-05 0.0240367         0         0 19968
              4.6779 -0.380574     31.37 -0.361635   0.0144077 -0.00563739  -0.0131015 0.00677772 0.00485961  0.0107139 -6.73093e-05  0.000112784 -0.000250574 -0.000314941 -9.17209e-05 -8.15627e-05 0.0247454         0         0 0
             4.77774  -0.40226   31.3807 -0.322511   0.016173 -0.0056847 -0.0139754   0.0108424   0.0014965 -0.00111817 -6.67562e-05  0.000111767 -0.000258512 -0.000350976  -8.4327e-05   -6.159e-05 0.0247415         0         0 19968
             4.77774  -0.40226   31.3807 -0.322511    0.016164 -0.00568322  -0.0139681   0.0107866  0.00150569 -0.00107076 -6.67459e-05  0.000111759 -0.000258509 -0.000350778 -8.43475e-05 -6.16238e-05 0.0247091         0         0 0
             4.87806 -0.430956   31.3693 -0.353749   0.0149326 -0.00550652  -0.0160462 -0.00721707  0.00138953  -0.0133485 -6.86097e-05   0.00011455 -0.000261358 -0.000337906 -8.47744e-05  -9.5278e-06 0.0247004         0         0 20064
             4.87806 -0.430956   31.3693 -0.353749   0.0149361 -0.00550612  -0.0160526 -0.00719582  0.00139131  -0.0133852 -6.86092e-05  0.000114548 -0.000261361 -0.000338007 -8.47816e-05 -9.46946e-06 0.0218247         0         0 0
              4.9779 -0.38355  31.3772 -0.30641    0.013618 -0.00474721  -0.0150876 -0.0129102 0.00585976 0.00328198 -7.22409e-05  0.000114827 -0.000269629 -0.000310761 -9.56534e-05 -4.33663e-05 0.0218259         0         0 19968
              4.9779 -0.38355  31.3772 -0.30641   0.0136074 -0.00472997  -0.0151049 -0.0129802 0.00596824 0.00316509 -7.22521e-05  0.000114817 -0.000269644 -0.000310768 -9.59526e-05 -4.29892e-05 0.0212472         0         0 0
             5.07774 -0.386926   31.3841 -0.317002   0.0130755 -0.00433018  -0.0143681 -0.0102979 0.00420831 0.00722487 -7.48442e-05  0.000114237 -0.000274308 -0.000320651 -9.44689e-05 -5.96841e-05 0.0212482         0         0 19968
             5.07774 -0.386926   31.3841 -0.317002   0.0130691 -0.00432277  -0.0143704 -0.0103379 0.00425541 0.00720896 -7.48386e-05  0.000114232 -0.000274309  -0.00032058 -9.45953e-05 -5.95896e-05 0.0207958         0         0 0
             5.17806 -0.347296   31.3768 -0.292097   0.0140023 -0.00454262  -0.0130864 0.000508537 -0.00101796   0.0121056 -7.98014e-05  0.000114123 -0.000281712 -0.000346532 -8.45215e-05  -9.0212e-05 0.0207977         0         0 20064
             5.17806 -0.347296   31.3768 -0.292097   0.0139958 -0.00452901  -0.0130929  0.000466743 -0.000929071    0.0120613 -7.97984e-05  0.000114116 -0.000281719 -0.000346498  -8.4764e-05 -9.00461e-05 0.0217079         0         0 0
              5.2779 -0.395702   31.3566 -0.321856   0.0140291 -0.00513598      -0.013 -0.00221258 -0.00490082  0.00476563 -7.99387e-05  0.000116395 -0.000285249 -0.000358969 -7.58626e-05 -7.38317e-05 0.0217082         0         0 19968
              5.2779 -0.395702   31.3566 -0.321856  0.0140296 -0.0051303 -0.0129937 -0.00220718 -0.00486388  0.00480821 -7.99385e-05  0.000116403 -0.000285257 -0.000358919 -7.59638e-05 -7.39437e-05 0.0197311         0         0 0
             5.37774 -0.400497   31.3444 -0.327156   0.0151964 -0.00459851  -0.0137507  0.00476552  0.00155064 -0.00336271 -8.16383e-05  0.000116846 -0.000290331 -0.000394866 -9.49969e-05 -6.92036e-05 0.019729        0        0 19968
             5.37774 -0.400497   31.3444 -0.327156   0.0151955 -0.00459576  -0.0137588  0.00475914  0.00156771 -0.00341513 -8.16415e-05  0.000116842 -0.000290328 -0.000394928 -9.50458e-05 -6.90666e-05 0.0183935         0         0 0
             5.47806 -0.399134   31.3461 -0.322989      0.0165 -0.00503971  -0.0138699  0.00762391 -0.00235282   -0.001825 -8.43779e-05  0.000116635 -0.000295988 -0.000409274 -8.53675e-05 -8.28709e-05 0.0183941         0         0 20064
             5.47806 -0.399134   31.3461 -0.322989   0.0164993 -0.00503187  -0.0138724  0.00762001 -0.00230156 -0.00184091 -8.43711e-05  0.000116632 -0.000295982 -0.000409288 -8.55068e-05 -8.28266e-05 0.0179504         0         0 0
             5.77807 -0.469954   31.3542 -0.383518   0.0163906 -0.00743838  -0.0130643 -0.00547489 -0.00985535  0.00324405 -8.89265e-05  0.000117524 -0.000308643 -0.000401985 -6.73736e-05 -8.61834e-05 0.0179508         0         0 60000
             5.77807 -0.469954   31.3542 -0.383518  0.0163935 -0.0074422 -0.0130563 -0.00546272 -0.00986773  0.00327346 -8.89171e-05  0.000117522 -0.000308634 -0.000401963 -6.73345e-05 -8.62708e-05 0.0189608         0         0 0
             5.87791 -0.435608   31.3328 -0.350145   0.0145789 -0.00791587  -0.0136916  -0.0176787 -0.00827114 -0.00426519 -9.29711e-05  0.000120601 -0.000316252 -0.000400439 -7.30852e-05 -5.94791e-05 0.0189581         0         0 19968
             5.87791 -0.435608   31.3328 -0.350145    0.014584 -0.00791323  -0.0136863  -0.0176388 -0.00825091 -0.00422562   -9.296e-05  0.000120591 -0.000316256 -0.000400447 -7.31259e-05 -5.96222e-05 0.0184053         0         0 0
             5.97775  -0.38488   31.3849 -0.317024   0.0142448 -0.00645085  -0.0144474  -0.0109523  0.00629799 -0.00687358 -9.70786e-05  0.000115822 -0.000323619 -0.000427355 -0.000107975 -6.78427e-05 0.0183981         0         0 19968
             5.97775  -0.38488   31.3849 -0.317024   0.0142407 -0.00644851  -0.0144473  -0.0109804  0.00631204 -0.00687225 -9.70807e-05  0.000115823 -0.000323618 -0.000427294 -0.000108009 -6.78111e-05 0.0175525         0         0 0
             6.07807 -0.416516   31.3446 -0.299649   0.0148205 -0.00580989  -0.0140789 -0.00264564  0.00570191 8.31034e-05 -9.60527e-05   0.00011844 -0.000330499 -0.000444795  -0.00010782 -0.000102078 0.0175551         0         0 20064
             6.07807 -0.416516   31.3446 -0.299649    0.014819 -0.00580295  -0.0140824 -0.00265472  0.00574747 5.97831e-05 -9.60492e-05  0.000118435 -0.000330493 -0.000444809 -0.000107941 -0.000102007 0.0172431         0         0 0
             6.17791 -0.417096   31.3523  -0.33928   0.0138316 -0.00704697  -0.0135463  -0.0102805 -0.00607256  0.00326433 -0.000101301  0.000118448 -0.000334253 -0.000431354 -7.26974e-05 -0.000103469 0.017244        0        0 19968
             6.17791 -0.417096   31.3523  -0.33928  0.0138293 -0.0070453 -0.0135485  -0.0102952 -0.00606138  0.00324856 -0.000101295  0.000118443  -0.00033425 -0.000431342 -7.27274e-05 -0.000103407 0.0177798         0         0 0
             6.27775 -0.404828   31.3929 -0.355792   0.0146179 -0.00671254  -0.0142528 -0.00109925 0.000485308 -0.00316063 -0.000105028  0.000114367 -0.000338666 -0.000474435 -9.17793e-05 -0.000104931 0.0177751         0         0 19968
             6.27775 -0.404828   31.3929 -0.355792   0.0146133 -0.00671476  -0.0142569 -0.00112918 0.000470482 -0.00319032 -0.000105028  0.000114358 -0.000338665 -0.000474407 -9.17369e-05 -0.000104811 0.0188798         0         0 0
             6.37807 -0.425531   31.3763 -0.361966   0.0154756 -0.00604297  -0.0141093 0.00314709  0.0052953 0.00066839 -0.000105776  0.000115647 -0.000343689 -0.000488378  -0.00010475 -0.000124285 0.0188785         0         0 20064
             6.37807 -0.425531   31.3763 -0.361966   0.0154734 -0.00604351  -0.0141058  0.00313323  0.00529179 0.000691668 -0.000105771  0.000115643 -0.000343685 -0.000488307 -0.000104738 -0.000124323 0.0186055         0         0 0
             6.47791 -0.405506   31.3766 -0.335133   0.0135935 -0.00709466  -0.0145549  -0.0151769 -0.00455969 -0.00094178 -0.000109873  0.000117717 -0.000351597 -0.000461814 -7.48936e-05  -9.2906e-05 0.0186077         0         0 19968
             6.47791 -0.405506   31.3766 -0.335133   0.0135953 -0.00710982  -0.0145534   -0.0151667   -0.0046587 -0.000931293 -0.000109868  0.000117713 -0.000351593 -0.000461823  -7.4608e-05 -9.29459e-05 0.0181846         0         0 0
             6.57776 -0.411749   31.3699 -0.349026   0.0130178 -0.00740796  -0.0135219 -0.0114751 -0.0024956 0.00797395  -0.00011195  0.000118044 -0.000356103 -0.000466546  -8.0463e-05 -0.000125558 0.0181838         0         0 19968
             6.57776 -0.411749   31.3699 -0.349026   0.0129922 -0.00740465  -0.0135447  -0.0116502 -0.00247767  0.00781213 -0.000111948  0.000118048 -0.000356098 -0.000466371 -8.05163e-05 -0.000124887 0.0178604         0         0 0
             6.67808 -0.393868   31.3749 -0.328904   0.0133844 -0.00746024  -0.0145351  -0.0044873 -0.00162257 -0.00223104 -0.000114123  0.000116709 -0.000363716 -0.000511847 -8.72028e-05 -0.000111766 0.0178575         0         0 20064
             6.67808 -0.393868   31.3749 -0.328904   0.0133881 -0.00745727   -0.014544 -0.00446412 -0.00160348 -0.00229236 -0.000114131  0.000116705 -0.000363725 -0.000511999 -8.72623e-05 -0.000111644 0.0196436         0         0 0
             6.77792 -0.425079   31.3694 -0.310478   0.0143721 -0.00707496  -0.0145904   0.0027378  0.00227909 0.000372454 -0.000112496  0.000116633  -0.00037095 -0.000534655  -9.8671e-05 -0.000132081 0.0196434         0         0 19968
             6.77792 -0.425079   31.3694 -0.310478   0.0143759 -0.00707285  -0.0145935  0.00276316  0.00229265 0.000355926 -0.000112497   0.00011663 -0.000370954 -0.000534743 -9.87119e-05 -0.000132076 0.0171522         0         0 0
             6.87776 -0.403618   31.3658  -0.32987    0.015052 -0.00533739  -0.0137577 0.00309988  0.0121717 0.00705544 -0.000116365  0.000116974 -0.000374863 -0.000535435 -0.000128385 -0.000153225 0.0171471         0         0 19968
             6.87776 -0.403618   31.3658  -0.32987   0.0150494 -0.00533183   -0.013763 0.00308252  0.0122077 0.00701928 -0.000116362   0.00011697 -0.000374868 -0.000535447  -0.00012849 -0.000153105 0.0169799         0         0 0
             6.97808 -0.415635   31.3508 -0.340067   0.0142218 -0.00470363  -0.0132938 -0.00745174  0.00793017  0.00565618 -0.000118574  0.000119545 -0.000380077 -0.000521226 -0.000117208 -0.000139598 0.0169811         0         0 20064
             6.97808 -0.415635   31.3508 -0.340067   0.0142147 -0.00469727  -0.0132912 -0.00749788  0.00797084    0.005673 -0.000118569  0.000119546 -0.000380077 -0.000521083 -0.000117325 -0.000139572 0.0166218         0         0 0
             7.07792 -0.375309   31.3305 -0.292186   0.0140472 -0.00507787  -0.0141465 -0.00671333 -0.00155953 -0.00423474  -0.00012314  0.000121425 -0.000389859 -0.000547594 -9.60727e-05   -0.0001228 0.0166207         0         0 19968
             7.07792 -0.375309   31.3305 -0.292186  0.0140148 -0.0050357 -0.0141441  -0.0069242 -0.00128617 -0.00422339 -0.000123141   0.00012143  -0.00038986 -0.000547047 -9.68709e-05 -0.000122513 0.0165469         0         0 0
             7.17776 -0.419228    31.346 -0.347741   0.0155145 -0.00691324  -0.0130117 0.00532357 -0.0134118 0.00694841 -0.000126114  0.000119261 -0.000391991 -0.000568721 -6.47863e-05 -0.000174928 0.0165789         0         0 19968
             7.17776 -0.419228    31.346 -0.347741    0.015521 -0.00692927  -0.0130029 0.00536489 -0.0135136 0.00700862 -0.000126106  0.000119261 -0.000391989  -0.00056873 -6.44841e-05 -0.000175146 0.016809        0        0 0
             7.27808 -0.384047   31.3592 -0.327963  0.0143372 -0.0070239  -0.012732 -0.00845251 -0.00621127  0.00381505  -0.00012969  0.000119767 -0.000399016 -0.000548779 -8.80414e-05 -0.000151359 0.0168005         0         0 20064
             7.27808 -0.384047   31.3592 -0.327963   0.0143397 -0.00703178  -0.0127272  -0.0084349 -0.00626358  0.00384932 -0.000129688  0.000119767 -0.000399013 -0.000548769 -8.78861e-05 -0.000151475 0.0163151         0         0 0
             7.37792 -0.393566   31.3458 -0.288655   0.0140953 -0.00554861     -0.0135 -0.00663321  0.00751457 -0.00374756 -0.000127717   0.00012111 -0.000407108  -0.00057479 -0.000129251 -0.000138122 0.0163082         0         0 19968
             7.37792 -0.393566   31.3458 -0.288655    0.014098 -0.00554489  -0.0134954 -0.00661384   0.0075412 -0.00371704 -0.000127711  0.000121103 -0.000407106 -0.000574788 -0.000129327 -0.000138231 0.0170994         0         0 0
             7.47776 -0.410194   31.3549 -0.309072   0.0143576 -0.00592936  -0.0124437  -0.00294714 -0.000613157   0.00571428 -0.000130298  0.000120199 -0.000411711 -0.000578723 -0.000108336 -0.000174525 0.0171027         0         0 19968
             7.47776 -0.410194   31.3549 -0.309072   0.0143641 -0.00593377  -0.0124487  -0.00290661 -0.000642047   0.00568468 -0.000130299  0.000120194 -0.000411711 -0.000578872 -0.000108252 -0.000174509 0.0150299         0         0 0
             7.57809  -0.42504   31.3658 -0.348943   0.0135194 -0.00601131  -0.0135095 -0.00911185 -0.00112318 -0.00652938 -0.000133017  0.000119826 -0.000414797 -0.000591107 -0.000107995 -0.000140491 0.0150305         0         0 20064
             7.57809  -0.42504   31.3658 -0.348943   0.0135162 -0.00601309  -0.0135083 -0.00913097 -0.00113485 -0.00652203  -0.00013301  0.000119819 -0.000414795 -0.000591045 -0.000107958  -0.00014048 0.01643       0       0 0
             7.67793 -0.411684   31.4206  -0.31468   0.0134371 -0.00626048   -0.014897 -0.00609962 -0.00326204  -0.0119853 -0.000135402  0.000114845 -0.000423278 -0.000616567 -0.000105983 -0.000136012 0.0164288         0         0 19968
             7.67793 -0.411684   31.4206  -0.31468   0.0134294 -0.00625455   -0.014903 -0.00615049 -0.00322426  -0.0120274 -0.000135407  0.000114845 -0.000423284 -0.000616505 -0.000106098 -0.000135822 0.0155228         0         0 0
             7.77777 -0.401013   31.3473 -0.316357  0.0146126 -0.0058645 -0.0138219 0.00327093 0.00143893 0.00339478 -0.000138565  0.000120486 -0.000428847 -0.000624642 -0.000120155 -0.000196903 0.0155228         0         0 19968
             7.77777 -0.401013   31.3473 -0.316357   0.0146163 -0.00586273  -0.0138205 0.00329443  0.0014525 0.00340595 -0.000138555   0.00012048 -0.000428846 -0.000624683 -0.000120194 -0.000196969 0.0133423         0         0 0
             7.87809 -0.426318   31.3805 -0.340919   0.0146113 -0.00541143  -0.0126257 -0.00169431  0.00339799  0.00897984 -0.000139362  0.000117704 -0.000433278 -0.000614203 -0.000126245 -0.000210123 0.0133428         0         0 20064
             7.87809 -0.426318   31.3805 -0.340919  0.0146135  -0.005411 -0.0126247 -0.00167951  0.00340197  0.00898698 -0.000139355  0.000117694 -0.000433281 -0.000614227 -0.000126256 -0.000210164 0.0127562         0         0 0
             7.97793 -0.440488   31.3664 -0.351278   0.0140119 -0.00564334  -0.0130188  -0.00742446 -0.000681844  0.000326457 -0.000142055  0.000119756 -0.000438416 -0.000624338 -0.000114348 -0.000181206 0.0127536         0         0 19968
             7.97793 -0.440488   31.3664 -0.351278   0.0140082 -0.00563707  -0.0130221  -0.00744816 -0.000642085  0.000303062 -0.000142057  0.000119758 -0.000438417 -0.000624315 -0.000114469 -0.000181107 0.0140847         0         0 0
             8.07777 -0.463344   31.3788  -0.33042   0.0124972 -0.00722799  -0.0140014 -0.0156057 -0.0106852  -0.006217 -0.000142744  0.000119866 -0.000446408 -0.00062543 -8.2863e-05 -0.00015432 0.0140814         0         0 19968
             8.07777 -0.463344   31.3788  -0.33042   0.0124922 -0.00722339  -0.0140064   -0.015638  -0.0106557 -0.00625059 -0.000142741  0.000119867 -0.000446404 -0.000625402 -8.29523e-05 -0.000154179 0.0136403         0         0 0
             8.17809 -0.448802   31.3979 -0.345692   0.0122332 -0.00716795  -0.0126418 -0.00917054 -0.00205306  0.00834369 -0.000146495  0.000117966 -0.000450787 -0.000628065 -0.000106212 -0.000206563 0.0136404         0         0 20064
             8.17809 -0.448802   31.3979 -0.345692   0.0122377 -0.00716407   -0.012646 -0.00914122 -0.00202689    0.008316 -0.000146492  0.000117961 -0.000450794 -0.000628185 -0.000106293 -0.000206535 0.0127891         0         0 0
             8.27793 -0.396774   31.3597 -0.322101   0.0141506 -0.00684843  -0.0132264  0.00698593  0.00220046 0.000287633 -0.000152076  0.000120245 -0.000458703 -0.000694456  -0.00011886 -0.000213019 0.0127819         0         0 19968
             8.27793 -0.396774   31.3597 -0.322101  0.0141497 -0.0068392 -0.0132331  0.00698035  0.00226078 0.000241841 -0.000152075   0.00012024 -0.000458703 -0.000694515 -0.000119045 -0.000212886 0.0124383         0         0 0
             8.37777 -0.365524   31.3783 -0.275225  0.0143313 -0.0059798 -0.0151764 0.00067796 0.00633695 -0.0119976 -0.000154864  0.000119517 -0.000468097 -0.000709803 -0.000132744  -0.00017286 0.0124401         0         0 19968
             8.37777 -0.365524   31.3783 -0.275225   0.0142662 -0.00600248  -0.0151971 0.000234227  0.00617256  -0.0121499 -0.000154895  0.000119528 -0.000468096 -0.000708906 -0.000132251 -0.000171742 0.0129316         0         0 0
             8.47809 -0.388911   31.3813 -0.329176   0.0158683 -0.00630332  -0.0158661   0.0083766 0.000392094 -0.00683884 -0.000158609  0.000119012 -0.000470033  -0.00073185 -0.000116558 -0.000201334 0.0129268         0         0 20064
             8.47809 -0.388911   31.3813 -0.329176  0.0158123 -0.0063256 -0.0158884  0.00799786 0.000232864 -0.00699953 -0.000158635  0.000119028 -0.000470029 -0.000731133 -0.000116077 -0.000200292 0.0135461         0         0 0
             8.57794 -0.418079   31.3829 -0.329617   0.0140096 -0.00625039  -0.0144567  -0.0111917 6.58348e-05  0.00861801 -0.000158445  0.000121094 -0.000475619 -0.000664814 -0.000117061 -0.000215469 0.0135445         0         0 19968
             8.57794 -0.418079   31.3829 -0.329617   0.0139914 -0.00626275  -0.0144584   -0.0113167 -1.82917e-05   0.00860149 -0.000158447  0.000121096 -0.000475616 -0.000664516 -0.000116802 -0.000215223 0.0124272         0         0 0
             8.67778 -0.440123   31.4092 -0.336601   0.0145631 -0.00622994  -0.0130693 -0.00203381 0.000368744   0.0131249 -0.000159319  0.000118047 -0.000481104 -0.000690436 -0.000119119 -0.000248212 0.012426        0        0 19968
             8.67778 -0.440123   31.4092 -0.336601     0.01456 -0.00622462  -0.0130825 -0.00205601 0.000402255   0.0130333 -0.000159323  0.000118036 -0.000481109 -0.000690529 -0.000119226 -0.000247925 0.0128658         0         0 0
              8.7781   -0.4254   31.3918 -0.321476   0.0137506 -0.00557947  -0.0126516  -0.008677 0.00426123 0.00808399 -0.000161373  0.000120165 -0.000487931 -0.000691511 -0.000132067 -0.000226582 0.0128685         0         0 20064
              8.7781   -0.4254   31.3918 -0.321476  0.0137445 -0.0055673 -0.0126644 -0.00871859  0.00434007  0.00799538 -0.000161375  0.000120163 -0.000487931 -0.000691549 -0.000132315 -0.000226272 0.0133341         0         0 0
             8.87794 -0.438406   31.3455 -0.325695   0.0140676 -0.00729813  -0.0126428 -0.00316395  -0.0103219   0.0024618 -0.000164846  0.000124058 -0.000494434 -0.000722488 -8.91856e-05 -0.000226142 0.0133311         0         0 19968
             8.87794 -0.438406   31.3455 -0.325695   0.0140674 -0.00729356  -0.0126514 -0.00316615  -0.0102911  0.00240042 -0.000164848  0.000124053 -0.000494437 -0.000722585 -8.92837e-05 -0.000225969 0.0116918         0         0 0
             8.97778 -0.436013   31.3847 -0.389011   0.0143497 -0.00725359  -0.0137623 -0.00151507 -0.00267352 -0.00666503 -0.000170063  0.000120381 -0.000495189 -0.000753267 -0.000110917  -0.00020846 0.0116966         0         0 19968
             8.97778 -0.436013   31.3847 -0.389011   0.0143519 -0.00724252  -0.0137681 -0.00149721 -0.00260021 -0.00670191 -0.000170059  0.000120378 -0.000495189 -0.000753375 -0.000111147 -0.000208388 0.0134403         0         0 0
              9.0781  -0.41908   31.4123 -0.330517  0.0145942 -0.0069745 -0.0137346 -0.000573778  0.000570323   -0.0019968  -0.00017069  0.000118388 -0.000505955 -0.000755849 -0.000122884  -0.00022984 0.0134383         0         0 20064
              9.0781  -0.41908   31.4123 -0.330517   0.0145893 -0.00696622  -0.0137472 -0.000609636  0.000624111  -0.00208553 -0.000170694  0.000118387 -0.000505961 -0.000755904 -0.000123056 -0.000229535 0.0131501         0         0 0
             9.17794 -0.374394   31.3964 -0.311851   0.0154536 -0.00634806  -0.0156931 0.00340975 0.00343152 -0.0144809 -0.000175606  0.000119546 -0.000513794 -0.000795365  -0.00013543 -0.000207956 0.0131513         0         0 19968
             9.17794 -0.374394   31.3964 -0.311851   0.0154439 -0.00634084  -0.0157059 0.00334261 0.00347735 -0.0145711 -0.000175608   0.00011955 -0.000513798 -0.000795339 -0.000135578 -0.000207596 0.0136948         0         0 0
             9.27778 -0.415225    31.377  -0.33671   0.0151132 -0.00617414  -0.0153393  -0.0032867  0.00151707 -0.00307918 -0.000176254  0.000122024 -0.000517973 -0.000766329 -0.000131638 -0.000237249 0.0136936         0         0 19968
             9.27778 -0.415225    31.377  -0.33671   0.0151071 -0.00616955  -0.0153531 -0.00332994  0.00154652 -0.00317629 -0.000176254  0.000122024 -0.000517969 -0.000766379 -0.000131732 -0.000236907 0.0137746         0         0 0
              9.3781 -0.412742   31.3431 -0.320226   0.0136469 -0.00532294  -0.0130632 -0.0130883 0.00582853  0.0138591 -0.000177852   0.00012609 -0.000525215 -0.000720086 -0.000145654 -0.000276712 0.0137686         0         0 20064
              9.3781 -0.412742   31.3431 -0.320226   0.0136503 -0.00531231  -0.0130652 -0.0130649 0.00590211  0.0138443 -0.000177844  0.000126085 -0.000525212 -0.000720172 -0.000145886 -0.000276709 0.0125307         0         0 0
             9.47794 -0.398012   31.4033 -0.332378   0.0138786 -0.00664154   -0.012299 -0.00538439 -0.00732022   0.0093041 -0.000182661   0.00011944 -0.000532064 -0.000758963 -0.000106172 -0.000281508 0.012529        0        0 19968
             9.47794 -0.398012   31.4033 -0.332378     0.01387 -0.00663347    -0.01231 -0.00544339 -0.00726851  0.00922775 -0.000182663  0.000119442 -0.000532067 -0.000758935 -0.000106338 -0.000281197 0.0134336         0         0 0
             9.57779 -0.356306   31.3346  -0.27173   0.0141431 -0.00581432    -0.01141 -0.00235225  0.00300802  0.00881533 -0.000185351  0.000125517 -0.000542437 -0.000778281 -0.000139642 -0.000291413 0.0134336         0         0 19968
             9.57779 -0.356306   31.3346  -0.27173   0.0141407 -0.00580781  -0.0114144 -0.00236983   0.0030515  0.00878379 -0.000185349  0.000125514 -0.000542435 -0.000778287  -0.00013978 -0.000291295 0.0120274         0         0 0
             9.67811 -0.440012   31.3816 -0.357478   0.0149864 -0.00644407  -0.0120219  0.00173084 -0.00328314 -0.00126249 -0.000184226  0.000120351 -0.000542508 -0.000820079 -0.000121393 -0.000274026 0.0120283         0         0 20064
             9.67811 -0.440012   31.3816 -0.357478   0.0149879 -0.00643476  -0.0120204  0.00174486 -0.00321992  -0.0012491 -0.000184217  0.000120346 -0.000542506 -0.000820092 -0.000121593 -0.000274088 0.0144398         0         0 0
             9.77795 -0.421258   31.3944 -0.310958   0.0135523 -0.00602552   -0.014237 -0.0124073 0.00154633 -0.0156681 -0.000186623  0.000120909 -0.000552148 -0.000818193 -0.000137546 -0.000213292 0.0144463         0         0 19968
             9.77795 -0.421258   31.3944 -0.310958   0.0135557 -0.00602103  -0.0142452 -0.0123866 0.00157622 -0.0157256 -0.000186624  0.000120902 -0.000552157 -0.000818347 -0.000137645 -0.000213163 0.0131298         0         0 0
             9.87779 -0.381398   31.3864 -0.308672   0.0126553 -0.00620786  -0.0155864   -0.0126236 -0.000545386   -0.0131186 -0.000193091  0.000121593  -0.00055894 -0.000824543 -0.000131336  -0.00022227 0.0131276         0         0 19968
             9.87779 -0.381398   31.3864 -0.308672    0.012649 -0.00620316  -0.0155996    -0.01267 -0.00051516  -0.0132124 -0.000193095  0.000121592 -0.000558938 -0.000824579 -0.000131436 -0.000221924 0.0123184         0         0 0
             9.97811 -0.436128   31.3603 -0.357455   0.0124828 -0.00631461  -0.0128085  -0.00673832 -0.000369566    0.0169741 -0.000193258  0.000123713 -0.000561104 -0.000799412 -0.000131768 -0.000319965 0.0123037         0         0 20064
             9.97811 -0.436128   31.3603 -0.357455   0.0124857 -0.00630997  -0.0128116  -0.00671844 -0.000337889    0.0169529 -0.000193254  0.000123708 -0.000561104 -0.000799503  -0.00013187 -0.000319938 0.0118569         0         0 0
             10.0779 -0.427703   31.3615 -0.343861   0.0131082 -0.00606044  -0.0125058 -0.000711487   0.00243496   0.00867302 -0.000196195  0.000123324 -0.000568133  -0.00084315 -0.000139462  -0.00031007 0.0118586         0         0 19968
             10.0779 -0.427703   31.3615 -0.343861   0.0131062 -0.00605578  -0.0125112 -0.000726505   0.00246668   0.00863326 -0.000196195  0.000123321 -0.000568131 -0.000843177 -0.000139566 -0.000309931 0.0110876         0         0 0
             10.1778 -0.422791    31.384 -0.315239   0.0129968 -0.00601469  -0.0130448 -0.00376178  0.00133127 0.000547039 -0.000197558  0.000121831 -0.000577126 -0.000861263 -0.000136654 -0.000283556 0.0110895         0         0 19968
             10.1778 -0.422791    31.384 -0.315239   0.0129918 -0.00600611   -0.013054 -0.00379494  0.00138751 0.000484341 -0.000197558  0.000121829 -0.000577125 -0.000861281 -0.000136838  -0.00028332 0.0129757         0         0 0
             10.2781 -0.417572   31.3398 -0.313961   0.0120288 -0.00815964  -0.0128632 -0.0101268 -0.0142035 0.00259895 -0.000201875  0.000127029  -0.00058455 -0.000850118 -8.81939e-05 -0.000281556 0.0129748         0         0 20064
             10.2781 -0.417572   31.3398 -0.313961   0.0120262 -0.00815257  -0.0128707 -0.0101456 -0.0141568 0.00254576 -0.000201876  0.000127025  -0.00058455 -0.000850158 -8.83486e-05  -0.00028137 0.011764        0        0 0
             10.3779 -0.406231     31.38  -0.36253   0.0148751 -0.00660621  -0.0135727   0.0134725  0.00629105 -0.00276881 -0.000205948  0.000120959 -0.000586196 -0.000936529 -0.000156666 -0.000313713 0.0117603         0         0 19968
             10.3779 -0.406231     31.38  -0.36253   0.0148793 -0.00660482  -0.0135737   0.0135021  0.00630093 -0.00277369 -0.000205942  0.000120951 -0.000586197 -0.000936618 -0.000156697 -0.000313749 0.0127332         0         0 0
             10.4778 -0.417994   31.3914 -0.326327   0.0131179 -0.00618397  -0.0139734  -0.0105462  0.00448658 -0.00371564 -0.000205619  0.000122495 -0.000595644 -0.000880647 -0.000152011 -0.000276599 0.0127436         0         0 19968
             10.4778 -0.417994   31.3914 -0.326327   0.0131099 -0.00617267  -0.0139915  -0.0106003  0.00455997 -0.00384109 -0.000205626  0.000122488 -0.000595649 -0.000880717 -0.000152257 -0.000276143 0.0142513         0         0 0
             10.5781 -0.390326   31.3715 -0.295679   0.0139016 -0.00561667  -0.0139137 5.32561e-05  0.00520327 0.000270205 -0.000209594  0.000123548 -0.000603843 -0.000911628 -0.000156692  -0.00031159 0.0142472         0         0 20064
             10.5781 -0.390326   31.3715 -0.295679   0.0138951 -0.00562085  -0.0139231 4.30634e-06  0.00517424 0.000201517 -0.000209595  0.000123549  -0.00060384 -0.000911614 -0.000156598 -0.000311304 0.0120125         0         0 0
              10.678  -0.41822   31.3515 -0.379739   0.0140108 -0.00494621  -0.0141315 -0.000740048   0.00544014 -0.000849432 -0.000213327  0.000125744 -0.000603342 -0.000918961 -0.000161617 -0.000311228 0.0120124         0         0 19968
              10.678  -0.41822   31.3515 -0.379739   0.0140059 -0.00493848   -0.014144 -0.000773393   0.00548985 -0.000935012 -0.000213332  0.000125738 -0.000603346 -0.000919019 -0.000161785  -0.00031092 0.0134001         0         0 0
             10.7778 -0.409988   31.4014 -0.337429   0.0144569 -0.00481143  -0.0148625 0.000943223  0.00221226 -0.00502651 -0.000214855  0.000121094 -0.000613583  -0.00094082 -0.000152489 -0.000307793 0.0133995         0         0 19968
             10.7778 -0.409988   31.4014 -0.337429   0.0144597 -0.00480656   -0.014869 0.000960961    0.002245 -0.00507245 -0.000214856  0.000121088 -0.000613588 -0.000940951   -0.0001526 -0.000307689 0.0122593         0         0 0
             10.8781 -0.361853   31.3938 -0.316907   0.0122202 -0.00508534  -0.0149392  -0.0172997 -0.00238034 -0.00262894 -0.000221549  0.000124328 -0.000621714 -0.000894735 -0.000140438 -0.000290611 0.0122612         0         0 20064
             10.8781 -0.361853   31.3938 -0.316907    0.012212 -0.00507809  -0.0149525  -0.0173582 -0.00233366 -0.00272307 -0.000221553   0.00012433 -0.000621719 -0.000894739 -0.000140598 -0.000290233 0.0120318         0         0 0
              10.978 -0.424847   31.3817 -0.320425   0.0128694 -0.00542133  -0.0127427 -0.00288725 -0.00365716   0.0142012 -0.000218205  0.000124115 -0.000627715 -0.000912721  -0.00014011 -0.000372971 0.012024        0        0 19968
              10.978 -0.424847   31.3817 -0.320425    0.012867 -0.00541259  -0.0127519   -0.002903 -0.00359967   0.0141371 -0.000218204   0.00012411 -0.000627717 -0.000912791 -0.000140304 -0.000372755 0.0125415         0         0 0
             11.0778 -0.399011   31.3557 -0.324797   0.0139207 -0.00640082  -0.0128336   0.0039931 -0.00896704   0.0029244 -0.000224355  0.000125846  -0.00063435 -0.000961192 -0.000126311 -0.000358727 0.0125425         0         0 19968
             11.0778 -0.399011   31.3557 -0.324797   0.0139206 -0.00639607  -0.0128402  0.00399097 -0.00893462  0.00287603 -0.000224356  0.000125842 -0.000634349 -0.000961273  -0.00012642  -0.00035858 0.0111191         0         0 0
             11.1781 -0.443209   31.3711 -0.327107   0.0141082 -0.00822575  -0.0127597 -0.000640334   -0.0152428  0.000487765 -0.000223704  0.000124925 -0.000641071 -0.000964632 -0.000104431 -0.000351792 0.0111198         0         0 20064
             11.1781 -0.443209   31.3711 -0.327107   0.0141153 -0.00822236  -0.0127612 -0.000591018   -0.0152186  0.000478867 -0.000223698  0.000124917 -0.000641073 -0.000964787 -0.000104512 -0.000351851 0.0118882         0         0 0
              11.278 -0.452019   31.3597 -0.364866   0.0135801 -0.00783972  -0.0126825 -0.00621182 -0.00252968 7.40076e-05 -0.000226986  0.000127011 -0.000643704 -0.000959717 -0.000147091 -0.000347163 0.01189       0       0 19968
              11.278 -0.452019   31.3597 -0.364866   0.0135733 -0.00783545   -0.012692 -0.00625544 -0.00250289 9.99546e-06 -0.000226985   0.00012701 -0.000643704 -0.000959708 -0.000147182 -0.000346897 0.0142904         0         0 0
             11.3778 -0.405467   31.3714 -0.331546   0.0133084 -0.00628821  -0.0134769 -0.00651895  0.00989046 -0.00561648 -0.000231719  0.000126025 -0.000652232 -0.000981475  -0.00018754 -0.000335428 0.0142916         0         0 19968
             11.3778 -0.405467   31.3714 -0.331546   0.0133117 -0.00627652  -0.0134809 -0.00649486   0.0099703  -0.0056433 -0.000231714  0.000126017 -0.000652233  -0.00098159 -0.000187809  -0.00033539 0.0143417         0         0 0
             11.4781 -0.429166   31.3527 -0.347146  0.013649 -0.007463 -0.013433 -0.00286171 -0.00448824 -0.00125055 -0.000234243  0.000127419 -0.000658092 -0.000996997 -0.000138407 -0.000360168 0.0143403         0         0 20064
             11.4781 -0.429166   31.3527 -0.347146   0.0136458 -0.00745772  -0.0134419 -0.00288691 -0.00445398 -0.00131498 -0.000234246  0.000127414 -0.000658092 -0.000997041 -0.000138526  -0.00035993 0.0120234         0         0 0
              11.578 -0.442593   31.3659 -0.343023   0.0134158 -0.00678977   -0.013351 -0.00520931  0.00414634  0.00102111 -0.000234757  0.000126424 -0.000664693 -0.000999605 -0.000164566 -0.000366039 0.0120228         0         0 19968
              11.578 -0.442593   31.3659 -0.343023   0.0134114 -0.00678336   -0.013359 -0.00524069  0.00418853 0.000964444  -0.00023476  0.000126425 -0.000664696 -0.000999618 -0.000164712 -0.000365814 0.0117572         0         0 0
             11.6778 -0.402418   31.3679  -0.31429   0.0140996 -0.00591573  -0.0126223 0.000657936  0.00781372  0.00656053 -0.000240722  0.000125899 -0.000673127  -0.00101891 -0.000176503  -0.00039579 0.0117549         0         0 19968
             11.6778 -0.402418   31.3679  -0.31429    0.014098 -0.00590825  -0.0126305 0.000646968  0.00786347  0.00650409 -0.000240721  0.000125894 -0.000673129  -0.00101898 -0.000176674 -0.000395601 0.0124042         0         0 0
             11.7781 -0.417852   31.3843 -0.349688   0.0139886 -0.00458721  -0.0129553 -0.00314906   0.0119036 0.000951002 -0.000243331  0.000125038 -0.000676677  -0.00103085 -0.000190608 -0.000374198 0.0124064         0         0 20064
             11.7781 -0.417852   31.3843 -0.349688   0.0139853 -0.00458025  -0.0129648 -0.00317273   0.0119503 0.000884209  -0.00024333  0.000125036 -0.000676676   -0.0010309 -0.000190769 -0.000373954 0.0131731         0         0 0
              11.878 -0.437858    31.371  -0.36318   0.0142757 -0.00520216  -0.0122229  -0.00179566 -1.96318e-05   0.00696873 -0.000245403  0.000126466 -0.000683002  -0.00103736 -0.000150537 -0.000397641 0.0131716         0         0 19968
              11.878 -0.437858    31.371  -0.36318   0.0142704 -0.00519559   -0.012232 -0.00183237 2.40125e-05  0.00690448 -0.000245402  0.000126464    -0.000683  -0.00103737 -0.000150688 -0.000397382 0.0135556         0         0 0
             11.9778 -0.409492   31.3872 -0.324392   0.0134193 -0.00593992  -0.0117724 -0.00881359 -0.00438667  0.00632654 -0.000249446  0.000125589 -0.000692996  -0.00102942 -0.000134175 -0.000386634 0.0135566         0         0 19968
             11.9778 -0.409492   31.3872 -0.324392  0.0134174 -0.0059335 -0.0117787 -0.00882874 -0.00434391  0.00628132 -0.000249444  0.000125585 -0.000692996  -0.00102946 -0.000134323 -0.000386469 0.0114686         0         0 0
             12.0781 -0.401596   31.3902 -0.325248     0.01298 -0.00657454  -0.0128446 -0.00827094 -0.00501229 -0.00382412 -0.000253708  0.000125506 -0.000699878  -0.00106229 -0.000131441 -0.000358178 0.0114694         0         0 20064
             12.0781 -0.401596   31.3902 -0.325248   0.0129752 -0.00657026  -0.0128547 -0.00830363 -0.00498445 -0.00389449 -0.000253707  0.000125505 -0.000699877  -0.00106232 -0.000131538 -0.000357904 0.0132068         0         0 0
              12.178 -0.390588   31.4034 -0.325349   0.0144398 -0.00699675  -0.0140295  0.00575431 -0.00468672 -0.00785244  -0.00025706  0.000122975 -0.000706607  -0.00112047 -0.000137562 -0.000374058 0.0132027         0         0 19968
              12.178 -0.390588   31.4034 -0.325349   0.0144345 -0.00699083  -0.0140402  0.00571479 -0.00464805 -0.00792879 -0.000257065  0.000122971 -0.000706606  -0.00112049 -0.000137698 -0.000373753 0.0121241         0         0 0
             12.2778 -0.401679   31.3492 -0.308008  0.0137396 -0.0071275 -0.0145301 -0.00567383 -0.00204033 -0.00477199 -0.000258738  0.000130358 -0.000714015   -0.0010951 -0.000144809 -0.000367373 0.0121254         0         0 19968
             12.2778 -0.401679   31.3492 -0.308008   0.0137342 -0.00713127  -0.0145375  -0.0057135 -0.00206741 -0.00482502  -0.00025874  0.000130357 -0.000714012  -0.00109508 -0.000144716 -0.000367139 0.0115763         0         0 0
             12.3781 -0.394098    31.358 -0.318076   0.0124047 -0.00614128  -0.0145075   -0.0131973   0.00573242 -0.000590536 -0.000261876  0.000130333 -0.000719202  -0.00107634 -0.000173908 -0.000372841 0.0115773         0         0 20064
             12.3781 -0.394098    31.358 -0.318076   0.0123973 -0.00613344  -0.0145193   -0.0132466   0.00578223 -0.000672292 -0.000261877  0.000130332 -0.000719203  -0.00107635 -0.000174084   -0.0003725 0.0132584         0         0 0
              12.478 -0.438515   31.3676  -0.33407    0.013434 -0.00642572  -0.0131448   0.00142781 -0.000157769   0.00999883 -0.000261132  0.000127814 -0.000724853  -0.00110765 -0.000156473  -0.00043739 0.0132505         0         0 19968
              12.478 -0.438515   31.3676  -0.33407   0.0134339 -0.00641783  -0.0131476   0.00142637 -0.000103457   0.00997816 -0.000261128  0.000127811  -0.00072485  -0.00110768 -0.000156661 -0.000437324 0.0120895         0         0 0
             12.5778  -0.40342   31.3882 -0.309012   0.0123484 -0.00675792  -0.0133152 -0.00910291 -0.00331465  0.00128226 -0.000267253  0.000127258 -0.000733738  -0.00110109 -0.000148117 -0.000398151 0.0120919         0         0 19968
             12.5778  -0.40342   31.3882 -0.309012   0.012343 -0.0067516 -0.0133237 -0.00914201 -0.00327319  0.00122148 -0.000267255  0.000127259 -0.000733742  -0.00110109 -0.000148265 -0.000397892 0.0111005         0         0 0
             12.6781  -0.41836    31.376 -0.346055   0.0130983 -0.00629408  -0.0135889 0.000382451  0.00147789 -0.00162506 -0.000268938  0.000127513 -0.000737638  -0.00114369 -0.000167122 -0.000413571 0.0110975         0         0 20064
             12.6781  -0.41836    31.376 -0.346055   0.0130939 -0.00629503  -0.0135997 0.000352266  0.00147045 -0.00170009 -0.000268938  0.000127509 -0.000737642  -0.00114374 -0.000167099 -0.000413282 0.0127486         0         0 0
              12.778 -0.413511   31.3439   -0.3467   0.0130032 -0.00605229  -0.0134436  -0.00271305   0.00148363 -0.000333804 -0.000273538   0.00013185 -0.000743946  -0.00114185 -0.000168674 -0.000421291 0.0127474         0         0 19968
              12.778 -0.413511   31.3439   -0.3467   0.0130059 -0.00604411  -0.0134521  -0.00269623   0.00153989 -0.000394163 -0.00027354 0.000131845 -0.00074395  -0.00114201 -0.000168874 -0.000421134 0.0120616         0         0 0
             12.8778 -0.413327    31.399 -0.323565   0.0141698 -0.00621793  -0.0135636  0.00491124 -0.00094775 -0.00143873 -0.000276303   0.00012548 -0.000752567  -0.00117721 -0.000161249 -0.000439451 0.0120591         0         0 19968
             12.8778 -0.413327    31.399 -0.323565   0.0141649 -0.00621196  -0.0135743   0.00487683 -0.000908598  -0.00151463 -0.000276306  0.000125474 -0.000752567  -0.00117725  -0.00016139 -0.000439151 0.0120414         0         0 0
             12.9781 -0.423717   31.3371 -0.324142   0.0131691 -0.00519107  -0.0128977 -0.00717624   0.0059292  0.00363897 -0.000277349  0.000133135  -0.00075886  -0.00114134  -0.00018719 -0.000438713 0.0120427         0         0 20064
             12.9781 -0.423717   31.3371 -0.324142   0.0131737 -0.00518138  -0.0128954 -0.00714262  0.00599578  0.00365641 -0.000277341  0.000133131 -0.000758855  -0.00114141 -0.000187423  -0.00043883 0.0122975         0         0 0
              13.078 -0.380404   31.3623 -0.291683    0.013451 -0.00603001  -0.0130528  -0.00294793  -0.00437234 -0.000286136 -0.000284332  0.000130321 -0.000768827  -0.00117357 -0.000152753 -0.000440747 0.0122966         0         0 19968
              13.078 -0.380404   31.3623 -0.291683   0.0134558 -0.00602395  -0.0130517  -0.00291416  -0.00433012 -0.000277969 -0.000284324  0.000130316 -0.000768824  -0.00117366 -0.000152901 -0.000440835 0.0114803         0         0 0
             13.1778 -0.421265   31.3762 -0.326408   0.0128924 -0.00705691  -0.0127286 -0.00741628 -0.00881733  0.00233243 -0.000285599  0.000129718 -0.000772989  -0.00116842 -0.000138428 -0.000445343 0.0114802         0         0 19968
             13.1778 -0.421265   31.3762 -0.326408   0.0128977 -0.00704703  -0.0127291 -0.00737695 -0.00874909  0.00233052 -0.000285593   0.00012971 -0.000772989 -0.00116854 -0.00013867 -0.00044541 0.0119976         0         0 0
             13.2781 -0.410728    31.333 -0.323015   0.0138012 -0.00736762  -0.0130057  0.000508322  -0.00427211 -9.61754e-05 -0.000289695  0.000133476 -0.000779643  -0.00121293 -0.000152487 -0.000457293 0.0119934         0         0 20064
             13.2781 -0.410728    31.333 -0.323015   0.0138081 -0.00735762  -0.0130042  0.000557865  -0.00420286 -8.36711e-05 -0.000289687  0.000133468  -0.00077964  -0.00121305 -0.000152732 -0.000457425 0.0120669         0         0 0
              13.378 -0.424764   31.3583 -0.328028  0.0152643 -0.0075115 -0.0133573  0.00699406 -0.00174644 -0.00161189 -0.000291628  0.000130134 -0.000785537  -0.00125015 -0.000161061   -0.0004701 0.012065        0        0 19968
              13.378 -0.424764   31.3583 -0.328028   0.0152722 -0.00750041  -0.0133561  0.00705051 -0.00166976 -0.00160159  -0.00029162  0.000130123 -0.000785539   -0.0012503 -0.000161334 -0.000470238 0.012169        0        0 0
             13.4778 -0.445877   31.3406 -0.344897   0.0132164 -0.00697829  -0.0134058   -0.0146938   0.00309061 -0.000109167 -0.000293446  0.000134524  -0.00079075  -0.00119488 -0.000177301 -0.000437087 0.0121737         0         0 19968
             13.4778 -0.445877   31.3406 -0.344897   0.0132197 -0.00696887  -0.0134156  -0.0146717  0.00315453 -0.00017699 -0.000293449  0.000134517 -0.000790756  -0.00119508 -0.000177534 -0.000436913 0.0116949         0         0 0
             13.5781  -0.37579   31.3968 -0.305304   0.0118088 -0.00586993  -0.0145726  -0.0166766  0.00848719 -0.00680048 -0.000301554  0.000129471 -0.000800651  -0.00121509 -0.000197451 -0.000414434 0.0116938         0         0 20064
             13.5781  -0.37579   31.3968 -0.305304   0.0118109 -0.00586727  -0.0145754  -0.0166627  0.00850521 -0.00682001 -0.000301552   0.00012947 -0.000800655  -0.00121517 -0.000197517 -0.000414398 0.0114245         0         0 0
              13.678 -0.375977   31.3866 -0.291075  0.0129927 -0.0045079  -0.014634 0.000640578   0.0124608  -0.0012501 -0.000303251  0.000129149 -0.000808355  -0.00126859 -0.000213051 -0.000469838 0.0114164         0         0 19968
              13.678 -0.375977   31.3866 -0.291075   0.0129957 -0.00449922  -0.0146337 0.000663151   0.0125197 -0.00124707 -0.000303245  0.000129144 -0.000808351  -0.00126865 -0.000213262  -0.00046989 0.0119051         0         0 0
             13.7778 -0.368074   31.3451 -0.311777  0.0153854 -0.0042242 -0.0139093   0.014288 0.00599422 0.00632786 -0.000307854  0.000131986 -0.000814033  -0.00130895 -0.000193004 -0.000522315 0.0118993         0         0 19968
             13.7778 -0.368074   31.3451 -0.311777   0.0153919 -0.00421682  -0.0139073  0.0143347 0.00604615 0.00634328 -0.000307846  0.000131981 -0.000814029  -0.00130906  -0.00019319 -0.000522453 0.0117418         0         0 0
             13.8781 -0.435791   31.3983 -0.346822    0.014728 -0.00506004  -0.0132653 -0.00295664 -0.00391298  0.00701283 -0.000306202  0.000128049 -0.000818627    -0.001268 -0.000157866 -0.000496549 0.0117448         0         0 20064
             13.8781 -0.435791   31.3983 -0.346822   0.0147321 -0.00505876  -0.0132653 -0.00292779 -0.00390312  0.00701389 -0.000306194  0.000128044 -0.000818624  -0.00126808   -0.0001579 -0.000496607 0.0124016         0         0 0
              13.978 -0.400736   31.3859 -0.295072   0.0127882 -0.00567697  -0.0127626  -0.0162357 -0.00548788  0.00609214  -0.00031026  0.000131023 -0.000829999  -0.00123808 -0.000152211 -0.000472462 0.0124061         0         0 19968
              13.978 -0.400736   31.3859 -0.295072  0.0127921 -0.0056686 -0.0127597  -0.0162071 -0.00542972  0.00611328 -0.000310251  0.000131017 -0.000829995  -0.00123813 -0.000152419 -0.000472584 0.0124503         0         0 0
             14.0778 -0.427829   31.3666 -0.337234     0.0126 -0.0066195 -0.0127687 -0.00848013  -0.0083536  0.00258291 -0.000312822  0.000132655 -0.000833257  -0.00127844 -0.000145049 -0.000480367 0.0124478         0         0 19968
             14.0778 -0.427829   31.3666 -0.337234   0.0126011 -0.00661222  -0.0127654 -0.00847043 -0.00830373  0.00260669 -0.000312814  0.000132651  -0.00083325  -0.00127842 -0.000145227 -0.000480463 0.0130171         0         0 0
             14.1781 -0.417863   31.3825 -0.350059   0.0121728 -0.00690424  -0.0137465 -0.00760496 -0.00496206 -0.00572103 -0.000316625  0.000131213 -0.000839431  -0.00130779  -0.00015921 -0.000461206 0.0130164         0         0 20064
             14.1781 -0.417863   31.3825 -0.350059   0.0121759 -0.00689484  -0.0137475 -0.00758368 -0.00489761 -0.00572818  -0.00031662  0.000131208 -0.000839436  -0.00130786 -0.000159446 -0.000461224 0.0117941         0         0 0
              14.278 -0.387412   31.3934 -0.319904   0.0129427 -0.00651073  -0.0140113  0.00132668 0.000636135 -0.00339148 -0.000320919  0.000129706 -0.000848397  -0.00134026 -0.000182516 -0.000492519 0.0117892         0         0 19968
              14.278 -0.387412   31.3934 -0.319904   0.0129461 -0.00650842  -0.0140131  0.00134933 0.000651876 -0.00340294 -0.000320919  0.000129704 -0.000848401  -0.00134035 -0.000182575 -0.000492525 0.0111431         0         0 0
             14.3778 -0.380279   31.3624 -0.310402   0.0132827 -0.00534552  -0.0136941  0.0011951  0.0070588 0.00066058 -0.000323798  0.000133153 -0.000855704  -0.00133989 -0.000209658 -0.000512806 0.0111408         0         0 19968
             14.3778 -0.380279   31.3624 -0.310402   0.0132894 -0.00533651  -0.0136935   0.0012442  0.00712067 0.000666768 -0.000323792  0.000133143 -0.000855702  -0.00134003 -0.000209884  -0.00051292 0.0119193         0         0 0
             14.4781 -0.433132   31.3664 -0.341629   0.0141245 -0.00565814  -0.0138497   0.00369585 -0.000620013  -0.00149488 -0.000323417  0.000132345 -0.000860724  -0.00136268 -0.000183493 -0.000518232 0.0119183         0         0 20064
             14.4781 -0.433132   31.3664 -0.341629   0.0141291 -0.00565577  -0.0138525   0.00372795 -0.000602965  -0.00151309  -0.00032341   0.00013234 -0.000860724  -0.00136282 -0.000183555 -0.000518233 0.0126792         0         0 0
              14.578 -0.403392   31.3714 -0.337976   0.0137262 -0.00560394  -0.0133489  -0.00361332 -0.000362061   0.00229232 -0.000329553  0.000132859 -0.000867892  -0.00134247 -0.000184612 -0.000524021 0.0126797         0         0 19968
              14.578 -0.403392   31.3714 -0.337976   0.0137284 -0.00559893  -0.0133461  -0.00359676 -0.000326961   0.00231235 -0.000329545  0.000132855 -0.000867885  -0.00134248 -0.000184738 -0.000524119 0.0126445         0         0 0
             14.6778 -0.432375   31.3567 -0.329394   0.0140265 -0.00689204  -0.0129683 -0.00161227 -0.00929491  0.00291126 -0.000329553   0.00013428  -0.00087658  -0.00135937 -0.000153357 -0.000536572 0.0126436         0         0 19968
             14.6778 -0.432375   31.3567 -0.329394   0.0140299 -0.00688573   -0.012966 -0.00158798 -0.00925133  0.00292769 -0.000329546  0.000134274 -0.000876576  -0.00135941 -0.000153516 -0.000536672 0.0120419         0         0 0
             14.7782 -0.431131   31.3487 -0.338825   0.0142258 -0.00719431  -0.0131708  -0.00172927  -0.00480905 -0.000602493 -0.000333058  0.000135116 -0.000882377  -0.00137973 -0.000168405 -0.000531407 0.012042        0        0 20064
             14.7782 -0.431131   31.3487 -0.338825  0.0142313 -0.0071849 -0.0131719  -0.00169044  -0.00474485 -0.000609324 -0.000333054  0.000135107 -0.000882377  -0.00137986 -0.000168644  -0.00053146 0.0118097         0         0 0
              14.878  -0.41632   31.3698 -0.348756   0.0132443 -0.00576726  -0.0143938 -0.00977402  0.00832734  -0.0084824 -0.000338416   0.00013417 -0.000886958  -0.00138386 -0.000216148 -0.000494463 0.0118114         0         0 19968
              14.878  -0.41632   31.3698 -0.348756   0.0132486 -0.00575967  -0.0143949 -0.00974336  0.00838017 -0.00848935 -0.000338409  0.000134162 -0.000886956  -0.00138396 -0.000216344 -0.000494499 0.0118914         0         0 0
             14.9778 -0.433183   31.3578  -0.32933   0.0135307 -0.00607088  -0.0145366 -0.00364281  0.00118601 -0.00257384 -0.000339714  0.000135054 -0.000896175  -0.00140629 -0.000187971 -0.000529759 0.0118891         0         0 19968
             14.9778 -0.433183   31.3578  -0.32933    0.013535 -0.00606253  -0.0145366 -0.00361235   0.0012434 -0.00257342 -0.000339712  0.000135051 -0.000896176  -0.00140638 -0.000188186 -0.000529821 0.0114142         0         0 0
             15.0782 -0.390619    31.387 -0.319213   0.0133082 -0.00576785  -0.0138476 -0.00493367  0.00246666  0.00512574 -0.000346557  0.000132148 -0.000904272  -0.00140082 -0.000193398 -0.000556432 0.0114134         0         0 20064
             15.0782 -0.390619    31.387 -0.319213   0.0133091 -0.00576254  -0.0138463 -0.00492607    0.002503  0.00513561 -0.000346553  0.000132143 -0.000904267  -0.00140082 -0.000193533 -0.000556479 0.0113439         0         0 0
              15.178 -0.423985   31.3604  -0.33919  0.0135732 -0.0062274 -0.0129462 -0.00246073  -0.0019798  0.00906252 -0.000346803  0.000134733  -0.00091037  -0.00141524  -0.00017704 -0.000578554 0.0113415         0         0 19968
              15.178 -0.423985   31.3604  -0.33919    0.013579 -0.00622575  -0.0129461 -0.00241951 -0.00196737  0.00906523 -0.000346793  0.000134727  -0.00091037  -0.00141537 -0.000177085 -0.000578643 0.0122741         0         0 0
             15.2778 -0.365616   31.3874 -0.288312   0.0127488 -0.00541681   -0.013426 -0.00900337  0.00504086 0.000383329  -0.00035297  0.000132709 -0.000921985  -0.00142517 -0.000204245 -0.000540458 0.0122766         0         0 19968
             15.2778 -0.365616   31.3874 -0.288312   0.0127564 -0.00541009  -0.0134245 -0.00895146   0.0050875 0.000394544 -0.000352965  0.000132706  -0.00092199  -0.00142531 -0.000204421 -0.000540598 0.0109926         0         0 0
             15.3782 -0.406305   31.3533 -0.331982   0.0132323 -0.00537166  -0.0131332 -0.00221904  0.00228355  0.00396921 -0.000355352  0.000135798 -0.000924542   -0.0014564 -0.000194136 -0.000567669 0.0109895         0         0 20064
             15.3782 -0.406305   31.3533 -0.331982   0.0132354 -0.00536682  -0.0131295 -0.00219576  0.00231747  0.00399585 -0.000355343  0.000135795 -0.000924536  -0.00145642 -0.000194261 -0.000567805 0.0112365         0         0 0
              15.478 -0.431925   31.3852 -0.353223   0.0151971 -0.00602606  -0.0134941    0.0103289  -0.00339405 -0.000231737 -0.000357681    0.0001311 -0.000930123  -0.00151705 -0.000173858  -0.00058388 0.0112327         0         0 19968
              15.478 -0.431925   31.3852 -0.353223   0.0152018 -0.00602193  -0.0134885    0.0103639   -0.0033642 -0.000191127  -0.00035767  0.000131095 -0.000930119  -0.00151707 -0.000173967 -0.000584085 0.0121332         0         0 0
             15.5778 -0.413683   31.3324 -0.330801   0.0141459 -0.00713768  -0.0139822 -0.00693493 -0.00929324 -0.00355701 -0.000361408  0.000139075 -0.000939713  -0.00147944 -0.000153624 -0.000547672 0.0121393         0         0 19968
             15.5778 -0.413683   31.3324 -0.330801   0.0141507 -0.00713702   -0.013982  -0.0069013 -0.00928756 -0.00355478 -0.000361401  0.000139069 -0.000939709  -0.00147954 -0.000153644 -0.000547746 0.0120017         0         0 0
             15.6782 -0.401149   31.3643 -0.327814   0.0139019 -0.00644467  -0.0137596 -0.00608638  0.00194711  0.00161392  -0.00036382  0.000135725 -0.000946971  -0.00148499  -0.00019664 -0.000572711 0.0119991         0         0 20064
             15.6782 -0.401149   31.3643 -0.327814   0.0139084 -0.00643647  -0.0137593 -0.00604077   0.0020034    0.001617 -0.000363817  0.000135722 -0.000946975  -0.00148513 -0.000196855 -0.000572813 0.0119346         0         0 0
              15.778 -0.427419   31.3692 -0.354045   0.0136314 -0.00590802  -0.0123472 -0.00568111  0.00446216   0.0109749 -0.000365951  0.000135957 -0.000951251  -0.00147804 -0.000206467  -0.00061117 0.0119335         0         0 19968
              15.778 -0.427419   31.3692 -0.354045  0.0136366 -0.0058987 -0.0123455 -0.00564283   0.0045266   0.0109884 -0.000365942  0.000135951  -0.00095125  -0.00147814  -0.00020671 -0.000611292 0.0127936         0         0 0
             15.8778 -0.412472   31.4025 -0.328602   0.0132998 -0.00615018  -0.0128828  -0.00615407 -0.000820033 -0.000590865 -0.000369279  0.000132736 -0.000961545  -0.00150914 -0.000189652 -0.000577325 0.0127938         0         0 19968
             15.8778 -0.412472   31.4025 -0.328602   0.0132994 -0.00614424  -0.0128817  -0.00615467 -0.000778411 -0.000582732 -0.000369271  0.000132733 -0.000961537  -0.00150912 -0.000189808 -0.000577352 0.0132982         0         0 0
             15.9782 -0.388672   31.3843 -0.309824   0.0128075 -0.00578077  -0.0153191 -0.0077026 0.00180942 -0.0172035 -0.000373229  0.000135066 -0.000970487   -0.0015492 -0.000202134 -0.000524537 0.0132994         0         0 20064
             15.9782 -0.388672   31.3843 -0.309824   0.0128111 -0.00577383  -0.0153229 -0.00767942  0.00185632  -0.0172298 -0.000373227  0.000135064 -0.000970492  -0.00154933 -0.000202316 -0.000524494 0.0118377         0         0 0
              16.078 -0.391108   31.3658  -0.32552   0.0138899 -0.00553912  -0.0156609  0.00310317  0.00155718 -0.00772562 -0.000376798  0.000136008 -0.000976155  -0.00157481 -0.000205891 -0.000586985 0.0118358         0         0 19968
              16.078 -0.391108   31.3658  -0.32552   0.0138911 -0.00553371  -0.0156615   0.0031124  0.00159419 -0.00772931 -0.000376795  0.000136006 -0.000976157  -0.00157485 -0.000206034 -0.000586991 0.0116633         0         0 0
             16.1778 -0.422378   31.3806 -0.342785   0.0144685 -0.00484234  -0.0138348  0.0036677 0.00450473  0.0100175 -0.000377464  0.000134611 -0.000981424  -0.00154916 -0.000220177 -0.000656246 0.0116603         0         0 19968
             16.1778 -0.422378   31.3806 -0.342785   0.0144727 -0.00484106  -0.0138374 0.00369627 0.00451405  0.0100003 -0.000377459  0.000134603 -0.000981424  -0.00154929 -0.000220213 -0.000656244 0.0117689         0         0 0
             16.2782 -0.412893   31.3874 -0.348791   0.0136123 -0.00606162  -0.0132973 -0.00708376 -0.00796973  0.00575021 -0.000384097  0.000135503 -0.000988149  -0.00153342  -0.00017425 -0.000627441 0.0117713         0         0 20064
             16.2782 -0.412893   31.3874 -0.348791   0.0136156 -0.00605471  -0.0132983 -0.00705933 -0.00792192  0.00574425 -0.000384091  0.000135498  -0.00098815  -0.00153351 -0.000174434  -0.00062747 0.0124394         0         0 0
              16.378 -0.406077   31.3512 -0.341257   0.0136382 -0.00639494  -0.0128934 -0.00427385 -0.00552478  0.00405471 -0.000388016   0.00013963 -0.000995744  -0.00155761 -0.000185806 -0.000635076 0.0124373         0         0 19968
              16.378 -0.406077   31.3512 -0.341257   0.0136426 -0.00638733  -0.0129026 -0.00424507 -0.00547344  0.00399165 -0.000388019  0.000139625 -0.000995747  -0.00155783 -0.000186009 -0.000634918 0.0114579         0         0 0
             16.4778 -0.400698   31.3883 -0.305037   0.0132256 -0.00661787  -0.0133891 -0.00675815 -0.00397618 -0.00228859 -0.000389877  0.000135625  -0.00100672  -0.00157621 -0.000193566 -0.000614376 0.011457        0        0 19968
             16.4778 -0.400698   31.3883 -0.305037  0.0132306 -0.0066095 -0.0133855 -0.00672176 -0.00391833 -0.00226228 -0.000389869  0.000135625  -0.00100672  -0.00157627 -0.000193789 -0.000614541 0.0121815         0         0 0
             16.5782 -0.419718   31.3977 -0.343392   0.0132309 -0.00566227  -0.0141696 -0.00429459  0.00541899  -0.0059235 -0.000392864  0.000134553  -0.00100944  -0.00160435 -0.000230185 -0.000611866 0.0121798         0         0 20064
             16.5782 -0.419718   31.3977 -0.343392   0.0132323 -0.00565421  -0.0141711  -0.0042833  0.00547505 -0.00593367 -0.000392857  0.000134549  -0.00100944  -0.00160441 -0.000230402 -0.000611854 0.0127512         0         0 0
              16.678 -0.388723   31.3875  -0.32681   0.0121564 -0.00529752   -0.014194 -0.0110146 0.00446302 -0.0017242 -0.00039904 0.000136858  -0.0010184  -0.00158614 -0.000225156 -0.000617429 0.012752        0        0 19968
              16.678 -0.388723   31.3875  -0.32681   0.0121605 -0.00529879  -0.0141961  -0.0109881  0.00445447 -0.00173869 -0.000399038  0.000136857   -0.0010184  -0.00158626 -0.000225123 -0.000617432 0.0114343         0         0 0
             16.7779  -0.39225   31.3612 -0.304148   0.0124472 -0.00484454  -0.0136736 -0.00354996  0.00491718  0.00428436 -0.00040103 0.000139195 -0.00102749  -0.00161225 -0.000227897 -0.000656713 0.0114297         0         0 19968
             16.7779  -0.39225   31.3612 -0.304148   0.0124531 -0.00483645  -0.0136712 -0.00350634  0.00497402  0.00430329 -0.000401018   0.00013919  -0.00102749  -0.00161235 -0.000228116 -0.000656868 0.0122056         0         0 0
             16.8782 -0.388952   31.3791 -0.332612    0.012838 -0.00557374  -0.0127609 -0.000907005  -0.00311047   0.00894207 -0.000406764  0.000136824  -0.00103295  -0.00162608 -0.000197054 -0.000681304 0.0122039         0         0 20064
             16.8782 -0.388952   31.3791 -0.332612   0.0128425 -0.00556631   -0.012761 -0.00087501 -0.00305902  0.00894229 -0.000406756  0.000136817  -0.00103294  -0.00162618 -0.000197255  -0.00068137 0.0122675         0         0 0
              16.978 -0.377198   31.3687 -0.312814   0.0136491 -0.00599468  -0.0132683   0.00278019   -0.0043319 -0.000479804 -0.000409731   0.00013809   -0.0010423  -0.00166931 -0.000197687 -0.000663142 0.0122656         0         0 19968
              16.978 -0.377198   31.3687 -0.312814   0.0136548 -0.00599168  -0.0132664   0.00282132  -0.00430993 -0.000465174 -0.000409721  0.000138084  -0.00104229  -0.00166941  -0.00019777 -0.000663276 0.0124416         0         0 0
             17.0779  -0.39077    31.326 -0.320226   0.0145917 -0.00518573  -0.0135296   0.00450831   0.00440146 -0.000516484 -0.000410883  0.000143363  -0.00104842  -0.00169126 -0.000233873 -0.000670957 0.0124388         0         0 19968
             17.0779  -0.39077    31.326 -0.320226   0.0145953 -0.00517855  -0.0135383   0.00453152   0.00445004 -0.000577239 -0.000410889  0.000143358  -0.00104843  -0.00169147 -0.000234069 -0.000670793 0.011765        0        0 0
             17.1782 -0.399594   31.3573 -0.328526   0.0145619 -0.00594929  -0.0140546 -0.00184281 -0.00384755 -0.00259701 -0.000414091  0.000140744  -0.00105575  -0.00168985 -0.000203786 -0.000654938 0.0117659         0         0 20064
             17.1782 -0.399594   31.3573 -0.328526   0.0145685 -0.00594075  -0.0140536 -0.00179609 -0.00378893 -0.00258806 -0.000414084  0.000140737  -0.00105575  -0.00168998 -0.000204017 -0.000655065 0.0115486         0         0 0
              17.278 -0.420832   31.3675 -0.339626   0.0137722 -0.00531199  -0.0148133 -0.00845438  0.00323862 -0.00461359 -0.000415267  0.000140873  -0.00106165  -0.00168702 -0.000231997 -0.000636294 0.011549        0        0 19968
              17.278 -0.420832   31.3675 -0.339626   0.0137773 -0.00530339  -0.0148157 -0.00841801  0.00329839 -0.00462876 -0.000415261  0.000140864  -0.00106165  -0.00168717 -0.000232233 -0.000636315 0.0117488         0         0 0
             17.3779 -0.424863   31.3668 -0.321701   0.0133638 -0.00577315  -0.0139617 -0.00749979 -0.00165655   0.0057342 -0.000417986  0.000141614  -0.00107062  -0.00168072 -0.000212103   -0.0006794 0.011748        0        0 19968
             17.3779 -0.424863   31.3668 -0.321701   0.0133705 -0.00576509   -0.013962 -0.00745165 -0.00160019  0.00573347 -0.000417979  0.000141608  -0.00107062  -0.00168088 -0.000212325 -0.000679496 0.012109        0        0 0
             17.4782  -0.42053   31.3693 -0.348363   0.0128573 -0.00628677  -0.0136057  -0.0078084 -0.00437065  0.00485352 -0.000423297  0.000141953  -0.00107559  -0.00169297 -0.000204171 -0.000681539 0.0121083         0         0 20064
             17.4782  -0.42053   31.3693 -0.348363   0.0128624 -0.00628028  -0.0136024 -0.00777204 -0.00432549  0.00487753 -0.000423288  0.000141948  -0.00107559  -0.00169304 -0.000204348 -0.000681699 0.011669        0        0 0
              17.578 -0.416214   31.3855 -0.323775   0.0137068 -0.00649197  -0.0127352   0.0015248 -0.00297561  0.00816293 -0.00042586 0.000139484 -0.00108468  -0.00172995 -0.000211771 -0.000720101 0.0116655         0         0 19968
              17.578 -0.416214   31.3855 -0.323775   0.0137112 -0.00648319  -0.0127351   0.0015574 -0.00291398  0.00816483 -0.000425851  0.000139478  -0.00108468  -0.00173006 -0.000212014 -0.000720176 0.0119152         0         0 0
             17.6779 -0.407189   31.3803 -0.355805  0.0136282 -0.0054706 -0.0140242 -0.00254304  0.00531335 -0.00693789 -0.000431399  0.000140678  -0.00108804  -0.00175978 -0.000248081 -0.000667772 0.0119158         0         0 19968
             17.6779 -0.407189   31.3803 -0.355805   0.0136311 -0.00546452  -0.0140253 -0.00252237  0.00535503 -0.00694462 -0.000431397  0.000140675  -0.00108804  -0.00175986 -0.000248248 -0.000667791 0.0114795         0         0 0
             17.7777 -0.379124   31.4058 -0.299552   0.0136375 -0.00630327  -0.0143382 -0.00293933 -0.00487406 -0.00467678 -0.000434585  0.000137675  -0.00110197  -0.00176409 -0.000211579 -0.000682124 0.0114797         0         0 19968
             17.7777 -0.379124   31.4058 -0.299552   0.0136425 -0.00629759  -0.0143383 -0.00290334 -0.00483412 -0.00467668 -0.000434577  0.000137671  -0.00110196  -0.00176422 -0.000211738   -0.0006822 0.0121248         0         0 0
              17.878 -0.381046   31.3421 -0.326908   0.0136033 -0.00737903  -0.0137715 -0.00311313 -0.00995838  0.00160365 -0.000438953  0.000145145  -0.00110704  -0.00175883 -0.000196277 -0.000713705 0.0121236         0         0 20064
              17.878 -0.381046   31.3421 -0.326908   0.0136083 -0.00737172  -0.0137711 -0.00307728 -0.00990776  0.00160783 -0.000438945  0.000145138  -0.00110704  -0.00175895 -0.000196479 -0.000713795 0.0124056         0         0 0
             17.9779  -0.41334   31.3792 -0.342657   0.0138307 -0.00776509  -0.0132357 -0.00163174  -0.0066647  0.00362088 -0.000439144  0.000140715  -0.00111246  -0.00177205 -0.000213181 -0.000732671 0.0124034         0         0 19968
             17.9779  -0.41334   31.3792 -0.342657   0.0138346 -0.00775987  -0.0132359 -0.00160395 -0.00662805  0.00361985 -0.000439139  0.000140711  -0.00111245  -0.00177214 -0.000213327 -0.000732726 0.0124696         0         0 0
             18.0777 -0.397906   31.3899 -0.320318   0.0135881 -0.00644034   -0.013707  -0.0041539  0.00655581 -0.00273262 -0.000442598  0.000140365   -0.0011209   -0.0017881 -0.000267266 -0.000711648 0.0124668         0         0 19968
             18.0777 -0.397906   31.3899 -0.320318   0.0135922 -0.00643425  -0.0137086 -0.00412395  0.00659889 -0.00274255 -0.000442594  0.000140361   -0.0011209  -0.00178822  -0.00026744 -0.000711675 0.0131148         0         0 0
              18.178 -0.429667   31.3595   -0.3309   0.0136858 -0.00635207  -0.0141365 -0.00332719  0.00231813 -0.00403778 -0.000442566   0.00014359  -0.00112786  -0.00180743 -0.000251355 -0.000715353 0.013114        0        0 20064
              18.178 -0.429667   31.3595   -0.3309   0.0136868 -0.00635288  -0.0141349  -0.0033214  0.00231219 -0.00402615 -0.000442563  0.000143591  -0.00112786  -0.00180742  -0.00025133 -0.000715407 0.011404        0        0 0
             18.2779 -0.411426    31.409 -0.333895   0.0144683 -0.00584851  -0.0128171 0.00214709 0.00436455 0.00842351 -0.00044806 0.000137289   -0.001135  -0.00181322 -0.000258839 -0.000777623 0.011397        0        0 19968
             18.2779 -0.411426    31.409 -0.333895   0.0144701 -0.00584338  -0.0128157 0.00216073 0.00440048 0.00843413 -0.000448053  0.000137283    -0.001135  -0.00181325 -0.000258983  -0.00077769 0.0114244         0         0 0
             18.3777 -0.399243   31.3862  -0.34597   0.0140586 -0.00535638  -0.0137642  -0.0048145  0.00493457 -0.00358573 -0.000454197   0.00014108  -0.00114089  -0.00182887 -0.000260023 -0.000721855 0.0114264         0         0 19968
             18.3777 -0.399243   31.3862  -0.34597   0.0140622 -0.00535235  -0.0137644 -0.00479024  0.00496224 -0.00358655 -0.000454196  0.000141079  -0.00114089  -0.00182895 -0.000260136 -0.000721904 0.010651        0        0 0
              18.478 -0.389355    31.413 -0.319141   0.0136771 -0.00534309  -0.0152828 -0.00655528  0.00161383  -0.0107429 -0.000457543   0.00013812  -0.00115136  -0.00185165 -0.000247914 -0.000694847 0.0106507         0         0 20064
              18.478 -0.389355    31.413 -0.319141   0.0136791 -0.00534695   -0.015283 -0.00654074  0.00158866  -0.0107447 -0.000457536  0.000138118  -0.00115135   -0.0018517 -0.000247808 -0.000694871 0.011941        0        0 0
             18.5779 -0.372103     31.38 -0.325941   0.0140266 -0.00597942   -0.014721 -0.00163727 -0.00384248  0.00211277 -0.000463476  0.000141428  -0.00115838  -0.00185382 -0.000228419 -0.000754426 0.0119334         0         0 19968
             18.5779 -0.372103     31.38 -0.325941   0.0140311 -0.00597359  -0.0147225 -0.00160612 -0.00380193  0.00210313 -0.00046347 0.000141422 -0.00115838  -0.00185395 -0.000228584 -0.000754457 0.0116889         0         0 0
             18.6777 -0.415869    31.373 -0.354211    0.014112 -0.00550803  -0.0139307 -0.00220161  0.00234446  0.00723615 -0.000462319  0.000142582   -0.0011634  -0.00185444 -0.000253754 -0.000777119 0.0116871         0         0 19968
             18.6777 -0.415869    31.373 -0.354211   0.0141164 -0.00550336  -0.0139313 -0.00217097  0.00237748  0.00723285 -0.000462312  0.000142576  -0.00116339  -0.00185455 -0.000253888 -0.000777172 0.011698        0        0 0
              18.778 -0.397398   31.3895 -0.300325   0.0148972 -0.00728781  -0.0126269  0.0025036 -0.0109811  0.0129815 -0.00046548 0.000140381 -0.00117741  -0.00187266 -0.000198763 -0.000809371 0.0116978         0         0 20064
              18.778 -0.397398   31.3895 -0.300325   0.0149042 -0.00728168  -0.0126253 0.00255415 -0.0109373  0.0129942 -0.00046547 0.000140375 -0.00117741   -0.0018728 -0.000198941 -0.000809526 0.0127027         0         0 0
             18.8779 -0.413362   31.3707 -0.354934   0.0151612 -0.00824646  -0.0121109 0.000120261 -0.00989368   0.0089326 -0.000470531  0.000143348   -0.0011794  -0.00188728 -0.000204366 -0.000792313 0.0127024         0         0 19968
             18.8779 -0.413362   31.3707 -0.354934   0.0151676 -0.00824522  -0.0121113 0.000163078 -0.00988456  0.00893101 -0.000470526  0.000143342  -0.00117939  -0.00188744 -0.000204403 -0.000792399 0.0112901         0         0 0
             18.9777 -0.439323   31.4146 -0.355547   0.0133844 -0.00873509   -0.013057  -0.0147466 -0.00637609 -0.00283298 -0.000469554  0.000139838  -0.00118677  -0.00187582 -0.000218931 -0.000720066 0.011298        0        0 19968
             18.9777 -0.439323   31.4146 -0.355547   0.0133862 -0.00872742  -0.0130587  -0.0147314 -0.00632329 -0.00284273 -0.00046955 0.000139832 -0.00118676   -0.0018759 -0.000219149 -0.000720063 0.0125107         0         0 0
              19.078 -0.407719   31.4093 -0.330488  0.0113268 -0.0080741 -0.0141661 -0.0208826 0.00269421 -0.0075065 -0.000474602  0.000141668  -0.00119576  -0.00187707 -0.000256737 -0.000693536 0.0125119         0         0 20064
              19.078 -0.407719   31.4093 -0.330488   0.0113274 -0.00806943  -0.0141684  -0.0208792  0.00272591 -0.00752288 -0.000474602  0.000141668  -0.00119576  -0.00187711  -0.00025687 -0.000693484 0.0118094         0         0 0
             19.1779 -0.406598   31.4233 -0.316103   0.0117314 -0.00602029  -0.0149231 -0.00469395   0.0144876 -0.00619906 -0.000475696  0.000138206  -0.00120402   -0.0019388 -0.000310745 -0.000736082 0.0118036         0         0 19968
             19.1779 -0.406598   31.4233 -0.316103   0.0117306 -0.00602112  -0.0149264  -0.0046999   0.0144817 -0.00622288 -0.000475695  0.000138205  -0.00120402  -0.00193883 -0.000310721 -0.000735982 0.0119986         0         0 0
             19.2777  -0.40335   31.3896 -0.310134   0.0133014 -0.00600224  -0.0148157   0.00793288   0.00443448 -0.000306311 -0.000480372  0.000141408  -0.00121194  -0.00197979 -0.000272086 -0.000789776 0.0119921         0         0 19968
             19.2777  -0.40335   31.3896 -0.310134   0.0133038 -0.00599584  -0.0148175   0.00795009   0.00447882 -0.000318168 -0.000480366  0.000141405  -0.00121193  -0.00197988 -0.000272269  -0.00078977 0.0120612         0         0 0
              19.378 -0.417106   31.3622 -0.338697   0.0147209 -0.00603294  -0.0137045   0.0104333 0.000609372  0.00747375 -0.000483757  0.000144775  -0.00121634  -0.00198143  -0.00025947 -0.000833371 0.0120592         0         0 20064
              19.378 -0.417106   31.3622 -0.338697   0.0147281 -0.00602706  -0.0137038   0.0104839 0.000651158  0.00748027 -0.000483749  0.000144769  -0.00121634  -0.00198159 -0.000259643 -0.000833505 0.0119719         0         0 0
             19.4779 -0.439223   31.3817 -0.362103   0.0146842 -0.00764966  -0.0128974 0.000893507  -0.0116251  0.00717408 -0.000487306  0.000143898  -0.00122213  -0.00195857 -0.000210809 -0.000819491 0.011974        0        0 19968
             19.4779 -0.439223   31.3817 -0.362103   0.0146889 -0.00764563  -0.0128996 0.000926883  -0.0115965  0.00715949 -0.000487298  0.000143893  -0.00122213  -0.00195873 -0.000210927 -0.000819509 0.0125559         0         0 0
             19.5777 -0.409008   31.3648 -0.304687   0.0118649 -0.00736265   -0.012539  -0.0206631 -0.00285982  0.00360693 -0.000490035  0.000148159   -0.0012351  -0.00190059 -0.000248967 -0.000767089 0.0125634         0         0 19968
             19.5777 -0.409008   31.3648 -0.304687   0.0118683 -0.00735967  -0.0125337  -0.0206401 -0.00283843  0.00364408 -0.000490027  0.000148157  -0.00123509  -0.00190059 -0.000249052 -0.000767278 0.0114568         0         0 0
             19.6781 -0.426697   31.3686 -0.342035   0.0123589 -0.00790832   -0.013628 -0.00536644 -0.00506763 -0.00734459 -0.000494097  0.000145687  -0.00123839   -0.0019913 -0.000242972 -0.000769902 0.0114561         0         0 20064
             19.6781 -0.426697   31.3686 -0.342035   0.0123593 -0.00790191  -0.0136282  -0.0053614 -0.00502342 -0.00734421 -0.000494091  0.000145685  -0.00123838  -0.00199131 -0.000243157 -0.000769915 0.0126712         0         0 0
             19.7779 -0.397984   31.4036 -0.320064   0.0107917 -0.00627715  -0.0142333  -0.0140139  0.00886464 -0.00719039 -0.000497609  0.000142331  -0.00124809  -0.00197095 -0.000302455 -0.000758161 0.0126723         0         0 19968
             19.7779 -0.397984   31.4036 -0.320064   0.0107951 -0.00627438  -0.0142386   -0.013992  0.00888363 -0.00722691 -0.000497606  0.000142325  -0.00124809  -0.00197111 -0.000302537 -0.000758072 0.0117853         0         0 0
             19.8777 -0.440179   31.4185 -0.348925   0.0101643 -0.00714425  -0.0144006  -0.0103866  -0.0034094 -0.00388393 -0.000498765  0.000140377  -0.00125386  -0.00198625 -0.000252364  -0.00078353 0.0117833         0         0 19968
             19.8777 -0.440179   31.4185 -0.348925   0.0101637 -0.00713872  -0.0144049  -0.0103903 -0.00337217   -0.003914 -0.000498764  0.000140375  -0.00125386  -0.00198631 -0.000252523  -0.00078341 0.0120312         0         0 0
             19.9781 -0.424804   31.3837 -0.341606   0.0110719 -0.00663217  -0.0129422 0.00146211 0.00247004 0.00916908 -0.00050324 0.000143932 -0.00126154  -0.00201074 -0.000277332 -0.000863923 0.0120227         0         0 20064
             19.9781 -0.424804   31.3837 -0.341606    0.011072 -0.00662701  -0.0129468 0.00146401   0.002505 0.00913786 -0.000503236  0.000143925  -0.00126154  -0.00201082  -0.00027748 -0.000863809 0.0129621         0         0 0
             20.0779 -0.429086    31.376 -0.345562   0.0139049 -0.00654311  -0.0126669  0.0178479 0.00240233 0.00493937 -0.000505234  0.000143186  -0.00126852  -0.00209249  -0.00027434 -0.000890497 0.0129556         0         0 19968
             20.0779 -0.429086    31.376 -0.345562   0.0139099 -0.00653535  -0.0126651   0.017884 0.00245684 0.00495301 -0.000505223   0.00014318  -0.00126852  -0.00209258 -0.000274569 -0.000890629 0.0124977         0         0 0
             20.1777 -0.410304   31.3903 -0.334245    0.014654 -0.00710112  -0.0130497   0.00779238  -0.00350118 -0.000602819 -0.000510048  0.000143047  -0.00127786  -0.00208572 -0.000251339 -0.000850416 0.0125001         0         0 19968
             20.1777 -0.410304   31.3903 -0.334245   0.0146608 -0.00709444    -0.01305   0.00784031  -0.00345432 -0.000603644 -0.000510038  0.000143041  -0.00127786   -0.0020859 -0.000251536 -0.000850519 0.0122938         0         0 0
             20.2781 -0.399022   31.3697 -0.289328   0.0130931 -0.00659797  -0.0132367   -0.0108995   0.00201645 -0.000852989 -0.00051399 0.000148875 -0.00128869  -0.00203486 -0.000274168 -0.000811245 0.0122977         0         0 20064
             20.2781 -0.399022   31.3697 -0.289328   0.0130979 -0.00659115  -0.0132359   -0.0108661   0.00206345 -0.000846446 -0.000513983  0.000148865  -0.00128869  -0.00203496 -0.000274367 -0.000811344 0.0115441         0         0 0
             20.3779 -0.415011   31.3954 -0.353896   0.0128422 -0.00680013    -0.01346   -0.0073648  -0.00011308 -0.000427386 -0.000519047  0.000145377  -0.00128987  -0.00206094 -0.000263588 -0.000821478 0.0115427         0         0 19968
             20.3779 -0.415011   31.3954 -0.353896   0.0128447 -0.00679391  -0.0134596  -0.00734597 -6.98777e-05 -0.000423429 -0.000519041  0.000145374  -0.00128986    -0.002061 -0.000263771 -0.000821535 0.0124037         0         0 0
             20.4777 -0.403612   31.4119 -0.333481   0.0126197 -0.00640839  -0.0140292 -0.00607276  0.00380176 -0.00237133 -0.000521748  0.000143606      -0.0013  -0.00208525 -0.000276716 -0.000818412 0.0124026         0         0 19968
             20.4777 -0.403612   31.4119 -0.333481   0.0126218 -0.00640271  -0.0140341 -0.00605825  0.00384067 -0.00240519 -0.000521746  0.000143601      -0.0013  -0.00208538 -0.000276883 -0.000818316 0.0120726         0         0 0
             20.5781 -0.386734   31.4057 -0.292309   0.0133731 -0.00609809  -0.0142621 0.000893532  0.00373069 -0.00050932 -0.000524826  0.000143983  -0.00131177  -0.00212204 -0.000277629 -0.000842694 0.0120693         0         0 20064
             20.5781 -0.386734   31.4057 -0.292309   0.0133768 -0.00609022  -0.0142635  0.000919256   0.00378451 -0.000518256 -0.000524825  0.000143981  -0.00131178  -0.00212215 -0.000277861 -0.000842718 0.0112895         0         0 0
             20.6779 -0.405609   31.3814 -0.321403  0.0124009 -0.0063191 -0.0139261 -0.00887882 0.000172821  0.00333422 -0.000528009  0.000148318  -0.00131661   -0.0020916 -0.000260975 -0.000839106 0.0112906         0         0 19968
             20.6779 -0.405609   31.3814 -0.321403   0.0124048 -0.00631012  -0.0139283 -0.00885065  0.00023429  0.00331997 -0.000528004  0.000148309  -0.00131661  -0.00209173 -0.000261239 -0.000839115 0.0119357         0         0 0
             20.7777 -0.413302   31.4065 -0.339968   0.0124668 -0.00553208  -0.0138712 -0.00443332   0.0053056  0.00325534 -0.00053023 0.000144891 -0.00132238   -0.0021213 -0.000286343 -0.000851072 0.0119348         0         0 19968
             20.7777 -0.413302   31.4065 -0.339968   0.0124693 -0.00552546   -0.013874 -0.00441528  0.00535131  0.00323682 -0.000530226  0.000144885  -0.00132238  -0.00212141  -0.00028654 -0.000851041 0.0122542         0         0 0
             20.8781 -0.400168   31.3923 -0.315001   0.0126624 -0.00687593  -0.0124409 -0.00203518  -0.0075234   0.0122943 -0.000535285  0.000146704  -0.00133324  -0.00212082 -0.000231495 -0.000894739 0.0122524         0         0 20064
             20.8781 -0.400168   31.3923 -0.315001   0.0126654 -0.00686813  -0.0124408 -0.00201435 -0.00746933   0.0122958 -0.000535279  0.000146701  -0.00133324  -0.00212089 -0.000231729 -0.000894793 0.011765        0        0 0
             20.9779 -0.408228   31.3737  -0.33021   0.0151326 -0.00709921  -0.0116041   0.0144193 -0.00366014   0.0107014 -0.000537097  0.000147387  -0.00133946  -0.00219595  -0.00024947 -0.000931322 0.0117612         0         0 19968
             20.9779 -0.408228   31.3737  -0.33021   0.0151401 -0.00708965  -0.0116039   0.014472 -0.0035941  0.0107044 -0.000537089  0.000147377  -0.00133946  -0.00219613 -0.000249755 -0.000931452 0.0118275         0         0 0
             21.0777 -0.391873   31.3725   -0.3159   0.0153866 -0.00657242  -0.0128677  0.00427066  0.00126958 -0.00594913 -0.000541006  0.000149338  -0.00134831  -0.00220718 -0.000276548 -0.000852378 0.0118313         0         0 19968
             21.0777 -0.391873   31.3725   -0.3159   0.0153959 -0.00656501  -0.0128678  0.00433568  0.00132198 -0.00594791 -0.000540999  0.000149328  -0.00134831  -0.00220742 -0.000276775 -0.000852529 0.011906        0        0 0
             21.1781 -0.433947   31.4044 -0.321395    0.013203 -0.00779829  -0.0139974  -0.0161809 -0.00901767  -0.0105458 -0.000539833  0.000148094  -0.00135646  -0.00215436 -0.000234278 -0.000798205 0.0119108         0         0 20064
             21.1781 -0.433947   31.4044 -0.321395   0.0132086 -0.00779119  -0.0140008   -0.016142 -0.00896921  -0.0105683 -0.000539831  0.000148086  -0.00135647  -0.00215455 -0.000234492 -0.000798206 0.0111519         0         0 0
             21.2779 -0.385029   31.3912 -0.313415   0.0120159 -0.00729851  -0.0138396  -0.0146108 0.000278202 -0.00257073 -0.000548295  0.000149876   -0.0013643  -0.00215068 -0.000275066 -0.000841622 0.011149        0        0 19968
             21.2779 -0.385029   31.3912 -0.313415   0.0120169 -0.00729178  -0.0138413   -0.014602 0.000324854 -0.00258193 -0.000548291   0.00014987   -0.0013643  -0.00215074 -0.000275268 -0.000841599 0.0123049         0         0 0
             21.3777 -0.383797    31.364 -0.313139   0.0125784 -0.00663084   -0.014423  -0.0026345  0.00404816 -0.00535023 -0.000551686  0.000151862  -0.00137123  -0.00221295 -0.000296152 -0.000867935 0.0123018         0         0 19968
             21.3777 -0.383797    31.364 -0.313139   0.0125819 -0.00662494  -0.0144231 -0.00260946  0.00408968 -0.00535028 -0.000551678  0.000151856  -0.00137123  -0.00221304 -0.000296331 -0.000867991 0.0118829         0         0 0
             21.4781 -0.378209   31.3932 -0.317206   0.0141101 -0.00490226  -0.0142239   0.00794861    0.0123339 -0.000637084 -0.000555552  0.000147174  -0.00137771  -0.00225335 -0.000337213 -0.000919058 0.0118777         0         0 20064
             21.4781 -0.378209   31.3932 -0.317206   0.0141168 -0.00489423  -0.0142252   0.00799676    0.0123903 -0.000644182 -0.000555543  0.000147167  -0.00137771  -0.00225355 -0.000337459  -0.00091914 0.0125806         0         0 0
             21.5779 -0.383647   31.3888 -0.304217   0.0140783 -0.00626045  -0.0125664 0.000295775 -0.00644261   0.0103442 -0.00055944 0.000149178 -0.00138858  -0.00221013 -0.000258491 -0.000951204 0.0125804         0         0 19968
             21.5779 -0.383647   31.3888 -0.304217   0.0140821 -0.00625444  -0.0125664 0.000321555 -0.00640052   0.0103448 -0.000559433  0.000149173  -0.00138858  -0.00221022 -0.000258673 -0.000951265 0.0116244         0         0 0
             21.6778 -0.425333   31.4253 -0.346223   0.0130309 -0.00764827  -0.0115692 -0.00948492  -0.0117871  0.00955747 -0.000561534  0.000146127  -0.00139186  -0.00218921 -0.000234419 -0.000932314 0.0116251         0         0 19968
             21.6778 -0.425333   31.4253 -0.346223  0.0130379 -0.0076353 -0.0115734 -0.00943484  -0.0116988  0.00953109 -0.000561529  0.000146117  -0.00139186  -0.00218945 -0.000234808 -0.000932326 0.0126424         0         0 0
             21.7781 -0.416607   31.3575 -0.333669   0.0124607 -0.00737082  -0.0134169  -0.0100869 -0.00174168  -0.0100267 -0.000563864  0.000154605  -0.00140079  -0.00224978 -0.000277661 -0.000861026 0.0126524         0         0 20064
             21.7781 -0.416607   31.3575 -0.333669  0.0124698 -0.0073572 -0.0134187   -0.010023 -0.00164577   -0.010039 -0.000563858  0.000154596  -0.00140079  -0.00225004 -0.000278085 -0.000861126 0.0114641         0         0 0
             21.8779 -0.377195    31.391 -0.295264   0.0106451 -0.00619007  -0.0147731 -0.0180343 0.00705212 -0.0132124 -0.000568724  0.000151521  -0.00141223  -0.00223943 -0.000318756 -0.000839032 0.0114652         0         0 19968
             21.8779 -0.377195    31.391 -0.295264   0.0106511 -0.00617672  -0.0147777 -0.0179917 0.00714406 -0.0132437 -0.000568722  0.000151514  -0.00141224  -0.00223966 -0.000319165 -0.000839008 0.0113448         0         0 0
             21.9778 -0.390141   31.3829 -0.324499  0.0127223 -0.0060051 -0.0147251  0.00624909  0.00419669 -0.00295032 -0.000572143  0.000149986  -0.00141746  -0.00231834 -0.000306696 -0.000941581 0.0113392         0         0 19968
             21.9778 -0.390141   31.3829 -0.324499   0.0127293 -0.00599151    -0.01473  0.00629841  0.00428972 -0.00298258 -0.000572138  0.000149976  -0.00141746   -0.0023186 -0.000307108 -0.000941569 0.0119257         0         0 0
             22.0781 -0.395145   31.3813 -0.352391   0.0131189 -0.00502916  -0.0132427 0.00295861 0.00806278 0.00960663 -0.000576553  0.000150926  -0.00142237  -0.00228788 -0.000324106 -0.000989842 0.0119249         0         0 20064
             22.0781 -0.395145   31.3813 -0.352391  0.0131243 -0.0050204  -0.013247 0.00299687 0.00812359  0.0095774 -0.000576546  0.000150918  -0.00142237  -0.00228809 -0.000324375 -0.000989816 0.0124058         0         0 0
             22.1779 -0.386263   31.3741 -0.309275   0.0141531 -0.00596408  -0.0127311  0.00541991 -0.00403563  0.00699132 -0.000579218  0.000151699  -0.00143555  -0.00231667 -0.000274808 -0.000991855 0.0124036         0         0 19968
             22.1779 -0.386263   31.3741 -0.309275   0.0141573 -0.00595593  -0.0127402  0.00544741 -0.00397989  0.00692733 -0.000579221  0.000151694  -0.00143555  -0.00231692  -0.00027506 -0.000991668 0.0116219         0         0 0
             22.2778  -0.41715   31.3783 -0.318504   0.0138778 -0.00549634  -0.0118496 -0.00267908  0.00226586  0.00934472 -0.000579214  0.000152386  -0.00144158  -0.00229754 -0.000301193  -0.00098707 0.0116226         0         0 19968
             22.2778  -0.41715   31.3783 -0.318504   0.0138903 -0.00547866  -0.0118478 -0.0025913 0.00238762 0.00936007 -0.000579201  0.000152375  -0.00144158  -0.00229783 -0.000301733 -0.000987335 0.0120606         0         0 0
             22.3781 -0.407782   31.3738 -0.320539   0.0141321 -0.00593574  -0.0129401 -0.00245494 -0.00175736 -0.00363859 -0.000584637  0.000153204  -0.00144948  -0.00234673  -0.00028224 -0.000941876 0.0120635         0         0 20064
             22.3781 -0.407782   31.3738 -0.320539   0.0141402 -0.00592417  -0.0129444 -0.00239767 -0.00167676 -0.00366706 -0.000584629  0.000153194  -0.00144949  -0.00234701 -0.000282601 -0.000941897 0.0121825         0         0 0
             22.4779  -0.38228   31.3943 -0.322529   0.0128219 -0.00598465  -0.0139497  -0.0121587 -0.00111767 -0.00701323 -0.000591941  0.000152013  -0.00145651  -0.00233171 -0.000287433 -0.000909278 0.0121862         0         0 19968
             22.4779  -0.38228   31.3943 -0.322529   0.0128275 -0.00596993  -0.0139543  -0.0121171 -0.00101629 -0.00704304 -0.000591936  0.000152008  -0.00145652  -0.00233194 -0.000287886 -0.000909258 0.0125959         0         0 0
             22.5778 -0.377673   31.3975 -0.302009   0.0125985 -0.00478521  -0.0151269 -0.00730354  0.00764304 -0.00913866 -0.000593645  0.000151649  -0.00146601  -0.00236763 -0.000329869 -0.000917327 0.0125951         0         0 19968
             22.5778 -0.377673   31.3975 -0.302009   0.0126025 -0.00477543  -0.0151308 -0.00727647  0.00771036 -0.00916558 -0.000593644  0.000151646  -0.00146602   -0.0023678 -0.000330172 -0.000917284 0.0111945         0         0 0
             22.6781 -0.402825    31.381 -0.309941   0.0126347 -0.00600651  -0.0139476 -0.00406355 -0.00573301  0.00634603 -0.000594763  0.000153898  -0.00147404  -0.00235596  -0.00027105 -0.000992232 0.0111907         0         0 20064
             22.6781 -0.402825    31.381 -0.309941    0.012639 -0.00599808  -0.0139527 -0.00403406 -0.00567616  0.00631181 -0.000594761  0.000153889  -0.00147404  -0.00235615 -0.000271308 -0.000992165 0.0110301         0         0 0
             22.7779 -0.37857  31.3784 -0.31987   0.0120834 -0.00629863   -0.012958 -0.00705568 -0.00452146  0.00938847 -0.000601591  0.000154784  -0.00148087  -0.00235033 -0.000280032  -0.00100433 0.0110291         0         0 19968
             22.7779 -0.37857  31.3784 -0.31987   0.0120974 -0.00628121  -0.0129579 -0.00695482 -0.00440023  0.00939455 -0.000601576  0.000154772  -0.00148087   -0.0023507 -0.000280577  -0.00100459 0.0119813         0         0 0
             22.8778 -0.393398   31.3845  -0.31989   0.0132535 -0.00639307  -0.0126052   0.0037944 -0.00259159   0.0054979 -0.000602291   0.00015284  -0.00148916  -0.00241247 -0.000292353  -0.00102281 0.0119725         0         0 19968
             22.8778 -0.393398   31.3845  -0.31989   0.0132616 -0.00638165   -0.012604  0.00385308 -0.00251156  0.00550799 -0.000602277  0.000152831  -0.00148916  -0.00241267 -0.000292711  -0.00102299 0.0124323         0         0 0
             22.9781 -0.378847   31.3715 -0.306549   0.0142242 -0.00723948  -0.0129831   0.0056615 -0.00779149 -0.00124722 -0.000607206  0.000154566  -0.00149903  -0.00244749 -0.000274827  -0.00100813 0.0124304         0         0 20064
             22.9781 -0.378847   31.3715 -0.306549   0.0142309 -0.00722886  -0.0129935  0.00570484 -0.00772138 -0.00131792 -0.000607211   0.00015456  -0.00149904  -0.00244783 -0.000275151  -0.00100795 0.0112387         0         0 0
             23.0779 -0.396529    31.394 -0.311993   0.0143531 -0.00665311  -0.0135175   0.0009816 0.000508961 -0.00470768 -0.000608331  0.000152764  -0.00150574  -0.00244865 -0.000315616 -0.000992103 0.0112386         0         0 19968
             23.0779 -0.396529    31.394 -0.311993   0.0143674 -0.00663009  -0.0135193  0.00108359 0.000667955 -0.00471763 -0.000608322  0.000152755  -0.00150575  -0.00244907 -0.000316337 -0.000992305 0.0115942         0         0 0
             23.1778 -0.403028   31.3811 -0.329676   0.0134091 -0.00560716  -0.0134611 -0.00815576  0.00656081 -0.00170819 -0.000611132  0.000155932   -0.0015119  -0.00241825 -0.000344465  -0.00099148 0.0115956         0         0 19968
             23.1778 -0.403028   31.3811 -0.329676   0.0134182 -0.00559467  -0.0134621 -0.00809238  0.00664713  -0.0017136 -0.000611125  0.000155927  -0.00151191  -0.00241851 -0.000344857 -0.000991609 0.0106348         0         0 0
             23.2781 -0.315839   31.4045 -0.286781   0.0132654 -0.00532165  -0.0151676 -0.00597076  0.00295374  -0.0129648 -0.000622989  0.000153061  -0.00152506  -0.00246727 -0.000332896 -0.000959938 0.0106341         0         0 20064
             23.2781 -0.315839   31.4045 -0.286781   0.0132688 -0.00531212  -0.0151711 -0.00594586  0.00301922  -0.0129879 -0.00062299 0.000153057 -0.00152506  -0.00246742 -0.000333197 -0.000959905 0.01082       0       0 0
             23.3779 -0.386729   31.3784 -0.330169  0.0141979 -0.0053698 -0.0146015   0.00276747 -3.20531e-05  0.000137164 -0.000619596  0.000155627  -0.00152897  -0.00248235 -0.000323563  -0.00103986 0.0108182         0         0 19968
             23.3779 -0.386729   31.3784 -0.330169   0.0142006 -0.00536323  -0.0146008  0.00278713 1.27578e-05 0.000142864 -0.000619592  0.000155625  -0.00152897  -0.00248241 -0.000323767  -0.00103993 0.0107666         0         0 0
             23.4778   -0.4085   31.3708 -0.338165   0.0131152 -0.00516884  -0.0131326 -0.00861663  0.00112532   0.0101533 -0.000620708  0.000158321  -0.00153615  -0.00242799 -0.000328483  -0.00105944 0.0107658         0         0 19968
             23.4778   -0.4085   31.3708 -0.338165   0.0131224 -0.00515883  -0.0131359 -0.00856498  0.00119492   0.0101326 -0.000620699  0.000158315  -0.00153617  -0.00242824 -0.000328803  -0.00105948 0.0119109         0         0 0
             23.5781 -0.379759   31.3799 -0.319209   0.0131005 -0.00505914  -0.0129905 -0.00550689  0.00111782  0.00423516 -0.000627385  0.000157203  -0.00154616  -0.00247164 -0.000328239  -0.00104995 0.0119107         0         0 20064
             23.5781 -0.379759   31.3799 -0.319209   0.0131071 -0.00504804  -0.0129936 -0.00546045  0.00119506  0.00421435 -0.00062738 0.000157194 -0.00154616  -0.00247187 -0.000328594  -0.00104998 0.0109172         0         0 0
             23.6779 -0.364782   31.3765 -0.314881   0.014078 -0.0056483 -0.0134127  0.00270077 -0.00427766 -0.00119276 -0.00063262 0.000156675 -0.00155534  -0.00253068 -0.000307777  -0.00105199 0.0109158         0         0 19968
             23.6779 -0.364782   31.3765 -0.314881   0.0140906 -0.00563228  -0.0134147  0.00278778 -0.00416745 -0.00120379 -0.000632611  0.000156664  -0.00155535  -0.00253104 -0.000308284  -0.00105215 0.0109296         0         0 0
             23.7778 -0.396416   31.4006 -0.330258   0.0129749 -0.00654259  -0.0134618 -0.00954119  -0.0074008 -0.00053205 -0.000634149  0.000155194  -0.00156124  -0.00249862 -0.000292176  -0.00103225 0.0109355         0         0 19968
             23.7778 -0.396416   31.4006 -0.330258   0.012989 -0.0065214 -0.0134621 -0.00943971 -0.00725435 -0.00053004 -0.000634136  0.000155186  -0.00156125   -0.002499 -0.00029285  -0.0010325 0.0115918         0         0 0
             23.8781 -0.390009   31.3917 -0.308799   0.0130054 -0.00599763  -0.0149635 -0.00492458  0.00182657 -0.00978937 -0.000635996  0.000156488  -0.00157109   -0.0025543 -0.000334039  -0.00100903 0.0115854         0         0 20064
             23.8781 -0.390009   31.3917 -0.308799   0.0130113 -0.00598629  -0.0149681 -0.00488213  0.00190586 -0.00981972 -0.000635988  0.000156478   -0.0015711  -0.00255454 -0.000334406  -0.00100901 0.0116948         0         0 0
             23.9779 -0.377778   31.3979 -0.297801  0.0125328 -0.0057246 -0.0145025 -0.00655347  0.00268703  0.00125291 -0.000640067  0.000156311  -0.00158036  -0.00253447 -0.000338188  -0.00105354 0.0116947         0         0 19968
             23.9779 -0.377778   31.3979 -0.297801   0.0125403 -0.00571502  -0.0145041 -0.00650109  0.00275383  0.00124352 -0.000640061  0.000156305  -0.00158036   -0.0025347 -0.000338497  -0.00105363 0.0107904         0         0 0
             24.0778 -0.361377   31.3833 -0.290455   0.0140802 -0.00606908  -0.0137746  0.00645944 -0.00117454  0.00697885 -0.000646175  0.000157512  -0.00158937  -0.00258611 -0.000322923  -0.00111088 0.0107873         0         0 19968
             24.0778 -0.361377   31.3833 -0.290455   0.0140864 -0.00605747  -0.0137761    0.006504 -0.00109552  0.00696991 -0.00064617 0.000157504 -0.00158938  -0.0025863 -0.00032329 -0.00111095 0.0106193         0         0 0
             24.1781  -0.39539   31.3745 -0.330609   0.0145347 -0.00627902  -0.0131608  0.00244277 -0.00171522   0.0073807 -0.000647386  0.000159117  -0.00159275  -0.00258616 -0.000321699  -0.00110886 0.0106193         0         0 20064
             24.1781  -0.39539   31.3745 -0.330609   0.0145404 -0.00627016  -0.0131617  0.00248268 -0.00165329  0.00737533 -0.000647384  0.000159113  -0.00159275  -0.00258633 -0.000321987  -0.00110894 0.00986813          0          0 0
             24.2779 -0.398279   31.4157 -0.335507   0.0142851 -0.00579097  -0.0127698 -0.00317273  0.00291271  0.00595012 -0.000649637  0.000154471  -0.00160037  -0.00258169 -0.000343932  -0.00109378 0.00986881          0          0 19968
             24.2779 -0.398279   31.4157 -0.335507   0.0142921 -0.00577659  -0.0127735 -0.00312211  0.00301102    0.005926 -0.000649637  0.000154461  -0.00160039  -0.00258195 -0.000344391   -0.0010938 0.0108492         0         0 0
             24.3778 -0.408112   31.3814 -0.320925   0.0126871 -0.00527812  -0.0122845 -0.0139011  0.0041387 0.00562268 -0.000650356  0.000160596   -0.0016102  -0.00255156 -0.000352104  -0.00107179 0.0108507         0         0 19968
             24.3778 -0.408112   31.3814 -0.320925   0.0126999 -0.00525856  -0.0122819 -0.0138107 0.00427351 0.00564374 -0.000650345  0.000160589  -0.00161021 -0.00255186 -0.00035273  -0.0010721 0.0113004         0         0 0
             24.4781 -0.408987   31.3871 -0.344551   0.0129046 -0.00569037  -0.0128949 -0.00502178 -0.00180892 -0.00198099 -0.000655077  0.000158813  -0.00161665  -0.00261766 -0.000328088  -0.00106811 0.0112978         0         0 20064
             24.4781 -0.408987   31.3871 -0.344551   0.0129097 -0.00567792  -0.0128967 -0.00498584 -0.00172416 -0.00199284 -0.000655073  0.000158809  -0.00161666  -0.00261783 -0.000328485  -0.00106815 0.0106826         0         0 0
             24.5779 -0.368437    31.379 -0.335977   0.0128011 -0.00550749  -0.0158623   -0.0044636 -8.13122e-05   -0.0211388 -0.000662832  0.000160495  -0.00162625  -0.00267888 -0.000339954 -0.000997776 0.0106831         0         0 19968
             24.5779 -0.368437    31.379 -0.335977   0.0128052 -0.00549376   -0.015868 -0.00443374 1.23824e-05  -0.0211776 -0.000662833  0.000160487  -0.00162627   -0.0026791 -0.000340396 -0.000997689 0.0106478         0         0 0
             24.6778 -0.388645   31.3731 -0.304603   0.0134013 -0.00585012  -0.0156598  0.00138751 -0.00293407 -0.00514255 -0.000661626  0.000160646  -0.00163843  -0.00267272 -0.000330121  -0.00108772 0.0106457         0         0 19968
             24.6778 -0.388645   31.3731 -0.304603    0.013414 -0.00583169  -0.0156612  0.00147837 -0.00280673 -0.00514966 -0.00066162 0.000160637 -0.00163844  -0.00267309 -0.000330718  -0.00108791 0.010665        0        0 0
             24.7781 -0.380299    31.375  -0.31205   0.0143746 -0.00465316  -0.0141941  0.0053073  0.0064988 0.00837127 -0.000665619  0.000159987  -0.00164541  -0.00266698 -0.000377594  -0.00116367 0.0106581         0         0 20064
             24.7781 -0.380299    31.375  -0.31205   0.0143821 -0.00464422  -0.0141936 0.00536163 0.00656142 0.00837626 -0.00066561 0.000159978 -0.00164541  -0.00266718 -0.000377887  -0.00116383 0.0115677         0         0 0
             24.8779 -0.402704   31.3575 -0.308555   0.0148438 -0.00595512  -0.0136061  0.00224409 -0.00779293  0.00586635 -0.000666732  0.000162666  -0.00165503  -0.00267424 -0.000314175  -0.00115468 0.0115668         0         0 19968
             24.8779 -0.402704   31.3575 -0.308555   0.0148471 -0.00594975  -0.0136166   0.0022647 -0.00775621    0.005791 -0.00066674 0.000162662 -0.00165504  -0.00267451 -0.000314354  -0.00115442 0.0106306         0         0 0
             24.9778 -0.395562   31.3764 -0.345258   0.0141612 -0.00486436  -0.0123971 -0.00586351  0.00444994  0.00978019 -0.00067245 0.000160998 -0.00165831  -0.00264548 -0.000372633  -0.00115894 0.0106322         0         0 19968
             24.9778 -0.395562   31.3764 -0.345258   0.0141691 -0.00485154   -0.012402 -0.00580728  0.00453843  0.00974838 -0.000672448  0.000160986  -0.00165831  -0.00264578 -0.000373052  -0.00115895 0.0109579         0         0 0
             25.0781 -0.366253   31.3735 -0.325709   0.0143954 -0.00530361  -0.0133184 -0.00296615  -0.0021259 -0.00356907 -0.00067982 0.000161504 -0.00166903   -0.0027056 -0.000344047  -0.00111713 0.0109585         0         0 20064
             25.0781 -0.366253   31.3735 -0.325709   0.0144031 -0.00529307  -0.0133192 -0.00291211 -0.00205354 -0.00357227 -0.000679811  0.000161493  -0.00166903  -0.00270582 -0.000344389  -0.00111725 0.0118709         0         0 0
             25.1779 -0.401283   31.3822 -0.320333  0.0145586 -0.0063975 -0.0137285 -0.00239969 -0.00834791 -0.00433422 -0.000679872  0.000160846  -0.00167743 -0.00272417 -0.00031627 -0.00112424 0.0118686         0         0 19968
             25.1779 -0.401283   31.3822 -0.320333  0.0145637 -0.0063857 -0.0137293 -0.00236346 -0.00826689 -0.00433975 -0.00067987 0.000160837 -0.00167745  -0.00272433 -0.000316655   -0.0011243 0.0114833         0         0 0
             25.2778 -0.371605   31.4088 -0.316534   0.0128603 -0.00519393   -0.015254 -0.0149023 0.00529241 -0.0121645 -0.000684219  0.000158496  -0.00168574  -0.00270909 -0.000381858  -0.00106758 0.0114894         0         0 19968
             25.2778 -0.371605   31.4088 -0.316534   0.0128696 -0.00518385  -0.0152616 -0.0148386 0.00536332 -0.0122171 -0.000684222  0.000158492  -0.00168575  -0.00270948 -0.000382198  -0.00106751 0.0101556         0         0 0
             25.3781 -0.370607   31.3945  -0.30448   0.0120222 -0.00419019  -0.0147865   -0.0120017   0.00821122 -6.45459e-05 -0.000688282  0.000160802  -0.00169444  -0.00270207 -0.000399227  -0.00113124 0.0101493         0         0 20064
             25.3781 -0.370607   31.3945  -0.30448   0.0120309 -0.00418134  -0.0147878  -0.0119384   0.0082733 -7.1175e-05 -0.000688273  0.000160796  -0.00169445  -0.00270234 -0.000399522  -0.00113137 0.0114149         0         0 0
             25.4779 -0.398816   31.3885 -0.311652   0.0111972 -0.00482104  -0.0135785  -0.0111123 -0.00193402  0.00871037 -0.000689288  0.000162332  -0.00170264  -0.00269577 -0.000353489  -0.00117463 0.0114126         0         0 19968
             25.4779 -0.398816   31.3885 -0.311652   0.0112101 -0.00481091  -0.0135777 -0.0110224  -0.001863 0.00871931 -0.000689266  0.000162326  -0.00170264  -0.00269611 -0.000353821  -0.00117489 0.0121276         0         0 0
             25.5778 -0.392986   31.3861 -0.333732   0.0134845 -0.00593374  -0.0123944  0.00964527 -0.00763164   0.0121404 -0.000696077  0.000160696  -0.00170857  -0.00278839 -0.000326879  -0.00124519 0.0121119         0         0 19968
             25.5778 -0.392986   31.3861 -0.333732   0.0134897 -0.00592835  -0.0124004  0.00967794 -0.00759557   0.0120981 -0.00069608 0.000160693 -0.00170857  -0.00278863 -0.000327054  -0.00124509 0.0111215         0         0 0
             25.6781 -0.371201   31.4049 -0.316598   0.0140855 -0.00629086  -0.0123248  0.00455528 -0.00491637  0.00514587 -0.000700227  0.000158552  -0.00171902  -0.00280248 -0.000341066  -0.00120676 0.0111219         0         0 20064
             25.6781 -0.371201   31.4049 -0.316598  0.0140916  -0.006281 -0.0123249 0.00460014 -0.0048464 0.00514647 -0.000700219  0.000158545  -0.00171901  -0.00280265 -0.000341398  -0.00120687 0.0120357         0         0 0
             25.7779 -0.372187   31.3879 -0.308511   0.0136325 -0.00614272  -0.0136623  -0.00438941 -0.000441013  -0.00688125 -0.000702634  0.000161897  -0.00172839  -0.00281263 -0.000362786  -0.00113813 0.0120385         0         0 19968
             25.7779 -0.372187   31.3879 -0.308511   0.0136427 -0.00612957  -0.0136627  -0.00431804 -0.000350282  -0.00688209 -0.000702623  0.000161887  -0.00172839  -0.00281291 -0.000363218  -0.00113831 0.0118901         0         0 0
             25.8778 -0.392018   31.3891 -0.343348   0.0144093 -0.00527182  -0.0131787  0.0020295 0.00605181 0.00293202 -0.000704951    0.0001612  -0.00173163  -0.00282795 -0.000396111  -0.00119809 0.0118874         0         0 19968
             25.8778 -0.392018   31.3891 -0.343348   0.0144107 -0.00526625  -0.0131811 0.00203791  0.0060899 0.00291488 -0.000704952    0.0001612  -0.00173163  -0.00282803 -0.000396295  -0.00119804 0.0106039         0         0 0
             25.9781 -0.391904   31.3789 -0.304411  0.0141269 -0.0055304  -0.013877  -0.00350803 -3.11431e-05   -0.0030395 -0.00070758 0.000164095 -0.00174402  -0.00283425 -0.000370266  -0.00116172 0.0106048         0         0 20064
             25.9781 -0.391904   31.3789 -0.304411   0.0141328 -0.00551731  -0.0138766 -0.00346531 5.96783e-05 -0.00303478 -0.000707577   0.00016409  -0.00174403  -0.00283441 -0.000370703  -0.00116185 0.0109482         0         0 0
             26.0779 -0.382494   31.3958 -0.310267   0.0135853 -0.00590099  -0.0141257 -0.00666421 -0.00298715 -0.00206241 -0.000712547  0.000162794  -0.00175157  -0.00283172 -0.000359999  -0.00116437 0.010948        0        0 19968
             26.0779 -0.382494   31.3958 -0.310267  0.0135946 -0.0058868 -0.0141275 -0.00659582 -0.00288957 -0.00207283 -0.000712536  0.000162781  -0.00175157  -0.00283202 -0.000360467   -0.0011645 0.0119112         0         0 0
             26.1778 -0.410053   31.4107 -0.323737   0.0129905 -0.00543112  -0.0127232 -0.00739244  0.00200788  0.00943051 -0.000713134  0.000161925  -0.00175806  -0.00280913 -0.000386029  -0.00121926 0.0119107         0         0 19968
             26.1778 -0.410053   31.4107 -0.323737  0.0129894 -0.0054295 -0.0127337 -0.00740261  0.00201815  0.00935656 -0.000713142   0.00016192  -0.00175807  -0.00280928 -0.000386084  -0.00121892 0.0110382         0         0 0
             26.2781 -0.406413    31.371 -0.336719   0.0137692 -0.00475132    -0.01161 0.00116583 0.00488099   0.010925 -0.00071752 0.000166807 -0.00176458  -0.00285303 -0.000403547  -0.00125563 0.0110345         0         0 20064
             26.2781 -0.406413    31.371 -0.336719   0.0137837 -0.00473042  -0.0116102 0.00126799 0.00502586  0.0109275 -0.000717511  0.000166798  -0.00176459  -0.00285344 -0.000404248   -0.0012559 0.0109366         0         0 0
             26.3779  -0.38867   31.3827 -0.302563    0.01243 -0.0055379 -0.0126041  -0.0114444 -0.00506541   -0.004269 -0.000722653  0.000166899  -0.00177722  -0.00285428 -0.000360279  -0.00116749 0.0109441         0         0 19968
             26.3779  -0.38867   31.3827 -0.302563   0.0124358 -0.00552796  -0.0126049  -0.0114053 -0.00499904 -0.00427326 -0.000722651  0.000166895  -0.00177722 -0.00285445  -0.0003606 -0.00116757 0.00985275          0          0 0
             26.4778 -0.412272   31.3498 -0.323366   0.0140637 -0.00638795  -0.0128682   0.0056554 -0.00759717  -0.0032945 -0.000725425  0.000170326  -0.00178297  -0.00293441 -0.000350098  -0.00122404 0.00985029          0          0 19968
             26.4778 -0.412272   31.3498 -0.323366   0.0140772 -0.00637554  -0.0128674  0.00575133 -0.00750998 -0.00328564 -0.000725409  0.000170315  -0.00178298  -0.00293478 -0.000350517  -0.00122432 0.0113326         0         0 0
             26.5781 -0.375864   31.3891 -0.316634    0.013627 -0.00539835   -0.013198 -0.00298921  0.00339502 -0.00421442 -0.000731343  0.000165983  -0.00179226  -0.00291428 -0.000405854  -0.00120869 0.0113324         0         0 20064
             26.5781 -0.375864   31.3891 -0.316634   0.0136436 -0.00537741  -0.0131967 -0.00287266  0.00353912 -0.00420215 -0.000731328  0.000165974  -0.00179228  -0.00291472 -0.000406553  -0.00120904 0.0114627         0         0 0
              26.678 -0.404653   31.3761 -0.328452   0.0152953 -0.00567486  -0.0134149  0.00847755 -0.00108667 -0.00311008 -0.000731988  0.000167052  -0.00179958  -0.00297193 -0.000385749  -0.00125101 0.011457        0        0 19968
              26.678 -0.404653   31.3761 -0.328452   0.0153058 -0.00566288  -0.0134141  0.00855184  -0.0010029 -0.00310258 -0.000731978  0.000167046  -0.00179959  -0.00297222 -0.000386155  -0.00125123 0.011392        0        0 0
             26.7778 -0.388687   31.3658 -0.319501   0.0155491 -0.00560918  -0.0147809   0.00208881 -0.000405354   -0.0111613 -0.000737439  0.000169712  -0.00180937  -0.00298063 -0.000390297  -0.00120831 0.0113926         0         0 19968
             26.7778 -0.388687   31.3658 -0.319501   0.0155642 -0.00559032  -0.0147804    0.0021963 -0.000273353   -0.0111542 -0.000737427  0.000169701  -0.00180936  -0.00298105 -0.000390938  -0.00120861 0.0117236         0         0 0
             26.8781 -0.364168   31.3927 -0.312718  0.0137803 -0.0052928 -0.0141452  -0.0125838  0.00107225 0.000406368 -0.000742796  0.000167812  -0.00181925  -0.00290063 -0.000401559  -0.00122652 0.0117291         0         0 20064
             26.8781 -0.364168   31.3927 -0.312718   0.0137868 -0.00528372  -0.0141422  -0.0125385  0.00113459 0.000428902 -0.000742786  0.000167811  -0.00181926  -0.00290076 -0.000401862  -0.00122673 0.0115945         0         0 0
              26.978 -0.392686    31.418 -0.328211   0.0130668 -0.00616673  -0.0142425   -0.0107876  -0.00594114 -0.000652933 -0.000745032  0.000165325  -0.00182558  -0.00292503 -0.000369462  -0.00123242 0.0115933         0         0 19968
              26.978 -0.392686    31.418 -0.328211     0.01308 -0.00614488  -0.0142428   -0.0106935  -0.00578924 -0.000652507 -0.000745021  0.000165318  -0.00182559  -0.00292542 -0.000370203  -0.00123266 0.0112291         0         0 0
             27.0778 -0.361404   31.3832 -0.294902   0.0121664 -0.00543219  -0.0140857  -0.0116992  0.00251519 0.000247869 -0.000751676  0.000171037  -0.00183663  -0.00293322 -0.000413034  -0.00124583 0.0112243         0         0 19968
             27.0778 -0.361404   31.3832 -0.294902   0.0121779 -0.00542175  -0.0140885  -0.0116182  0.00258786 0.000229849 -0.000751667  0.000171026  -0.00183663  -0.0029336 -0.00041339 -0.00124596 0.0113771         0         0 0
             27.1781  -0.39724   31.3945 -0.312185   0.0120327 -0.00553549  -0.0129223 -0.00741626  0.00027921   0.0087145 -0.000752145  0.000169102  -0.00184314  -0.00294795 -0.000402911  -0.00130053 0.0113753         0         0 20064
             27.1781  -0.39724   31.3945 -0.312185   0.0120418 -0.00552512  -0.0129236 -0.00735246 0.000351023  0.00870745 -0.000752137  0.000169094  -0.00184314  -0.00294823 -0.000403263  -0.00130066 0.011492        0        0 0
              27.278 -0.42232  31.3918 -0.33482   0.0129358 -0.00695711  -0.0113241 0.000938708 -0.00892469   0.0147454 -0.000754804  0.000168276  -0.00184991 -0.00298389 -0.00035619  -0.0013528 0.0114891         0         0 19968
              27.278 -0.42232  31.3918 -0.33482  0.0129527 -0.0069328 -0.0113231  0.00105832 -0.00875611   0.0147572 -0.000754788  0.000168266  -0.00184993  -0.00298435 -0.000357017  -0.00135316 0.0112168         0         0 0
             27.3778 -0.400097    31.401 -0.323315   0.0123877 -0.00681993  -0.0122444  -0.00530816  -0.00193591 -0.000827582 -0.000759688  0.000167933  -0.00185946  -0.00301018 -0.000391449  -0.00126868 0.0112178         0         0 19968
             27.3778 -0.400097    31.401 -0.323315   0.0123975 -0.00680748   -0.012252  -0.00524002  -0.00185088 -0.000878654 -0.000759692  0.000167929  -0.00185946   -0.0030106 -0.000391873  -0.00126863 0.0107438         0         0 0
             27.4781 -0.343001   31.3857 -0.280045    0.013282 -0.00580176  -0.0150175 0.00230356  0.0060676 -0.0180298 -0.000766201  0.000169354  -0.00187331  -0.00310359 -0.000434075  -0.00121593 0.0107378         0         0 20064
             27.4781 -0.343001   31.3857 -0.280045    0.013287 -0.00578479  -0.0150315 0.00233887 0.00618252 -0.0181251 -0.000766205  0.000169345  -0.00187332 -0.00310399 -0.00043465 -0.00121561 0.0113515         0         0 0
              27.578  -0.42173     31.38 -0.345453   0.0135254 -0.00588778  -0.0146179  0.00034806  0.00151677 -0.00101625 -0.000764136  0.000170993  -0.00187414  -0.00306879 -0.000412461  -0.00128895 0.011349        0        0 19968
              27.578  -0.42173     31.38 -0.345453   0.0135336 -0.00587453  -0.0146211 0.000405843   0.0016079 -0.00103656 -0.000764129  0.000170984  -0.00187414  -0.00306909 -0.000412912  -0.00128901 0.0116404         0         0 0
             27.6778 -0.411229   31.3715 -0.332426   0.0135579 -0.00623835  -0.0140446 -0.00191673 -0.00163972  0.00491679 -0.000768206  0.000173311  -0.00188409  -0.00305921 -0.000397071   -0.0013141 0.0116395         0         0 19968
             27.6778 -0.411229   31.3715 -0.332426  0.0135599 -0.0062267 -0.0140556 -0.00190369 -0.00156047   0.0048398 -0.000768214  0.000173303  -0.00188409  -0.00305947 -0.000397468   -0.0013138 0.0111964         0         0 0
             27.7781 -0.399205   31.3937 -0.312565   0.0135456 -0.00606217  -0.0138357 -0.00272686 0.000306007  0.00376774 -0.000772125  0.000171227  -0.00189442  -0.00307323 -0.000410898   -0.0013138 0.0111958         0         0 20064
             27.7781 -0.399205   31.3937 -0.312565   0.0135538 -0.00605452  -0.0138337 -0.00266783 0.000359787  0.00378352 -0.000772114  0.000171224  -0.00189442  -0.00307344 -0.000411164  -0.00131402 0.011698        0        0 0
              27.878 -0.405976   31.4045 -0.306242   0.0122306 -0.00675795  -0.0130189  -0.0111521 -0.00559901  0.00674446 -0.000774768  0.000171089  -0.00190417  -0.00303799 -0.000386289  -0.00131182 0.0116985         0         0 19968
              27.878 -0.405976   31.4045 -0.306242   0.0122325 -0.00674993  -0.0130209  -0.0111386 -0.00554413   0.0067306 -0.000774768  0.000171087  -0.00190417  -0.00303809 -0.000386563  -0.00131179 0.0110352         0         0 0
             27.9778 -0.404802   31.4139 -0.317167    0.011673 -0.00628605  -0.0122368 -0.00873337  0.00112092   0.0077803 -0.000778355  0.000171039  -0.00191086  -0.00305695 -0.000421452  -0.00132983 0.0110354         0         0 19968
             27.9778 -0.404802   31.4139 -0.317167   0.0116815 -0.00627067  -0.0122376 -0.00867177  0.00122736  0.00777716 -0.000778347  0.000171032  -0.00191087  -0.00305722 -0.000421982  -0.00132998 0.0111792         0         0 0
             28.0781 -0.372967   31.3947 -0.311676   0.0118781 -0.00643475  -0.0128043 -0.00350141 -0.00112531 -0.00194337 -0.000787297  0.000173721  -0.00191947  -0.00311824 -0.000413026  -0.00131099 0.0111782         0         0 20064
             28.0781 -0.372967   31.3947 -0.311676    0.011895 -0.00641822  -0.0128023 -0.00338364 -0.00101017 -0.00192739 -0.000787288  0.000173715  -0.00191947   -0.0031187 -0.000413601  -0.00131136 0.00979394          0          0 0
              28.178 -0.367976   31.3987 -0.294186   0.0130271 -0.00720165  -0.0148716  0.00447825 -0.00704957  -0.0154772 -0.000790611  0.000172385  -0.00193055  -0.00320062 -0.000392768  -0.00128033 0.00978877          0          0 19968
              28.178 -0.367976   31.3987 -0.294186   0.0130352 -0.00718959  -0.0148725  0.00453662 -0.00696495  -0.0154821 -0.000790601   0.00017238  -0.00193057 -0.00320088 -0.00039319 -0.00128046 0.0107805         0         0 0
             28.2778 -0.398228   31.3567 -0.310399  0.0139192 -0.0068785 -0.0143743   0.00580336 -0.000747697  -0.00182531 -0.000790478  0.000178179  -0.00193681  -0.00318262 -0.000426599  -0.00135476 0.0107751         0         0 19968
             28.2778 -0.398228   31.3567 -0.310399   0.0139289 -0.00686515  -0.0143753   0.00587253 -0.000654891  -0.00183023 -0.000790468  0.000178169  -0.00193682  -0.00318292 -0.000427062  -0.00135492 0.0112035         0         0 0
             28.3781 -0.414235   31.3689 -0.344121  0.0141121 -0.0065451  -0.013464 0.00122899 0.00158065 0.00507979 -0.000794611  0.000176895  -0.00194067    -0.003158 -0.000438931  -0.00138222 0.0112034         0         0 20064
             28.3781 -0.414235   31.3689 -0.344121   0.0141298 -0.00652751  -0.0134654 0.00135442 0.00170374 0.00507379 -0.000794591  0.000176883  -0.00194067  -0.00315855 -0.000439547  -0.00138252 0.0122902         0         0 0
              28.478 -0.380704    31.373 -0.279736   0.0148769 -0.00619157  -0.0134991  0.00357193   0.0023187 0.000372903 -0.000797025  0.000176576  -0.00195756  -0.00319291 -0.000444492  -0.00137745 0.0122874         0         0 19968
              28.478 -0.380704    31.373 -0.279736   0.0148866 -0.00617759  -0.0135071  0.00363803   0.0024145 0.000318533 -0.000797029  0.000176569  -0.00195756  -0.00319333 -0.000444979  -0.00137738 0.0116547         0         0 0
             28.5778 -0.411607   31.3856  -0.29401   0.0145357 -0.00780337  -0.0136765 -0.00412942  -0.0102051 -0.00193539 -0.000800789  0.000176536  -0.00196422  -0.00318181 -0.000381186  -0.00135916 0.0116602         0         0 19968
             28.5778 -0.411607   31.3856  -0.29401   0.0145427 -0.00779544  -0.0136845 -0.00408389  -0.0101521 -0.00199005 -0.000800792  0.000176532  -0.00196423  -0.00318215 -0.000381457  -0.00135904 0.0108716         0         0 0
             28.6781 -0.392117   31.3845 -0.316684   0.0140198 -0.00722761  -0.0137623   -0.007094 0.000535489 -0.00134683 -0.000808248  0.000177537  -0.00196903 -0.00318192 -0.00043801 -0.00136191 0.0108703         0         0 20064
             28.6781 -0.392117   31.3845 -0.316684  0.0140334 -0.0072069 -0.0137604 -0.00699521 0.000679805 -0.00133044 -0.000808235  0.000177527  -0.00196904  -0.00318229 -0.000438736  -0.00136224 0.0111589         0         0 0
              28.778 -0.410616   31.3884 -0.343708   0.0125924 -0.00600945  -0.0137396   -0.0139819   0.00803499 -0.000109348 -0.000810489  0.000177797  -0.00197389  -0.00316338 -0.000476862  -0.00135295 0.0111585         0         0 19968
              28.778 -0.410616   31.3884 -0.343708   0.0126023 -0.00599801  -0.0137412   -0.0139126   0.00811393 -0.000118903 -0.00081048 0.000177788  -0.0019739  -0.0031637 -0.00047726 -0.00135309 0.0105932         0         0 0
             28.8778 -0.389429   31.4017 -0.294284  0.0132372 -0.0058615 -0.0147745 -0.00255679  0.00375122 -0.00664056 -0.000813836  0.000174935  -0.00198908  -0.00324659 -0.000455012  -0.00135806 0.0105916         0         0 19968
             28.8778 -0.389429   31.4017 -0.294284   0.0132503 -0.00584197  -0.0147749 -0.00246424  0.00388576 -0.00663908 -0.000813827  0.000174928  -0.00198909 -0.00324698 -0.00045569 -0.00135831 0.0115526         0         0 0
             28.9781 -0.384734   31.3906 -0.319307   0.0148537 -0.00630368  -0.0148292  0.00771232 -0.00146119 -0.00126396 -0.000821407  0.000176035   -0.0019946   -0.0032942 -0.000429027  -0.00141355 0.011548        0        0 20064
             28.9781 -0.384734   31.3906 -0.319307   0.014867 -0.0062856 -0.0148295  0.00780662 -0.00133634  -0.0012618 -0.000821392  0.000176029  -0.00199461   -0.0032946 -0.000429659  -0.00141381 0.0117874         0         0 0
              29.078 -0.394952    31.361   -0.3501   0.0133825 -0.00588018  -0.0135542 -0.0103966 0.00234462 0.00933434 -0.000826257  0.000182531  -0.00199864 -0.00320631 -0.00044718 -0.00141824 0.0117935         0         0 19968
              29.078 -0.394952    31.361   -0.3501   0.0133856 -0.00586842  -0.0135626 -0.0103777 0.00242323 0.00927487 -0.000826266  0.000182527  -0.00199865  -0.00320655 -0.000447585  -0.00141802 0.0104232         0         0 0
             29.1778 -0.390912   31.3753 -0.321796   0.0124267 -0.00540307  -0.0119655  -0.012367 0.00436658  0.0151564 -0.000829047   0.00018085  -0.00201007  -0.00319963 -0.000456953  -0.00144408 0.0104229         0         0 19968
             29.1778 -0.390912   31.3753 -0.321796   0.0124321 -0.00539416   -0.011964 -0.0123273  0.0044288  0.0151683 -0.000829042  0.000180846  -0.00201007  -0.00319976 -0.000457268  -0.00144424 0.0105797         0         0 0
             29.2781 -0.382381   31.3669  -0.33469   0.0132671 -0.00613726  -0.0121188  -0.0010409 -0.00329982  0.00524058 -0.000834726  0.000180738  -0.00201839  -0.00329273 -0.000420974  -0.00143238 0.0105768         0         0 20064
             29.2781 -0.382381   31.3669  -0.33469   0.0132837 -0.00611625  -0.0121156 -0.000923878  -0.00315606   0.00526523 -0.000834713  0.000180729   -0.0020184  -0.00329316 -0.000421707  -0.00143281 0.0107009         0         0 0
              29.378  -0.42704   31.3717 -0.326104   0.0135109 -0.00646452  -0.0138733 -0.00128043 -0.00341604 -0.00943446 -0.000830931  0.000180828   -0.0020278  -0.00334826 -0.000422848  -0.00137001 0.0107029         0         0 19968
              29.378  -0.42704   31.3717 -0.326104   0.0135185 -0.00645423  -0.0138705 -0.00122581 -0.00334394 -0.00941307 -0.000830922  0.000180825   -0.0020278  -0.00334843 -0.000423214  -0.00137025 0.010695        0        0 0
             29.4778 -0.399283   31.4119 -0.320359   0.0140293 -0.00705806  -0.0139072  0.00154271 -0.00487103 -0.00185956 -0.000838469  0.000174972  -0.00203734  -0.00335455 -0.000414831  -0.00141623 0.010693        0        0 19968
             29.4778 -0.399283   31.4119 -0.320359    0.014038 -0.00704718  -0.0139116  0.00160527 -0.00479575 -0.00188777 -0.000838459  0.000174962  -0.00203734  -0.00335489 -0.000415215  -0.00141627 0.0118471         0         0 0
             29.5781 -0.393037   31.3655 -0.318261   0.0143087 -0.00640823  -0.0142056 0.000374989  0.00287975  -0.0019745 -0.000842448  0.000182472  -0.00204503  -0.00336391 -0.000455284  -0.00142042 0.0118478         0         0 20064
             29.5781 -0.393037   31.3655 -0.318261   0.0143234 -0.00639173  -0.0141993 0.000477577  0.00299517 -0.00192779 -0.00084243 0.000182467 -0.00204504  -0.00336423 -0.000455871  -0.00142091 0.010883        0        0 0
              29.678 -0.414159   31.3922 -0.337061   0.0142977 -0.00725123  -0.0132226 -0.00180618 -0.00534057  0.00640334 -0.000845547  0.000178773  -0.00205143  -0.00334369 -0.000416712  -0.00146137 0.0108816         0         0 19968
              29.678 -0.414159   31.3922 -0.337061   0.0143001 -0.00724181  -0.0132268 -0.00178907 -0.00527582  0.00637416 -0.00084555 0.000178771 -0.00205144  -0.00334385 -0.000417047  -0.00146129 0.0109337         0         0 0
             29.7778 -0.400416   31.4033 -0.316599   0.0120222 -0.00696197  -0.0140722   -0.0179598 -0.000766708  -0.00448747 -0.000847659  0.000179517  -0.00206277  -0.00331326 -0.000443413  -0.00137675 0.0109447         0         0 19968
             29.7778 -0.400416   31.4033 -0.316599   0.0120288 -0.00695207  -0.0140764    -0.017913 -0.000698357  -0.00451529 -0.000847656  0.000179509  -0.00206277  -0.00331354 -0.000443765  -0.00137675 0.0108918         0         0 0
             29.8781 -0.384874   31.3982 -0.315344   0.0112546 -0.00684025  -0.0141632   -0.0128501 -0.000278177  -0.00229907 -0.000853118  0.000180681  -0.00207123  -0.00334154 -0.000451106  -0.00141059 0.0108905         0         0 20064
             29.8781 -0.384874   31.3982 -0.315344   0.0112581 -0.00683218  -0.0141677   -0.0128259 -0.000222807  -0.00232964 -0.000853117  0.000180675  -0.00207123  -0.00334173 -0.000451394  -0.00141052 0.010743        0        0 0
              29.978 -0.423647    31.388 -0.301123   0.0128827 -0.00753361  -0.0128902 0.00554318  -0.004868 0.00800484 -0.000851194  0.000179662  -0.00208202  -0.00340393 -0.000426581  -0.00151442 0.0107356         0         0 19968
              29.978 -0.423647    31.388 -0.301123   0.0128957 -0.00751677   -0.012889  0.00563432 -0.00475205  0.00801602 -0.000851182  0.000179656  -0.00208202  -0.00340429 -0.000427175  -0.00151471 0.010852        0        0 0
             30.0778 -0.409882   31.3799 -0.335054   0.0133653 -0.00667528  -0.0134653  0.00315631  0.00384169 -0.00244378 -0.000859197  0.000181676  -0.00208472 -0.00343436 -0.00047205 -0.00146892 0.0108518         0         0 19968
             30.0778 -0.409882   31.3799 -0.335054   0.0133712 -0.00666274  -0.0134652   0.0032001  0.00392879 -0.00244155 -0.000859192   0.00018167  -0.00208473  -0.00343455 -0.000472498  -0.00146905 0.0112018         0         0 0
             30.1781 -0.385139   31.4126 -0.324239   0.0127043 -0.00603286  -0.0134348 -0.00469514  0.00484112  -0.0011908 -0.000864533  0.000178183   -0.0020954  -0.00340794 -0.000478715  -0.00145796 0.011203        0        0 20064
             30.1781 -0.385139   31.4126 -0.324239   0.0127199 -0.00601599   -0.013435 -0.00458474  0.00495861 -0.00118793 -0.000864514  0.000178173  -0.00209541  -0.00340841 -0.000479321  -0.00145827 0.0122742         0         0 0
              30.278 -0.382946   31.3977 -0.308305   0.0129647 -0.00595446  -0.0142435 -0.00140581  0.00111332 -0.00673767 -0.000867427  0.000180378  -0.00210648  -0.00344905 -0.000464395   -0.0014495 0.0122727         0         0 19968
              30.278 -0.382946   31.3977 -0.308305   0.0129785 -0.00593974  -0.0142459 -0.00131082  0.00121413 -0.00675149 -0.000867415  0.000180368  -0.00210649   -0.0034495 -0.000464918  -0.00144969 0.0112929         0         0 0
             30.3778   -0.4116   31.3936 -0.305846   0.0138417 -0.00689901  -0.0138285  0.00432974 -0.00691043  0.00038344 -0.000868403  0.000180543  -0.00211572  -0.00346723 -0.000425301  -0.00150551 0.0112892         0         0 19968
             30.3778   -0.4116   31.3936 -0.305846   0.0138503 -0.00688558  -0.0138314  0.00439124 -0.00681809 0.000365499 -0.000868395   0.00018053  -0.00211573  -0.00346755 -0.000425779   -0.0015056 0.01141       0       0 0
             30.4781 -0.381836   31.4086 -0.322177   0.0139733 -0.00601289  -0.0141706 0.000851444  0.00377418  -0.0028862 -0.000876936  0.000179574  -0.00212136  -0.00347384 -0.000478833  -0.00148932 0.0114121         0         0 20064
             30.4781 -0.381836   31.4086 -0.322177   0.0139775 -0.00600194  -0.0141736 0.000881456  0.00384969 -0.00290606 -0.000876934  0.000179571  -0.00212137  -0.00347403 -0.000479227  -0.00148931 0.0108097         0         0 0
              30.578 -0.361198   31.4182 -0.314286   0.0130362 -0.00527858  -0.0143214 -0.00784736  0.00561628 -0.00207395 -0.000883462  0.000179906  -0.00213072  -0.00344815 -0.000491268  -0.00147517 0.0108105         0         0 19968
              30.578 -0.361198   31.4182 -0.314286   0.0130443 -0.00526632  -0.0143238 -0.00778969  0.00570119 -0.00208859 -0.000883455  0.000179896  -0.00213073 -0.00344844 -0.00049171 -0.00147525 0.0111933         0         0 0
             30.6778 -0.417977    31.388 -0.324426    0.011841 -0.00563713   -0.012072   -0.0124771 -0.000259234    0.0151837 -0.000880553  0.000185352  -0.00213835  -0.00339636 -0.000458225  -0.00154903 0.0111926         0         0 19968
             30.6778 -0.417977    31.388 -0.324426    0.011851 -0.00562417  -0.0120726   -0.0124066 -0.000170787    0.0151821 -0.000880543   0.00018534  -0.00213835  -0.00339668 -0.000458685  -0.00154921 0.0120631         0         0 0
             30.7782 -0.419041   31.3922 -0.337208   0.0133041 -0.00549568  -0.0129367   0.00318855   0.00157018 -0.000414877 -0.000884676   0.00018256  -0.00214589  -0.00352877 -0.000468245  -0.00152482 0.0120637         0         0 20064
             30.7782 -0.419041   31.3922 -0.337208   0.0133071 -0.00548811  -0.0129435   0.00320836   0.00162284 -0.000463549 -0.000884683  0.000182555  -0.00214589  -0.00352899 -0.000468525  -0.00152465 0.0106666         0         0 0
              30.878 -0.382509   31.4066 -0.320699    0.014138 -0.00591461  -0.0138984  0.00450174 -0.00213785 -0.00557505 -0.000892744  0.000180857  -0.00215709  -0.00356444 -0.000449481  -0.00150664 0.0106661         0         0 19968
              30.878 -0.382509   31.4066 -0.320699   0.0141455 -0.00590195  -0.0138993  0.00455598 -0.00205041 -0.00557942 -0.000892735  0.000180852   -0.0021571  -0.00356469 -0.000449938  -0.00150677 0.0111325         0         0 0
             30.9778 -0.367109   31.4108 -0.293569   0.0139795 -0.00545231  -0.0142616 -0.00142506  0.00266511 -0.00286554 -0.000895912  0.000181545  -0.00216961  -0.00354581 -0.000474346  -0.00150513 0.011133        0        0 19968
             30.9778 -0.367109   31.4108 -0.293569   0.0139897 -0.00544233  -0.0142637  -0.0013527  0.00273504 -0.00287822 -0.000895901  0.000181533  -0.00216961  -0.00354616 -0.000474711  -0.00150527 0.0117467         0         0 0
             31.0782 -0.397526   31.4025 -0.324218   0.0127165 -0.00601487  -0.0140031  -0.0110463 -0.00303644  0.00219211 -0.000897922  0.000184551  -0.00217455  -0.00350382 -0.000446172  -0.00150504 0.0117475         0         0 20064
             31.0782 -0.397526   31.4025 -0.324218   0.0127237 -0.00600201  -0.0140039  -0.0109956 -0.00294906  0.00218774 -0.000897917  0.000184545  -0.00217456  -0.00350406 -0.000446632  -0.00150516 0.0107252         0         0 0
              31.178 -0.397496   31.4092 -0.339332   0.0126417 -0.00586914  -0.0132498 -0.00537873 0.000162205  0.00732322 -0.000901481  0.000183166  -0.00218155  -0.00352714 -0.000464921  -0.00154825 0.0107241         0         0 19968
              31.178 -0.397496   31.4092 -0.339332   0.0126467 -0.00585714  -0.0132513 -0.00534264 0.000245136  0.00731401 -0.000901478  0.000183162  -0.00218156  -0.00352733 -0.000465357  -0.00154831 0.0108555         0         0 0
             31.2778 -0.393678   31.3873 -0.306346   0.0126702 -0.00675811  -0.0130211 -0.00308543 -0.00641278  0.00468301 -0.000904047   0.00018698  -0.00219447  -0.00355611 -0.000433944  -0.00154722 0.0108547         0         0 19968
             31.2778 -0.393678   31.3873 -0.306346   0.0126766 -0.00675235  -0.0130207 -0.00304052 -0.00637218  0.00468749 -0.00090404 0.000186978 -0.00219448   -0.0035563 -0.000434158  -0.00154736 0.0104087         0         0 0
             31.3782 -0.420495   31.3714 -0.329816   0.0132934 -0.00760308  -0.0116041  0.00170952 -0.00793601   0.0118266 -0.000904586  0.000188994  -0.00220083  -0.00357027 -0.000427559  -0.00160119 0.0104044         0         0 20064
             31.3782 -0.420495   31.3714 -0.329816   0.0133078 -0.00759131  -0.0115993  0.00181122 -0.00785378   0.0118633 -0.000904569  0.000188985  -0.00220083  -0.00357062 -0.000427988  -0.00160164 0.0112529         0         0 0
              31.478 -0.355164      31.4 -0.309424   0.0142697 -0.00658003  -0.0133587  0.00526283  0.00371566 -0.00849232 -0.000915094  0.000184562  -0.00221079  -0.00365604 -0.000493692  -0.00152471 0.0112521         0         0 19968
              31.478 -0.355164      31.4 -0.309424   0.0142782 -0.00656581  -0.0133595  0.0053232 0.00381396 -0.0084956 -0.000915087  0.000184556  -0.00221081  -0.00365632 -0.000494211  -0.00152486 0.0111174         0         0 0
             31.5778 -0.392923   31.3952 -0.337719   0.0146764 -0.00589459  -0.0144664 0.00286399 0.00511944 -0.0106265 -0.000914464   0.00018608  -0.00221643   -0.0036629 -0.000504575    -0.001517 0.0111176         0         0 19968
             31.5778 -0.392923   31.3952 -0.337719  0.0146842 -0.0058859  -0.014469 0.00291822 0.00517965 -0.0106431 -0.000914457  0.000186075  -0.00221644  -0.00366319 -0.000504894  -0.00151707 0.0106444         0         0 0
             31.6782 -0.353173   31.4021 -0.301028    0.014313 -0.00563467  -0.0146151 -0.00303956  0.00242391  -0.0049059 -0.00092186 0.000186594 -0.00222954  -0.00363137 -0.000493968  -0.00153695 0.0106438         0         0 20064
             31.6782 -0.353173   31.4021 -0.301028   0.0143211 -0.00562742    -0.01462 -0.00298204  0.00247415 -0.00493824 -0.000921849  0.000186584  -0.00222954  -0.00363172 -0.000494234  -0.00153695 0.0114556         0         0 0
              31.778 -0.382796   31.4042 -0.314317   0.0130202 -0.00554173  -0.0136977  -0.0109345 0.000337436  0.00406246 -0.000922522   0.00018813  -0.00223647  -0.00358067 -0.000487136  -0.00156566 0.0114551         0         0 19968
              31.778 -0.382796   31.4042 -0.314317   0.0130293 -0.00553336  -0.0137011  -0.0108715 0.000395631   0.0040405 -0.000922515   0.00018812  -0.00223647  -0.00358102 -0.000487445  -0.00156573 0.0109439         0         0 0
             31.8778  -0.39997   31.4149 -0.315133   0.0130465 -0.00505582  -0.0132469 -0.00487003  0.00295971  0.00351307 -0.000923961  0.000186012  -0.00224445  -0.00362022 -0.000503952  -0.00159064 0.0109428         0         0 19968
             31.8778  -0.39997   31.4149 -0.315133   0.0130523 -0.00504374  -0.0132575 -0.00483023  0.00304258  0.00344039 -0.000923968  0.000186005  -0.00224445   -0.0036206 -0.000504397  -0.00159041 0.0110789         0         0 0
             31.9782 -0.364573   31.3913 -0.328003   0.0133821 -0.00417994  -0.0139345 -0.000755423   0.00577907  -0.00454709 -0.000932735  0.000188753  -0.00225182 -0.00367098 -0.00052556  -0.0015729 0.0110785         0         0 20064
             31.9782 -0.364573   31.3913 -0.328003   0.0133966 -0.00416334  -0.0139338 -0.000651792   0.00589505  -0.00453874 -0.000932722  0.000188744  -0.00225183  -0.00367142 -0.000526178  -0.00157323 0.0112603         0         0 0
              32.078 -0.394489    31.397 -0.327256   0.0133676 -0.00538139  -0.0134945 -0.00212425 -0.00645387   0.0012544 -0.000934193  0.000188479  -0.00226142  -0.00366161 -0.000460252  -0.00160299 0.0112635         0         0 19968
              32.078 -0.394489    31.397 -0.327256   0.0133748 -0.00536978  -0.0134951 -0.00207251  -0.0063736  0.00125194 -0.000934182  0.000188468  -0.00226142  -0.00366185 -0.000460677  -0.00160312 0.0118784         0         0 0
             32.1778  -0.37996   31.3929 -0.333028   0.0123119 -0.00657426   -0.014009 -0.00995835  -0.0110799 -0.00409768 -0.000941008  0.000190352     -0.00227 -0.00365522 -0.00043886 -0.00156429 0.0118802         0         0 19968
             32.1778  -0.37996   31.3929 -0.333028   0.0123202 -0.00656226  -0.0140161 -0.00990114  -0.0109966 -0.00414721 -0.000941013  0.000190345  -0.00227001  -0.00365562 -0.000439309  -0.00156421 0.0111967         0         0 0
             32.2782 -0.378603   31.3915 -0.295968   0.0138237 -0.00766854  -0.0137981  0.00535763  -0.0107985 0.000608908 -0.000942431  0.000188973  -0.00228372  -0.00372847 -0.000440865  -0.00163557 0.0111884         0         0 20064
             32.2782 -0.378603   31.3915 -0.295968   0.0138394 -0.00765501  -0.0137959  0.00546949  -0.0107026 0.000627749 -0.000942415  0.000188967  -0.00228372  -0.00372892 -0.000441375  -0.00163597 0.011958        0        0 0
              32.378 -0.394622   31.3531 -0.308521   0.0143836 -0.00741216  -0.0135162  0.00317159 -0.00207356  0.00237802 -0.000943928  0.000195175  -0.00229024  -0.00373177 -0.000489616  -0.00164456 0.0119544         0         0 19968
              32.378 -0.394622   31.3531 -0.308521   0.0143978 -0.00739652  -0.0135119  0.00327192 -0.00196471  0.00241131 -0.000943909  0.000195163  -0.00229024  -0.00373212 -0.000490194    -0.001645 0.0116421         0         0 0
             32.4778 -0.390581   31.3904 -0.310546  0.0142323 -0.0066193 -0.0131131 -0.00234923  0.00478458  0.00413185 -0.000949263  0.000190804  -0.00229741 -0.00371984 -0.00052577 -0.00164216 0.0116414         0         0 19968
             32.4778 -0.390581   31.3904 -0.310546   0.0142373 -0.00660995  -0.0131208 -0.00231572  0.00484783   0.0040779 -0.000949271  0.000190798  -0.00229742  -0.00372015 -0.000526115    -0.001642 0.0108901         0         0 0
             32.5782 -0.384961    31.384 -0.348712   0.0143423 -0.00488083  -0.0143542 -0.00252469   0.0133551 -0.00631918 -0.000956414  0.000192726  -0.00230065  -0.00376751 -0.000573078  -0.00159639 0.0108905         0         0 20064
             32.5782 -0.384961    31.384 -0.348712   0.0143516 -0.00486961  -0.0143546 -0.00245963   0.0134325 -0.00632023 -0.000956407  0.000192721  -0.00230066  -0.00376781 -0.000573495  -0.00159657 0.010586        0        0 0
              32.678 -0.348183   31.4046 -0.290157   0.0131262 -0.00487768  -0.0147638  -0.0117563  0.00388223 -0.00383829 -0.000963137  0.000191559  -0.00231753  -0.00373546 -0.000524271   -0.0015863 0.0105865         0         0 19968
              32.678 -0.348183   31.4046 -0.290157   0.0131316 -0.00487527  -0.0147628  -0.0117184  0.00389993 -0.00383032 -0.000963125  0.000191557  -0.00231754  -0.00373561 -0.000524364  -0.00158645 0.0106801         0         0 0
             32.7779 -0.359249   31.3932  -0.30605   0.0137739 -0.00521557  -0.0139221  -0.00144667 -0.000980082   0.00628105 -0.000966509  0.000192357  -0.00232472  -0.00376972 -0.000501288   -0.0016664 0.0106727         0         0 19968
             32.7779 -0.359249   31.3932  -0.30605   0.0137824 -0.00520733  -0.0139206  -0.00138612 -0.000923101   0.00629355 -0.000966497   0.00019235  -0.00232472  -0.00376996 -0.000501593  -0.00166663 0.0114118         0         0 0
             32.8782 -0.379993   31.3891 -0.311974  0.0127477 -0.0051931   -0.01281  -0.00947862 -0.000296455    0.0108073 -0.000966746  0.000194773  -0.00233265 -0.00373487 -0.00050735 -0.00166859 0.0114124         0         0 20064
             32.8782 -0.379993   31.3891 -0.311974   0.0127556 -0.00518149   -0.012818  -0.00942505 -0.000216675    0.0107532 -0.000966747  0.000194767  -0.00233266  -0.00373527 -0.000507786  -0.00166849 0.0105937         0         0 0
              32.978 -0.373263   31.3934  -0.31434   0.0130815 -0.00609953  -0.0139279 -0.00309845 -0.00665572 -0.00365637 -0.000973627  0.000194264  -0.00234087  -0.00382013 -0.000478101   -0.0016228 0.0105911         0         0 19968
              32.978 -0.373263   31.3934  -0.31434   0.0130903 -0.00608807  -0.0139287 -0.00303563 -0.00657566 -0.00365954 -0.00097362 0.000194257 -0.00234088  -0.00382043 -0.000478536  -0.00162297 0.0107076         0         0 0
             33.0779 -0.382683   31.4161 -0.315095  0.0132553 -0.0068749 -0.0135764 -0.00146517 -0.00797366  0.00199467 -0.000976228  0.000190995  -0.00234914   -0.0038244 -0.000476372  -0.00166109 0.0107063         0         0 19968
             33.0779 -0.382683   31.4161 -0.315095   0.0132554 -0.00687061   -0.013574 -0.00146321 -0.00794433  0.00201177 -0.000976223  0.000190997  -0.00234914  -0.00382436 -0.000476529  -0.00166118 0.0106365         0         0 0
             33.1782 -0.389542    31.356 -0.317111   0.0134912 -0.00649383  -0.0136372 -0.000609552 -0.000158007  0.000528198 -0.000977018  0.000200387   -0.0023578   -0.0038464 -0.000521335   -0.0016638 0.0106363         0         0 20064
             33.1782 -0.389542    31.356 -0.317111     0.0135  -0.006479 -0.0136426 -0.000546936 -5.52609e-05  0.000492823 -0.000977016   0.00020038  -0.00235781  -0.00384679 -0.000521897  -0.00166381 0.0109296         0         0 0
              33.278 -0.382947   31.3813 -0.299651  0.0131202 -0.0066828 -0.0133386 -0.00464486 -0.00220872   0.0018971 -0.000980757  0.000197453  -0.00236871   -0.0038371 -0.000514718   -0.0016694 0.0109303         0         0 19968
              33.278 -0.382947   31.3813 -0.299651  0.0131291 -0.0066752 -0.0133429 -0.00458219 -0.00215571    0.001869 -0.000980753  0.000197441  -0.00236872  -0.00383747 -0.000515007  -0.00166944 0.0110109         0         0 0
             33.3779 -0.385103   31.3858 -0.293395   0.0125037 -0.00534075  -0.0117748 -0.00684901   0.0075082   0.0110711 -0.000982079  0.000197618  -0.00237788  -0.00381099 -0.000572129  -0.00171651 0.0110113         0         0 19968
             33.3779 -0.385103   31.3858 -0.293395   0.0125111 -0.00533124  -0.0117734 -0.00679766   0.0075743   0.0110819 -0.00098207 0.000197611 -0.00237788   -0.0038112 -0.000572486  -0.00171671 0.0106234         0         0 0
             33.4782 -0.353427   31.3812 -0.294249   0.0124413 -0.00490162  -0.0124111  -0.0049853  0.00442548 -0.00113952 -0.00098906 0.000198443 -0.00238688  -0.00387248 -0.000560449  -0.00166985 0.0106244         0         0 20064
             33.4782 -0.353427   31.3812 -0.294249   0.0124506 -0.00488993  -0.0124097   -0.004919   0.0045067 -0.00112778 -0.000989048  0.000198436   -0.0023869  -0.00387275 -0.000560891  -0.00167009 0.0104494         0         0 0
              33.578 -0.381888   31.3967 -0.321833   0.0126386 -0.00514225  -0.0140911 -0.00250745 -0.00113098  -0.0125481 -0.000990521  0.000196218  -0.00239223  -0.00393112 -0.000535498  -0.00163086 0.0104494         0         0 19968
              33.578 -0.381888   31.3967 -0.321833  0.0126448 -0.0051327 -0.0140926 -0.00246292 -0.00106476  -0.0125565 -0.000990516   0.00019621  -0.00239223  -0.00393135 -0.000535859  -0.00163095 0.0110883         0         0 0
             33.6779 -0.341522   31.4009 -0.287411    0.014128 -0.00525194  -0.0161632  0.00780477 -0.00199191  -0.0184716 -0.000996674  0.000194474  -0.00240578  -0.00400659 -0.000537906  -0.00163995 0.0110865         0         0 19968
             33.6779 -0.341522   31.4009 -0.287411   0.0141392 -0.00523841  -0.0161621  0.00788508 -0.00189757  -0.0184609 -0.000996658  0.000194467  -0.00240579 -0.00400692 -0.00053842 -0.00164023 0.0108509         0         0 0
             33.7777 -0.362424   31.3923 -0.295658  0.0143684 -0.0061764 -0.0140955   0.0030525 -0.00771321  0.00810417 -0.000997401  0.000196338    -0.002414  -0.00391644 -0.000511669  -0.00176385 0.0108519         0         0 19968
             33.7777 -0.362424   31.3923 -0.295658   0.0143769 -0.00616342   -0.014096  0.00311381 -0.00762384  0.00810299 -0.000997392   0.00019633  -0.00241401 -0.00391673 -0.00051216 -0.00176402 0.0115311         0         0 0
              33.878  -0.41194   31.4022 -0.320979   0.0138402 -0.00675593  -0.0132013 -0.00469537 -0.00711764  0.00806792 -0.000995623  0.000196026  -0.00241897  -0.00389447 -0.000518284  -0.00174994 0.0115319         0         0 20064
              33.878  -0.41194   31.4022 -0.320979   0.0138548 -0.00674091  -0.0132011 -0.00459259 -0.00701204  0.00807278 -0.000995608  0.000196016  -0.00241897  -0.00389493 -0.000518864  -0.00175026 0.0116578         0         0 0
             33.9779 -0.387828   31.3848  -0.32137   0.0128118 -0.00597393  -0.0127887 -0.0108239 0.00277974 0.00530005 -0.00100152 0.000199499 -0.00242788  -0.00389118 -0.000572444  -0.00172568 0.0116557         0         0 19968
             33.9779 -0.387828   31.3848  -0.32137   0.0128178 -0.00596611   -0.012795 -0.0107827 0.00283282 0.00525757 -0.00100152 0.000199492 -0.00242788 -0.00389149 -0.00057274 -0.00172559 0.0110228         0         0 0
             34.0777 -0.365471   31.3597 -0.282694   0.0126294 -0.00548894  -0.0126804 -0.00710438  0.00407968  0.00272708 -0.00100493 0.000203318 -0.00244207  -0.00393303 -0.000580968  -0.00173041 0.0110195         0         0 19968
             34.0777 -0.365471   31.3597 -0.282694   0.0126328 -0.00548194  -0.0126873 -0.00708293  0.00412627  0.00267895 -0.00100494 0.000203313 -0.00244208 -0.00393327 -0.00058123 -0.00173023 0.0102288         0         0 0
              34.178 -0.411974   31.3677 -0.333827   0.0132166 -0.00553857  -0.0139347 -0.00115256  0.00112345 -0.00701457 -0.00100531 0.000201636 -0.00244527  -0.00401023 -0.000566667  -0.00170527 0.0102296         0         0 20064
              34.178 -0.411974   31.3677 -0.333827   0.0132234 -0.00552857  -0.0139359 -0.00110496   0.0011923 -0.00702173  -0.0010053 0.000201631 -0.00244528  -0.00401047 -0.000567049  -0.00170538 0.0102093         0         0 0
             34.2779 -0.369492   31.3928 -0.304899  0.0131254 -0.0057934 -0.0148827 -0.00312846 -0.00142669  -0.0078804 -0.00101399 0.000198425  -0.0024583  -0.00402073 -0.000553863  -0.00169935 0.010209        0        0 19968
             34.2779 -0.369492   31.3928 -0.304899   0.0131317 -0.00578253  -0.0148859 -0.00308383 -0.00135177 -0.00790076 -0.00101398  0.00019842 -0.00245831   -0.004021 -0.00055428 -0.00169938 0.00982298          0          0 0
             34.3777 -0.342455   31.4106 -0.296667   0.0128128 -0.00537291   -0.015198 -0.00517708  0.00225727 -0.00362994 -0.00102167 0.000196191 -0.00246762  -0.00401585 -0.000577023  -0.00172002 0.00982282          0          0 19968
             34.3777 -0.342455   31.4106 -0.296667   0.0128257 -0.00535633  -0.0151991 -0.00508504  0.00237207 -0.00363455 -0.00102165 0.000196184 -0.00246764  -0.00401629 -0.000577658  -0.00172026 0.0112013         0         0 0
              34.478 -0.407277   31.3737 -0.325191   0.0136978 -0.00547528  -0.0151042  0.00230343  2.7461e-05 0.000944631 -0.00101724 0.000201451 -0.00247312  -0.00405426 -0.000568106  -0.00176731 0.0111975         0         0 20064
              34.478 -0.407277   31.3737 -0.325191   0.0137021 -0.00546787  -0.0151037  0.00233371 7.82517e-05 0.000948986 -0.00101724 0.000201446 -0.00247313  -0.00405438 -0.000568387  -0.00176742 0.0112773         0         0 0
             34.5779 -0.360193   31.3693  -0.29162   0.0143064 -0.00529689  -0.0140969 0.00289547 0.00116215 0.00842349 -0.00102551 0.000202984 -0.00248626   -0.0040514 -0.000576261  -0.00181121 0.0112759         0         0 19968
             34.5779 -0.360193   31.3693  -0.29162   0.0143122 -0.00528848  -0.0140976 0.00293596 0.00122035 0.00841933 -0.00102551 0.000202981 -0.00248626   -0.0040516 -0.000576584   -0.0018113 0.0100281         0         0 0
             34.6777 -0.407318   31.3862 -0.315593    0.015067 -0.00613256   -0.013956  0.00415476 -0.00586393  0.00421526 -0.00102436 0.000201179 -0.00249248  -0.0040826 -0.00054294 -0.00179989 0.0100276         0         0 19968
             34.6777 -0.407318   31.3862 -0.315593   0.0150784 -0.00612168  -0.0139575  0.00423629 -0.00578771   0.0042072 -0.00102434 0.000201168 -0.00249248  -0.00408301 -0.000543362  -0.00180009 0.0116596         0         0 0
              34.778  -0.36099   31.3564 -0.295126    0.014237 -0.00503647   -0.013876 -0.0056722 0.00487641 0.00208094 -0.00103237  0.00020722 -0.00250332  -0.00405597 -0.000603849  -0.00176819 0.0116615         0         0 20064
              34.778  -0.36099   31.3564 -0.295126   0.0142425 -0.00502842  -0.0138739 -0.00563397  0.00493204  0.00209684 -0.00103236 0.000207217 -0.00250333   -0.0040561 -0.000604158  -0.00176838 0.0100911         0         0 0
             34.8779 -0.372463   31.3746 -0.312212   0.0135412 -0.00601189  -0.0140693  -0.00868671  -0.00548894 -0.000765385 -0.00103632 0.000206146 -0.00251051  -0.00406606 -0.000550565  -0.00175478 0.0100905         0         0 19968
             34.8779 -0.372463   31.3746 -0.312212   0.0135534 -0.00599861  -0.0140652  -0.00860039  -0.00539724 -0.000733431  -0.0010363 0.000206143 -0.00251052  -0.00406637 -0.000551074  -0.00175519 0.0113229         0         0 0
             34.9777 -0.370644   31.3857  -0.30894   0.0126726 -0.00591831  -0.0153823  -0.0104215 -0.00199636 -0.00987203 -0.00104005 0.000205381 -0.00251973  -0.00409764 -0.000576697  -0.00171493 0.011324        0        0 19968
             34.9777 -0.370644   31.3857  -0.30894   0.0126809 -0.00591191  -0.0153823  -0.0103647 -0.00195192 -0.00987236 -0.00104004 0.000205379 -0.00251975  -0.00409791 -0.000576946  -0.00171509 0.0101687         0         0 0
              35.078 -0.390344   31.3986 -0.331455   0.0124163 -0.00490137  -0.0143172 -0.00622734  0.00569638  0.00429641 -0.00104195 0.000203264 -0.00252536  -0.00408945 -0.000623177  -0.00180851 0.0101654         0         0 20064
              35.078 -0.390344   31.3986 -0.331455   0.0124278 -0.00489223  -0.0143151 -0.00614455  0.00575986  0.00431438 -0.00104193 0.000203257 -0.00252537  -0.00408979 -0.000623531  -0.00180884 0.0110318         0         0 0
             35.1779 -0.358194   31.4152 -0.289406   0.0118143 -0.00467003  -0.0140658 -0.00781794  0.00268958  0.00307915 -0.00104633 0.000200428 -0.00254035  -0.00410077 -0.000608509  -0.00180218 0.011032        0        0 19968
             35.1779 -0.358194   31.4152 -0.289406   0.0118178 -0.00466596  -0.0140699 -0.00779355  0.00271818   0.0030515 -0.00104631 0.000200423 -0.00254035  -0.00410097 -0.000608668  -0.00180211 0.0113956         0         0 0
             35.2777 -0.370912   31.3986 -0.309604   0.0129617 -0.00567751  -0.0128716  0.00417346 -0.00653754  0.00960759 -0.00105094 0.000203037 -0.00254643   -0.0041509 -0.000560911  -0.00187164 0.0113896         0         0 19968
             35.2777 -0.370912   31.3986 -0.309604  0.0129691  -0.005665 -0.0128727  0.00422516 -0.00645124  0.00960115 -0.00105094 0.000203032 -0.00254645  -0.00415116 -0.000561397  -0.00187176 0.0105924         0         0 0
              35.378 -0.417889   31.4042  -0.32206   0.0136099 -0.00631675  -0.0120116  0.00416645 -0.00689313  0.00867885 -0.00104867 0.000202666 -0.00255398  -0.00416878 -0.000559586  -0.00187281 0.010592        0        0 20064
              35.378 -0.417889   31.4042  -0.32206  0.0136195 -0.0063049 -0.0120137  0.00423491 -0.00681088  0.00866605 -0.00104866 0.000202656 -0.00255398  -0.00416914 -0.000560049  -0.00187294 0.0115447         0         0 0
             35.4779 -0.385363   31.3677 -0.315688   0.0139524 -0.00642126  -0.0120163  0.00137528 -0.00325352  0.00213761 -0.00105721 0.000209485 -0.00256363  -0.00419152 -0.000580287   -0.0018416 0.0115448         0         0 19968
             35.4779 -0.385363   31.3677 -0.315688   0.0139675 -0.00641228  -0.0120169   0.0014803 -0.00318988  0.00213658 -0.00105719 0.000209473 -0.00256363  -0.00419203 -0.000580643   -0.0018419 0.0111523         0         0 0
             35.5777 -0.387941   31.4032 -0.319783   0.0131508 -0.00690438  -0.0133653 -0.00773034 -0.00446521 -0.00933819 -0.00106024 0.000204819 -0.00257266  -0.00419918 -0.000573387  -0.00176657 0.011158        0        0 19968
             35.5777 -0.387941   31.4032 -0.319783   0.0131559 -0.00690151  -0.0133612 -0.00769458  -0.0044443  -0.0093084 -0.00106022 0.000204818 -0.00257264  -0.00419925 -0.000573499  -0.00176683 0.0109813         0         0 0
             35.6781 -0.361007   31.3669 -0.304729   0.0131083 -0.00627688  -0.0151224 -0.0044956 0.00281445 -0.0150965 -0.00106613 0.000210964 -0.00258307   -0.0042465 -0.000617615   -0.0017538 0.0109801         0         0 20064
             35.6781 -0.361007   31.3669 -0.304729   0.0131126 -0.00627174  -0.0151244 -0.00446981  0.00284971  -0.0151125 -0.00106613 0.000210964 -0.00258307  -0.00424667 -0.000617816  -0.00175379 0.00917729          0          0 0
             35.7779  -0.36116   31.3681 -0.299981   0.0138159 -0.00511479  -0.0161046 0.00122168 0.00882435 -0.0110201  -0.0010684 0.000210311 -0.00259211   -0.0042815 -0.000653863  -0.00179907 0.00917549          0          0 19968
             35.7779  -0.36116   31.3681 -0.299981   0.0138247 -0.00510569  -0.0161076 0.00128421 0.00888642 -0.0110386 -0.00106839   0.0002103 -0.00259213  -0.00428185 -0.000654216  -0.00179916 0.010263        0        0 0
             35.8777 -0.385126   31.3906 -0.342343   0.0124833 -0.00403762  -0.0145175 -0.0108567  0.0102645 0.00833966  -0.0010726 0.000208352 -0.00259451  -0.00418475 -0.000661751  -0.00186579 0.0102637         0         0 19968
             35.8777 -0.385126   31.3906 -0.342343   0.0124905 -0.00402978  -0.0145182 -0.0108056  0.0103187 0.00833574 -0.00107259 0.000208344 -0.00259451  -0.00418501 -0.000662058  -0.00186592 0.0106556         0         0 0
             35.9781 -0.378698   31.3726 -0.328835   0.0125354 -0.00457739  -0.0131569  -0.00540871 -0.000200466    0.0130324 -0.00107697 0.000210913 -0.00260599  -0.00421424 -0.000603655  -0.00190974 0.0106539         0         0 20064
             35.9781 -0.378698   31.3726 -0.328835   0.0125399 -0.00456727  -0.0131581  -0.0053766 -0.00013073   0.0130247 -0.00107697 0.000210908   -0.002606  -0.00421442 -0.000604053  -0.00190979 0.00975423          0          0 0
             36.0779 -0.392159   31.4107 -0.305255   0.0126042 -0.00589589  -0.0127631 -0.00343919 -0.00880838  0.00789791 -0.00107736 0.000205443   -0.002619  -0.00425658 -0.000555364  -0.00189242 0.00975362          0          0 19968
             36.0779 -0.392159   31.4107 -0.305255   0.0126102 -0.00589041  -0.0127676 -0.00339739 -0.00876975  0.00786697 -0.00107736 0.000205434 -0.00261901  -0.00425688 -0.000555584  -0.00189239 0.01063       0       0 0
             36.1777  -0.38137   31.3711 -0.320209  0.0137332  -0.005814 -0.0123325 0.00436053 -0.0017597 0.00686718  -0.0010835 0.000211654 -0.00262486  -0.00431563 -0.000596605  -0.00191569 0.0106272         0         0 19968
             36.1777  -0.38137   31.3711 -0.320209   0.0137425 -0.00581134  -0.0123339  0.00442492 -0.00174002  0.00685922 -0.00108349 0.000211644 -0.00262486  -0.00431596 -0.000596714  -0.00191584 0.0108726         0         0 0
             36.2781 -0.378561   31.4134 -0.306277   0.0132276 -0.00564309  -0.0128018 -0.00452909 0.000575068 -0.00038696 -0.00108625 0.000206376 -0.00263567  -0.00431184 -0.000611474  -0.00185953 0.0108755         0         0 20064
             36.2781 -0.378561   31.4134 -0.306277   0.0132327 -0.00563251  -0.0128015  -0.00449254  0.000646927 -0.000383571 -0.00108625  0.00020637 -0.00263568    -0.004312 -0.000611883  -0.00185966 0.0109878         0         0 0
             36.3779 -0.393708   31.4205 -0.337839   0.0119343 -0.00470848  -0.0131484  -0.0119331  0.00635655 -0.00187293 -0.00109029 0.000206426 -0.00263899  -0.00429331 -0.000647339  -0.00183484 0.01099       0       0 19968
             36.3779 -0.393708   31.4205 -0.337839   0.0119406 -0.00469612  -0.0131513  -0.0118881  0.00644255 -0.00189189 -0.00109028 0.000206421 -0.00263901  -0.00429359 -0.000647831  -0.00183488 0.0107625         0         0 0
             36.4777  -0.37358   31.3934 -0.328364   0.0131203 -0.00424685   -0.014138  0.00207895  0.00569882 -0.00643187 -0.00109655 0.000210043 -0.00264916  -0.00439151 -0.000644115  -0.00186091 0.0107601         0         0 19968
             36.4777  -0.37358   31.3934 -0.328364   0.0131287 -0.00423646  -0.0141405  0.00213879  0.00577012 -0.00644734 -0.00109654 0.000210036 -0.00264917  -0.00439185 -0.000644524  -0.00186101 0.0114372         0         0 0
             36.5781 -0.390467   31.4125  -0.30751   0.0140627 -0.00396301  -0.0135571  0.0061549  0.0028126 0.00219385 -0.00109574 0.000207672 -0.00266067  -0.00439139 -0.000636537  -0.00192285 0.0114361         0         0 20064
             36.5781 -0.390467   31.4125  -0.30751   0.0140696 -0.00395805  -0.0135547 0.00620413 0.00284804  0.0022117 -0.00109572 0.000207665 -0.00266067  -0.00439157 -0.000636735  -0.00192309 0.0115492         0         0 0
             36.6779 -0.384672   31.3885 -0.318592   0.0147087 -0.00509825  -0.0127681  0.00380719 -0.00691159  0.00591935 -0.00110309 0.000211812 -0.00266815  -0.00438548 -0.000580571  -0.00194667 0.0115482         0         0 19968
             36.6779 -0.384672   31.3885 -0.318592   0.0147171 -0.00508686  -0.0127681 0.00386675 -0.0068323 0.00592077 -0.00110308 0.000211804 -0.00266817  -0.00438576 -0.000581024  -0.00194685 0.0105639         0         0 0
             36.7777 -0.394841   31.4035 -0.323379   0.0135495 -0.00689807  -0.0126986 -0.00941083  -0.0150793   0.0022236 -0.00110637 0.000210243 -0.00267715  -0.00434897 -0.000536868  -0.00189347 0.0105655         0         0 19968
             36.7777 -0.394841   31.4035 -0.323379   0.0135556 -0.00688728  -0.0127003 -0.00936741  -0.0150046  0.00221289 -0.00110637 0.000210239 -0.00267715  -0.00434921 -0.000537297  -0.00189354 0.0104124         0         0 0
             36.8781 -0.392384   31.3979 -0.334872  0.0124457 -0.0063731 -0.0128507    -0.011598  -0.00207654 -0.000605679 -0.00110862 0.000211115 -0.00268459  -0.00435587 -0.000616283  -0.00187862 0.0104127         0         0 20064
             36.8781 -0.392384   31.3979 -0.334872   0.0124529 -0.00636364  -0.0128533  -0.0115475 -0.00201098 -0.00062208 -0.00110862 0.000211106 -0.00268459 -0.00435616 -0.00061666 -0.00187869 0.0105287         0         0 0
             36.9779 -0.381701   31.3873 -0.330333   0.0130494 -0.00639693  -0.0134292 -0.000856495  -0.00147554  -0.00423427  -0.0011121  0.00021238 -0.00269551 -0.00443082 -0.00062316 -0.00189836 0.0105269         0         0 19968
             36.9779 -0.381701   31.3873 -0.330333   0.0130566 -0.00638606  -0.0134301 -0.000805976  -0.00140128  -0.00423938 -0.00111209  0.00021237 -0.00269551  -0.00443108 -0.000623585  -0.00189849 0.011099        0        0 0
             37.0777 -0.380224   31.3664 -0.321771  0.0137984 -0.0066468 -0.0148461  0.00300824 -0.00295927  -0.0118154 -0.00111506 0.000215816 -0.00270587  -0.00448747 -0.000618417  -0.00188313 0.0110993         0         0 19968
             37.0777 -0.380224   31.3664 -0.321771    0.013806 -0.00663548   -0.014848  0.00306152 -0.00288049  -0.0118275 -0.00111505 0.000215813 -0.00270588  -0.00448776 -0.000618871  -0.00188323 0.0102502         0         0 0
             37.1781 -0.385313   31.4007 -0.342754   0.0137507 -0.00653241  -0.0151429 -0.00121448 -0.00060329 -0.00645868 -0.00111906 0.000211062 -0.00271217  -0.00446522 -0.000633573  -0.00190966 0.0102503         0         0 20064
             37.1781 -0.385313   31.4007 -0.342754   0.0137587 -0.00652124  -0.0151455 -0.00115753 -0.00052633 -0.00647529 -0.00111905 0.000211057 -0.00271218  -0.00446555 -0.000634019  -0.00190974 0.0110365         0         0 0
             37.2779 -0.401241   31.4138 -0.328595   0.0123964 -0.00656826  -0.0128209  -0.0104136 -0.00125944   0.0135981 -0.00111899 0.000210484 -0.00272355  -0.00436834 -0.000633092  -0.00199043 0.0110381         0         0 19968
             37.2779 -0.401241   31.4138 -0.328595   0.0124016 -0.00655704  -0.0128216  -0.0103766 -0.00118283   0.0135946 -0.00111898 0.000210479 -0.00272356  -0.00436853 -0.000633533  -0.00199053 0.0115043         0         0 0
             37.3777 -0.397748   31.4084 -0.311461   0.0118383 -0.00669403  -0.0114674 -0.00871293 -0.00143967   0.0133081 -0.00112226 0.000211814 -0.00273501  -0.00439205 -0.000631994  -0.00200153 0.0115038         0         0 19968
             37.3777 -0.397748   31.4084 -0.311461   0.0118449 -0.00668255  -0.0114682 -0.00866558 -0.00135974   0.0133034 -0.00112225 0.000211806 -0.00273501  -0.00439229 -0.000632453  -0.00200164 0.0110415         0         0 0
             37.4781 -0.414676   31.3821 -0.328656   0.0119419 -0.00608842  -0.0123849 -0.00476249   0.0041828 -0.00211701 -0.00112532 0.000216186 -0.00274042  -0.00447911 -0.000662771  -0.00194231 0.0110411         0         0 20064
             37.4781 -0.414676   31.3821 -0.328656   0.0119475 -0.00608212  -0.0123873 -0.00472372  0.00422645 -0.00213293 -0.00112532 0.000216185 -0.00274043  -0.00447935 -0.000663026  -0.00194234 0.0101738         0         0 0
             37.5779 -0.374916   31.3837 -0.292275   0.0137144 -0.00613082  -0.0142514 0.00791182 0.00121019 -0.0128866 -0.00113307 0.000214817 -0.00275437  -0.00459457 -0.000647526  -0.00193178 0.0101713         0         0 19968
             37.5779 -0.374916   31.3837 -0.292275   0.0137184 -0.00611604  -0.0142602 0.00794026 0.00131066 -0.0129463 -0.00113308 0.000214812 -0.00275439   -0.0045949 -0.000648116  -0.00193156 0.0104333         0         0 0
             37.6778 -0.403597   31.3707 -0.310076   0.0139086 -0.00732868  -0.0144636   0.0015262 -0.00751619 -0.00462001 -0.00113462 0.000217894 -0.00276098  -0.00455629 -0.000595949  -0.00195906 0.0104324         0         0 19968
             37.6778 -0.403597   31.3707 -0.310076   0.0139223 -0.00731353  -0.0144638  0.00162208 -0.00741136 -0.00461887 -0.00113461 0.000217889 -0.00276099  -0.00455676 -0.000596558  -0.00195936 0.0105127         0         0 0
             37.7781 -0.400282   31.3713 -0.327675   0.0133995 -0.00667625  -0.0130066 -0.00464239  0.00253334  0.00985536 -0.00113866 0.000218748 -0.00276717  -0.00449825 -0.000652585  -0.00201937 0.0105107         0         0 20064
             37.7781 -0.400282   31.3713 -0.327675    0.013405 -0.00666636  -0.0130078 -0.00460508  0.00260106  0.00984734 -0.00113866 0.000218743 -0.00276718  -0.00449845 -0.000652981  -0.00201944 0.00978687          0          0 0
             37.8779 -0.398567   31.3877 -0.312984   0.0144126 -0.00637461  -0.0119277 0.00363019  0.0035869  0.0120795 -0.00114088  0.00021603 -0.00277787  -0.00455011 -0.000658394  -0.00205853 0.00978564          0          0 19968
             37.8779 -0.398567   31.3877 -0.312984   0.0144314 -0.00636151  -0.0119243 0.00376299 0.00368029  0.0121071 -0.00114086 0.000216021 -0.00277787  -0.00455068 -0.000658932  -0.00205907 0.011127        0        0 0
             37.9778 -0.387121   31.3915 -0.301523   0.0133609 -0.00616237  -0.0128059 -0.00829143  0.00231357 -0.00161838 -0.00114469   0.0002174 -0.00278864  -0.00455062 -0.000653965  -0.00195715 0.0111323         0         0 19968
             37.9778 -0.387121   31.3915 -0.301523   0.0133714 -0.00615127  -0.0128042 -0.00821778  0.00239034 -0.00160461 -0.00114467 0.000217398 -0.00278865  -0.00455094 -0.000654411  -0.00195745 0.0111468         0         0 0
             38.0781 -0.406122    31.384  -0.32864   0.0141692 -0.00695746  -0.0132381  0.00113845 -0.00453679 -0.00221909 -0.00114801 0.000217317 -0.00279474  -0.00461658 -0.000614963  -0.00198735 0.0111426         0         0 20064
             38.0781 -0.406122    31.384  -0.32864   0.0141791 -0.00694507  -0.0132363  0.00120873 -0.00444985 -0.00220445   -0.001148 0.000217313 -0.00279475  -0.00461688 -0.000615469  -0.00198764 0.0109019         0         0 0
             38.1779 -0.401744   31.3913 -0.313051    0.013798 -0.00635617  -0.0143921 -0.00426749  0.00235859 -0.00816984 -0.00115052 0.000217586 -0.00280547   -0.0046248 -0.000656871  -0.00194925 0.0109007         0         0 19968
             38.1779 -0.401744   31.3913 -0.313051   0.0138049 -0.00634816  -0.0143923 -0.00421879  0.00241406 -0.00816955 -0.00115051 0.000217582 -0.00280548  -0.00462504 -0.000657195   -0.0019494 0.0107437         0         0 0
             38.2778  -0.35464   31.4008 -0.280743   0.0142934 -0.00524052  -0.0146228 0.000370647  0.00766597 -0.00376535 -0.00115803 0.000215785 -0.00281902  -0.00464782 -0.000692844  -0.00199567 0.0107424         0         0 19968
             38.2778  -0.35464   31.4008 -0.280743   0.0142972 -0.00523238  -0.0146243 0.000396283  0.00772158 -0.00377493 -0.00115803 0.000215783 -0.00281903  -0.00464798 -0.000693171   -0.0019957 0.00975235          0          0 0
             38.3781 -0.382204     31.42  -0.31389   0.0131624 -0.00524362  -0.0131745 -0.00926723  0.00185404   0.0098607 -0.00115817 0.000213784 -0.00282486  -0.00457368 -0.000660876  -0.00203905 0.00975263          0          0 20064
             38.3781 -0.382204     31.42  -0.31389   0.0131747 -0.00522598  -0.0131746 -0.00917962  0.00197612   0.0098628 -0.00115816 0.000213777 -0.00282487  -0.00457411 -0.000661592  -0.00203933 0.0105315         0         0 0
             38.4779 -0.396375   31.3975 -0.319345   0.0133566 -0.00531933  -0.0132707  -0.00297553 -0.000687539   0.00250329 -0.00115916 0.000217064 -0.00283406  -0.00463744 -0.000650673  -0.00202541 0.0105285         0         0 19968
             38.4779 -0.396375   31.3975 -0.319345   0.0133656 -0.00531494  -0.0132702 -0.00291252 -0.00065634  0.00250831 -0.00115915 0.000217059 -0.00283406  -0.00463774 -0.000650854  -0.00202562 0.0103629         0         0 0
             38.5778 -0.335882   31.3729 -0.256054   0.0135625 -0.00508915  -0.0149274 -0.00187045 0.000775585  -0.0105439 -0.00116831 0.000222067 -0.00285231 -0.00470191 -0.00066079 -0.00196895 0.0103628         0         0 19968
             38.5778 -0.335882   31.3729 -0.256054   0.0135681 -0.00508315  -0.0149292 -0.00183137 0.000817769  -0.0105555 -0.00116831 0.000222058  -0.0028523  -0.00470214 -0.000661037  -0.00196901 0.00966133          0          0 0
             38.6781 -0.396616   31.4004 -0.326839   0.0132358 -0.00550775  -0.0133891 -0.00378794 -0.00357076  0.00716686 -0.00116845 0.000218572 -0.00285144  -0.00464851 -0.000640958  -0.00206194 0.00966068          0          0 20064
             38.6781 -0.396616   31.4004 -0.326839   0.0132462 -0.00549814  -0.0133923  -0.0037154 -0.00350452  0.00714646 -0.00116844 0.000218561 -0.00285145  -0.00464894 -0.000641348  -0.00206206 0.0115379         0         0 0
             38.7779 -0.383757   31.4009  -0.32373   0.0139105 -0.00659789  -0.0131202  0.00192572 -0.00968777  0.00324421 -0.00117407 0.000218107 -0.00286205  -0.00470026 -0.000610255  -0.00207064 0.0115363         0         0 19968
             38.7779 -0.383757   31.4009  -0.32373   0.0139183 -0.00658635  -0.0131224   0.0019804 -0.00960717  0.00323086 -0.00117407 0.000218105 -0.00286206  -0.00470057 -0.000610731  -0.00207074 0.0110284         0         0 0
             38.8778 -0.385933   31.3962  -0.29188   0.0135952 -0.00741493  -0.0132038  -0.00368893  -0.00919919 -0.000388942 -0.00117484  0.00022024 -0.00287575  -0.00469919 -0.000613361  -0.00204545 0.0110289         0         0 19968
             38.8778 -0.385933   31.3962  -0.29188   0.0136045 -0.00740837  -0.0132085  -0.00362469  -0.00915328 -0.000419918 -0.00117483 0.000220235 -0.00287576  -0.00469961 -0.000613633  -0.00204548 0.0117535         0         0 0
             38.9781 -0.392026   31.3924 -0.311941   0.0127298 -0.00790782  -0.0137511 -0.00913609 -0.00659998 -0.00458761 -0.00117957 0.000221708 -0.00288183  -0.00469927 -0.000629418  -0.00201551 0.0117554         0         0 20064
             38.9781 -0.392026   31.3924 -0.311941  0.0127344 -0.0079039  -0.013758 -0.00910613 -0.00657335 -0.00463558 -0.00117958 0.000221704 -0.00288184  -0.00469958 -0.000629581  -0.00201535 0.0108749         0         0 0
             39.0779 -0.401402   31.3965 -0.355844   0.0134559 -0.00699618  -0.0150413 0.000852687  0.00386558  -0.0105284 -0.00118478  0.00022018 -0.00288424  -0.00478116 -0.000694087  -0.00202201 0.0108681         0         0 19968
             39.0779 -0.401402   31.3965 -0.355844   0.0134661 -0.00698086   -0.015043 0.00092616 0.00397267 -0.0105371 -0.00118477 0.000220175 -0.00288426 -0.00478155 -0.00069472 -0.00202219 0.0115936         0         0 0
             39.1778 -0.392427   31.3913 -0.330421   0.0127155 -0.00516737  -0.0142098 -0.00614861   0.0135388  0.00253473 -0.00118609 0.000222852 -0.00289765  -0.00472076 -0.000749427  -0.00207617 0.0115916         0         0 19968
             39.1778 -0.392427   31.3913 -0.330421   0.0127242 -0.00515944  -0.0142133 -0.00608936   0.0135928   0.0025117 -0.00118609 0.000222847 -0.00289766  -0.00472113 -0.000749749  -0.00207623 0.0106957         0         0 0
             39.2781 -0.384654     31.41 -0.309186  0.0125334 -0.0057193 -0.0151228 -0.00592087   0.0005033 -0.00518887 -0.00119093 0.000220144 -0.00291034  -0.00476679 -0.000672088  -0.00204242 0.010694        0        0 20064
             39.2781 -0.384654     31.41 -0.309186  0.0125378 -0.0057106 -0.0151253  -0.0058893  0.00056251 -0.00520463 -0.00119093 0.000220141 -0.00291035  -0.00476699 -0.000672442  -0.00204243 0.0111388         0         0 0
             39.3779  -0.38524   31.4169 -0.340742  0.0126945 -0.0053178  -0.014893 -0.00259555  0.00293175  0.00116119 -0.00119722  0.00021888 -0.00291485  -0.00478073 -0.000687545  -0.00208865 0.0111373         0         0 19968
             39.3779  -0.38524   31.4169 -0.340742   0.0126992 -0.00530663  -0.0148972 -0.00256289   0.0030079  0.00113273 -0.00119722 0.000218877 -0.00291486  -0.00478098 -0.000687999  -0.00208861 0.0112534         0         0 0
             39.4778 -0.384186   31.3773 -0.323991   0.0135292 -0.00487856  -0.0134846 0.00323193  0.0042862  0.0116311 -0.00119953 0.000225079  -0.0029265  -0.00479307 -0.000695262  -0.00216442 0.0112502         0         0 19968
             39.4778 -0.384186   31.3773 -0.323991   0.0135337 -0.00487328  -0.0134937 0.00326111 0.00432252  0.0115661 -0.00119954 0.000225077 -0.00292651  -0.00479342 -0.000695485  -0.00216417 0.00975162          0          0 0
             39.5781 -0.374634   31.3896 -0.312944   0.0142966 -0.00485523  -0.0134021 0.00405431 0.00191928  0.0054806 -0.00120469 0.000223581  -0.0029375  -0.00483459 -0.000681109  -0.00213792 0.00975146          0          0 20064
             39.5781 -0.374634   31.3896 -0.312944   0.0143012 -0.00484552  -0.0134027 0.00408826 0.00198605 0.00547858 -0.00120469 0.000223581 -0.00293751  -0.00483476 -0.000681506  -0.00213802 0.0106398         0         0 0
             39.6779 -0.392151   31.3673 -0.323228   0.0144869 -0.00711035  -0.0127144 0.000415474  -0.0144388  0.00764247 -0.00120698 0.000228584 -0.00294684  -0.00482734 -0.000586184  -0.00214141 0.010639        0        0 19968
             39.6779 -0.392151   31.3673 -0.323228  0.0144941 -0.0071001 -0.0127139 0.000465469  -0.0143688  0.00764729 -0.00120697 0.000228583 -0.00294685  -0.00482757 -0.000586601  -0.00214159 0.0104118         0         0 0
             39.7778 -0.401404   31.3972 -0.341521   0.0138481 -0.00749621  -0.0131404 -0.00639861 -0.00728938 0.000421958 -0.00121036 0.000224787 -0.00295253  -0.00483445 -0.000630798  -0.00208806 0.0104146         0         0 19968
             39.7778 -0.401404   31.3972 -0.341521   0.0138586 -0.00748127  -0.0131409 -0.00632358 -0.00718587 0.000421263 -0.00121035 0.000224783 -0.00295254  -0.00483483 -0.000631415  -0.00208829 0.011588        0        0 0
             39.8781 -0.403855   31.3829 -0.350989     0.01393 -0.00618044  -0.0151927 -0.00334429   0.0065876  -0.0132495 -0.00121286 0.000227065 -0.00295929  -0.00490926 -0.000715608  -0.00203334 0.0115814         0         0 20064
             39.8781 -0.403855   31.3829 -0.350989   0.0139363 -0.00617093  -0.0151963 -0.00330229   0.0066511  -0.0132732 -0.00121286  0.00022706  -0.0029593  -0.00490955 -0.000715992  -0.00203335 0.0101398         0         0 0
             39.9779 -0.348684    31.391 -0.297021   0.0135696 -0.00567262  -0.0158907  -0.0050604  0.00530395 -0.00842663 -0.00122171 0.000226844 -0.00297543 -0.00489839 -0.00071085 -0.00206116 0.0101399         0         0 19968
             39.9779 -0.348684    31.391 -0.297021   0.0135824 -0.00565786  -0.0158913 -0.00496869  0.00540638   -0.008428  -0.0012217 0.000226838 -0.00297544  -0.00489885 -0.000711461  -0.00206144 0.0111329         0         0 0
             40.0778 -0.386811   31.4197 -0.331735   0.0122395 -0.00590356  -0.0146479   -0.0117955 -0.000416503   0.00680606  -0.0012207 0.000223432 -0.00298069  -0.00483017 -0.000681303  -0.00212206 0.0111358         0         0 19968
             40.0778 -0.386811   31.4197 -0.331735   0.0122422 -0.00589649  -0.0146495   -0.0117771 -0.000368788   0.00679573  -0.0012207 0.000223431  -0.0029807   -0.0048303 -0.000681589  -0.00212206 0.0108048         0         0 0
             40.1781 -0.399577   31.3815 -0.323342  0.0124667 -0.0050651 -0.0138876 -0.00343141  0.00544603  0.00785639 -0.00121972  0.00022933 -0.00299173  -0.00488309 -0.000719491  -0.00216126 0.0108026         0         0 20064
             40.1781 -0.399577   31.3815 -0.323342   0.0124716 -0.00505945  -0.0138903 -0.00339776  0.00548542  0.00783832 -0.00121972  0.00022933 -0.00299174  -0.00488332 -0.000719728  -0.00216127 0.0105362         0         0 0
             40.2779  -0.39589   31.3919 -0.314269   0.0136778 -0.00561944  -0.0133689  0.00547596 -0.00236595  0.00626963 -0.00122428 0.000227274 -0.00300316  -0.00494843 -0.000674908  -0.00218751 0.0105335         0         0 19968
             40.2779  -0.39589   31.3919 -0.314269   0.0136783 -0.00561435   -0.013378   0.0054794 -0.00233199  0.00620675 -0.00122428 0.000227269 -0.00300316  -0.00494865 -0.000675115  -0.00218719 0.0114709         0         0 0
             40.3778 -0.368387   31.3685 -0.302918   0.0142687 -0.00565041  -0.0126938  0.00422526 -0.00185817  0.00637796 -0.00123309 0.000231706 -0.00301341  -0.00495467 -0.000683386  -0.00219337 0.0114704         0         0 19968
             40.3778 -0.368387   31.3685 -0.302918   0.0142741 -0.00564287  -0.0126921  0.00426252 -0.00180611  0.00638971 -0.00123309 0.000231704 -0.00301341  -0.00495483 -0.000683698  -0.00219355 0.0107362         0         0 0
             40.4781 -0.388284   31.4014 -0.322211   0.0133603 -0.00653241  -0.0134022 -0.00688968 -0.00790067 -0.00405721 -0.00123585 0.000227799 -0.00302006  -0.00494562 -0.000653231  -0.00211424 0.010739        0        0 20064
             40.4781 -0.388284   31.4014 -0.322211   0.0133696 -0.00652503  -0.0133998 -0.00682407 -0.00784893 -0.00403767 -0.00123583 0.000227797 -0.00302006  -0.00494589 -0.000653541  -0.00211455 0.0113701         0         0 0
             40.5779 -0.408943   31.4283 -0.342833   0.0122444 -0.00626958  -0.0137261  -0.0111061 -0.00133129 -0.00433429 -0.00123803 0.000224589 -0.00302602  -0.00493644 -0.000693634  -0.00210889 0.0113693         0         0 19968
             40.5779 -0.408943   31.4283 -0.342833   0.0122549 -0.00625965  -0.0137251   -0.011032 -0.00126166  -0.0043257 -0.00123802 0.000224585 -0.00302601  -0.00493679 -0.000694049  -0.00210917 0.0109462         0         0 0
             40.6778 -0.354777   31.4189 -0.311564   0.0123431 -0.00599845  -0.0144374 -0.00420163 0.000644672 -0.00682213 -0.00124898 0.000226373 -0.00303923  -0.00499143 -0.000709644  -0.00212406 0.0109419         0         0 19968
             40.6778 -0.354777   31.4189 -0.311564   0.0123518 -0.00599085  -0.0144389 -0.00414102 0.000697995 -0.00683057 -0.00124896 0.000226369 -0.00303924  -0.00499176 -0.000709964  -0.00212421 0.0110386         0         0 0
             40.7781 -0.386577   31.3771 -0.305791   0.0132819 -0.00707377  -0.0149762  0.00288844 -0.00758149 -0.00617864 -0.00124785 0.000233207 -0.00304963  -0.00504192 -0.000663377  -0.00215861 0.0110357         0         0 20064
             40.7781 -0.386577   31.3771 -0.305791   0.0132925 -0.00706546  -0.0149808  0.00296163 -0.00752396 -0.00620818 -0.00124784 0.000233196 -0.00304963  -0.00504239 -0.000663727  -0.00215869 0.0114724         0         0 0
             40.8779 -0.380384    31.359 -0.304378    0.013648 -0.00563978  -0.0154151  0.00139255   0.0072626 -0.00497695 -0.00125241 0.000237132 -0.00305747  -0.00504905 -0.000753341  -0.00216854 0.0114748         0         0 19968
             40.8779 -0.380384    31.359 -0.304378   0.0136507 -0.00563127  -0.0154167  0.00141105  0.00732239 -0.00498901 -0.00125241 0.000237131 -0.00305748  -0.00504918 -0.000753703  -0.00216854 0.00995125          0          0 0
             40.9778  -0.38061   31.3991 -0.302779   0.0128026 -0.00486242  -0.0146308 -0.00745588   0.0075059  0.00395022 -0.00125681 0.000231999 -0.00306649  -0.00499328 -0.000753952  -0.00219526 0.00995161          0          0 19968
             40.9778  -0.38061   31.3991 -0.302779   0.0128066 -0.00485453  -0.0146331 -0.00742751  0.00755994  0.00393552 -0.00125681 0.000231997 -0.00306649  -0.00499347 -0.000754281  -0.00219527 0.00987531          0          0 0
             41.0781 -0.407811      31.4 -0.317705   0.0130084 -0.00665048   -0.013057 -0.00308492 -0.00912516   0.0128023 -0.00125953 0.000232129   -0.003074  -0.00500363 -0.000651165  -0.00226001 0.00987369          0          0 20064
             41.0781 -0.407811      31.4 -0.317705    0.013019 -0.00663506  -0.0130557 -0.00300964 -0.00901918   0.0128142 -0.00125952 0.000232123 -0.00307401  -0.00500398 -0.000651807  -0.00226031 0.0110902         0         0 0
             41.1779 -0.375666   31.4185 -0.311672  0.0129173 -0.0075684 -0.0129779 -0.00392354  -0.0089821  0.00543124 -0.00126766 0.000229305 -0.00308381  -0.00504184 -0.000652858  -0.00222032 0.0110908         0         0 19968
             41.1779 -0.375666   31.4185 -0.311672   0.0129243 -0.00755515  -0.0129796 -0.00387391 -0.00889039  0.00542153 -0.00126765 0.000229302 -0.00308382  -0.00504213 -0.000653413  -0.00222042 0.0109721         0         0 0
             41.2778 -0.401397   31.3902 -0.315114   0.0130707 -0.00711101  -0.0131988 -0.00201267 0.000522067  0.00148693 -0.00126635 0.000234355 -0.00309154  -0.00508125 -0.000711844  -0.00220705 0.0109721         0         0 19968
             41.2778 -0.401397   31.3902 -0.315114   0.0130801 -0.00710557  -0.0132041 -0.00194748 0.000560396  0.00145175 -0.00126634  0.00023435 -0.00309154   -0.0050817 -0.000712076  -0.00220706 0.0116633         0         0 0
             41.3781 -0.384152   31.4104 -0.320217   0.0134118 -0.00572619  -0.0135723 -7.48243e-05      0.01023 -0.000690038 -0.00127277 0.000231363 -0.00309942  -0.00511487 -0.000769915  -0.00220478 0.0116641         0         0 20064
             41.3781 -0.384152   31.4104 -0.320217   0.0134216 -0.00571364  -0.0135712 -5.31027e-06    0.0103177 -0.000680605 -0.00127275 0.000231358 -0.00309943  -0.00511519 -0.000770446  -0.00220505 0.0108095         0         0 0
             41.4779 -0.386691   31.3899 -0.315998   0.0141758 -0.00588096    -0.01398  0.00331846  0.00258249 -0.00181944 -0.00127657 0.000235742 -0.00310916  -0.00515127 -0.000725628  -0.00221285 0.0108095         0         0 19968
             41.4779 -0.386691   31.3899 -0.315998   0.0141839 -0.00586984  -0.0139836  0.00337662  0.00265944 -0.00184254 -0.00127656 0.000235733 -0.00310917  -0.00515164 -0.000726096  -0.00221291 0.0115806         0         0 0
             41.5778 -0.420626   31.4163 -0.326063   0.0129211 -0.00652159  -0.0132276 -0.00899159 -0.00376027  0.00542599 -0.00127585 0.000233488 -0.00311722  -0.00507743 -0.000689246  -0.00221712 0.0115792         0         0 19968
             41.5778 -0.420626   31.4163 -0.326063   0.0129264 -0.00651326  -0.0132307 -0.00895438 -0.00370226  0.00540465 -0.00127584 0.000233484 -0.00311722  -0.00507769 -0.000689599  -0.00221713 0.0111434         0         0 0
             41.6781 -0.376581   31.3953 -0.298015   0.0132981 -0.00569857  -0.0146885 -0.00183176  0.00447783 -0.00691773 -0.00128384 0.000237585 -0.00312978 -0.00517065 -0.00074259 -0.00217447 0.0111438         0         0 20064
             41.6781 -0.376581   31.3953 -0.298015   0.0133112 -0.00568391  -0.0146883 -0.00173833  0.00458076   -0.006913 -0.00128382 0.000237578 -0.00312979  -0.00517111 -0.000743216  -0.00217479 0.01166       0       0 0
             41.7779 -0.361149     31.39 -0.300375   0.0133412 -0.00556224  -0.0146824  -0.00238667   0.00239077 -0.000972661 -0.00129008  0.00023895 -0.00313816  -0.00516796 -0.000730118  -0.00221011 0.0116592         0         0 19968
             41.7779 -0.361149     31.39 -0.300375   0.0133439 -0.00555964  -0.0146819  -0.00236757   0.00240916 -0.000968782 -0.00129007 0.000238946 -0.00313816  -0.00516805 -0.000730227  -0.00221019 0.0116687         0         0 0
             41.8778 -0.389795   31.3665 -0.319741   0.0143609 -0.00500088  -0.0143942 0.00438351 0.00467588 0.00249647 -0.00129031  0.00024271  -0.0031445   -0.0052087 -0.000746129  -0.00225945 0.011666        0        0 19968
             41.8778 -0.389795   31.3665 -0.319741   0.0143667 -0.00499289  -0.0143921 0.00442451 0.00473136 0.00251176  -0.0012903 0.000242708 -0.00314451  -0.00520886 -0.000746467  -0.00225966 0.0103119         0         0 0
             41.9781 -0.385552   31.4002 -0.306207   0.0140449 -0.00584829  -0.0132212 -0.00230349  -0.0048028  0.00922879 -0.00129472 0.000238519  -0.0031557  -0.00516667 -0.000689987  -0.00227868 0.0103119         0         0 20064
             41.9781 -0.385552   31.4002 -0.306207   0.0140531 -0.00583858  -0.0132231 -0.00224463 -0.00473528  0.00921782 -0.00129471 0.000238513  -0.0031557  -0.00516701 -0.000690399  -0.00227881 0.0113551         0         0 0
             42.0779 -0.373576   31.3957 -0.309374     0.01398 -0.00662033  -0.0128228 -0.00230643 -0.00781871  0.00546615 -0.00130141 0.000240568 -0.00316416 -0.00518853 -0.00067755 -0.00226581 0.011355        0        0 19968
             42.0779 -0.373576   31.3957 -0.309374   0.0139872 -0.00661253  -0.0128234 -0.00225605   -0.007764  0.00546363  -0.0013014 0.000240563 -0.00316415  -0.00518879 -0.000677882  -0.00226596 0.011599        0        0 0
             42.1778 -0.391419   31.4019 -0.319377   0.0133221 -0.00729337  -0.0137662 -0.00691923 -0.00797665 -0.00555536 -0.00130347 0.000240862 -0.00317135  -0.00521356 -0.000680337  -0.00220142 0.0116012         0         0 19968
             42.1778 -0.391419   31.4019 -0.319377   0.0133296 -0.00728256  -0.0137658 -0.00686621 -0.00790252 -0.00555147 -0.00130346 0.000240861 -0.00317136  -0.00521382 -0.000680791  -0.00220161 0.0111657         0         0 0
             42.2781 -0.379106   31.3948 -0.296187   0.0119622 -0.00661888  -0.0139798  -0.0129949  0.00154058 -0.00378371 -0.00130754 0.000243376 -0.00318273  -0.00519026 -0.000739359  -0.00220272 0.0111644         0         0 20064
             42.2781 -0.379106   31.3948 -0.296187   0.0119667 -0.00661187  -0.0139811  -0.0129649  0.00158795 -0.00379223 -0.00130754 0.000243379 -0.00318273  -0.00519044 -0.000739651  -0.00220277 0.0100535         0         0 0
             42.3779 -0.365191   31.3765 -0.284751   0.0119977 -0.00603217  -0.0152774 -0.00554454  0.00378782  -0.0107863 -0.00131279 0.000246182 -0.00319303  -0.00526511 -0.000758294  -0.00219782 0.0100518         0         0 19968
             42.3779 -0.365191   31.3765 -0.284751   0.012011 -0.0060168 -0.0152782 -0.00544978  0.00389558  -0.0107887 -0.00131277 0.000246179 -0.00319305  -0.00526561 -0.000758956  -0.00219811 0.0105055         0         0 0
             42.4778 -0.357477   31.3758 -0.292215   0.0132201 -0.00575613   -0.015284  0.00488844  0.00270135 -0.00361789 -0.00131797 0.000245191 -0.00320176 -0.00531044 -0.00075478 -0.00227947 0.010501        0        0 19968
             42.4778 -0.357477   31.3758 -0.292215   0.0132219 -0.00575406  -0.0152842  0.00490295  0.00271751 -0.00361926 -0.00131796 0.000245186 -0.00320175  -0.00531051 -0.000754875  -0.00227951 0.0113285         0         0 0
             42.5781 -0.399277   31.3702  -0.31994   0.0132579 -0.00585156  -0.0146274  2.69496e-05 -0.000257346   0.00297277  -0.0013172 0.000247167 -0.00320666  -0.00527893 -0.000739135  -0.00230893 0.0113276         0         0 20064
             42.5781 -0.399277   31.3702  -0.31994   0.0132644 -0.00584019  -0.0146294  7.22926e-05 -0.000178923   0.00296011 -0.00131719 0.000247165 -0.00320667  -0.00527921 -0.000739621  -0.00230901 0.0107659         0         0 0
              42.678  -0.38638   31.4116 -0.279492   0.0130674 -0.00672367  -0.0134937  -0.0033748 -0.00606717  0.00882217 -0.00132157 0.000241612  -0.0032215  -0.00526037 -0.000702432  -0.00233752 0.0107653         0         0 19968
              42.678  -0.38638   31.4116 -0.279492   0.0130751 -0.00671211  -0.0134975 -0.00331988  -0.0059875  0.00879761 -0.00132155 0.000241605  -0.0032215  -0.00526074 -0.000702924  -0.00233757 0.0119947         0         0 0
             42.7778 -0.384584   31.3884 -0.318302   0.0127093 -0.00726357  -0.0128131 -0.00555585 -0.00565887  0.00783796 -0.00133003 0.000246658 -0.00322396 -0.00526945 -0.00070592 -0.00233017 0.0119948         0         0 19968
             42.7778 -0.384584   31.3884 -0.318302    0.012716 -0.00725402   -0.012813 -0.00550934 -0.00559235  0.00784056 -0.00133002 0.000246658 -0.00322396  -0.00526968 -0.000706331  -0.00233033 0.0109735         0         0 0
             42.8781 -0.417468   31.4017 -0.310218   0.0115453 -0.00748989   -0.013168  -0.0121435 -0.00315448 0.000540457 -0.00132812 0.000245696 -0.00323347 -0.00527862 -0.00072015 -0.00227339 0.0109766         0         0 20064
             42.8781 -0.417468   31.4017 -0.310218   0.0115509 -0.00747996  -0.0131701  -0.0121031 -0.00308591 0.000527845 -0.00132811 0.000245688 -0.00323347  -0.00527887 -0.000720574  -0.00227345 0.011423        0        0 0
              42.978 -0.381112   31.4084 -0.326265   0.0107047 -0.00566805  -0.0139364  -0.0113392   0.0119652 -0.00400037 -0.00133831 0.000244612 -0.00323897  -0.00531496 -0.000811671  -0.00225378 0.0114236         0         0 19968
              42.978 -0.381112   31.4084 -0.326265   0.0107085 -0.00565869  -0.0139404  -0.0113124   0.0120298 -0.00402776  -0.0013383 0.000244608 -0.00323896  -0.00531519 -0.000812072  -0.00225372 0.0111848         0         0 0
             43.0778 -0.345985    31.398 -0.293386   0.0121589 -0.00458073  -0.0151847  0.00463717   0.0116527 -0.00821375 -0.00134502 0.000244804 -0.00325267  -0.00542963 -0.000812136  -0.00228407 0.0111829         0         0 19968
             43.0778 -0.345985    31.398 -0.293386   0.0121638 -0.00457177  -0.0151888   0.0046714   0.0117141 -0.00824104 -0.00134502   0.0002448 -0.00325268   -0.0054299 -0.000812519  -0.00228403 0.0108135         0         0 0
             43.1781 -0.354118   31.4063 -0.307416   0.0136739 -0.00452361  -0.0135229   0.010242 0.00405735  0.0103509  -0.0013484 0.000243156 -0.00326089  -0.00541305 -0.000769872  -0.00240761 0.0108113         0         0 20064
             43.1781 -0.354118   31.4063 -0.307416   0.0136794 -0.00451444  -0.0135264  0.0102804 0.00411927  0.0103279 -0.00134839 0.000243149 -0.00326088  -0.00541333 -0.000770258  -0.00240761 0.0116171         0         0 0
              43.278 -0.358466   31.3905 -0.306104    0.013395 -0.00522065  -0.0138397 -0.00106498 -0.00423966  0.00152228 -0.00135093  0.00024764  -0.0032714  -0.00539904 -0.000724353  -0.00232729 0.0116183         0         0 19968
              43.278 -0.358466   31.3905 -0.306104    0.013397 -0.00521646  -0.0138401 -0.00105062 -0.00420954  0.00151892 -0.00135093 0.000247637 -0.00327139  -0.00539912 -0.000724538  -0.00232731 0.0106825         0         0 0
             43.3778 -0.382191    31.394 -0.299528   0.0138145 -0.00586061  -0.0142329 0.000461957 -0.00565274 -0.00133876 -0.00134962 0.000246875 -0.00328169  -0.00543344 -0.000718118  -0.00232313 0.010683        0        0 19968
             43.3778 -0.382191    31.394 -0.299528   0.0138212 -0.00585202  -0.0142337 0.000510342 -0.00559315 -0.00134151 -0.00134961 0.000246872 -0.00328168   -0.0054337 -0.000718487  -0.00232327 0.0116015         0         0 0
             43.4781 -0.403577   31.3757 -0.293654   0.0139103 -0.00745554  -0.0136043 -0.000975663     -0.01292   0.00496858 -0.00134863 0.000250306 -0.00329266  -0.00542058 -0.000677056  -0.00235683 0.0115988         0         0 20064
             43.4781 -0.403577   31.3757 -0.293654   0.0139192 -0.00744439  -0.0136059 -0.000914142   -0.0128433   0.00495923 -0.00134862 0.000250299 -0.00329266  -0.00542094 -0.000677535  -0.00235698 0.011344        0        0 0
              43.578 -0.370628   31.3776 -0.294086   0.0144677 -0.00668253  -0.0136632  0.00199584 0.000933159  0.00193853 -0.00135654 0.000250389  -0.0032999 -0.00546176 -0.00076623 -0.00235565 0.0113458         0         0 19968
              43.578 -0.370628   31.3776 -0.294086   0.0144763 -0.00667258  -0.0136613 0.00205679 0.00100276 0.00195429 -0.00135653 0.000250388 -0.00329991  -0.00546203 -0.000766662  -0.00235593 0.0109999         0         0 0
             43.6778 -0.381224   31.3837 -0.318842    0.013989 -0.00577786   -0.014276 -0.00446699  0.00574317  -0.0035635 -0.00135876 0.000251002 -0.00330566  -0.00545967 -0.000801292  -0.00231301 0.011003        0        0 19968
             43.6778 -0.381224   31.3837 -0.318842   0.0139978 -0.00576967  -0.0142779 -0.00440425  0.00579941 -0.00357354 -0.00135875 0.000250996 -0.00330565  -0.00546003 -0.000801642  -0.00231316 0.0123595         0         0 0
             43.7781 -0.359364   31.3925 -0.301911  0.0136672 -0.0048933 -0.0160303 -0.00561538  0.00678813  -0.0135191 -0.00136614 0.000250186 -0.00331607  -0.00550138 -0.000814694  -0.00226499 0.0123582         0         0 20064
             43.7781 -0.359364   31.3925 -0.301911   0.0136754 -0.00488178   -0.016033 -0.00555768  0.00686797  -0.0135359 -0.00136614 0.000250183 -0.00331609  -0.00550175 -0.000815197  -0.00226508 0.0114494         0         0 0
              43.878 -0.383466   31.3689 -0.310334   0.0141815 -0.00564366  -0.0147363 3.29323e-05 -0.00337386  0.00478521 -0.00136717 0.000254334 -0.00332538  -0.00548453 -0.000754505  -0.00239543 0.0114444         0         0 19968
              43.878 -0.383466   31.3689 -0.310334   0.0141828 -0.00564184  -0.0147366 4.03827e-05 -0.00336233  0.00478249 -0.00136717 0.000254337 -0.00332538  -0.00548458 -0.000754577  -0.00239544 0.0102454         0         0 0
             43.9778 -0.372088   31.3732 -0.318382   0.0134351 -0.00574679  -0.0142253 -0.00686819  -0.0025993  0.00440069 -0.00137382 0.000254689 -0.00333295  -0.00546325 -0.000763173  -0.00238131 0.0102467         0         0 19968
             43.9778 -0.372088   31.3732 -0.318382   0.0134427 -0.00573706  -0.0142233 -0.00681258 -0.00253156  0.00441743 -0.00137381 0.000254687 -0.00333295  -0.00546349 -0.000763596  -0.00238159 0.0107985         0         0 0
             44.0781 -0.389832   31.3771 -0.302518   0.0138956 -0.00626137  -0.0139046 -0.000565259  -0.00498286   0.00321982 -0.00137185 0.000253424 -0.00334506  -0.00551496 -0.000752521  -0.00240432 0.0107957         0         0 20064
             44.0781 -0.389832   31.3771 -0.302518   0.0139141 -0.00624811  -0.0139055 -0.000434594  -0.00489005    0.0032179 -0.00137184 0.000253419 -0.00334508  -0.00551567 -0.000753107  -0.00240474 0.0113475         0         0 0
              44.178  -0.38985   31.3691 -0.292414   0.0138758 -0.00759922  -0.0134887 -0.00205902  -0.0110946  0.00343515 -0.00137548  0.00025566 -0.00335667  -0.00552166 -0.000714818  -0.00240885 0.0113476         0         0 19968
              44.178  -0.38985   31.3691 -0.292414   0.0138804 -0.00759575  -0.0134949 -0.00202969  -0.0110715  0.00339236 -0.00137548 0.000255658 -0.00335667  -0.00552196 -0.000714968  -0.00240871 0.0101255         0         0 0
             44.2778  -0.38317   31.3812 -0.321129   0.0139947 -0.00664354  -0.0137844 -0.00157304  0.00276061 -0.00119722 -0.00138225 0.000253921  -0.0033601  -0.00555669 -0.000802769  -0.00239352 0.0101251         0         0 19968
             44.2778  -0.38317   31.3812 -0.321129   0.0140031 -0.00663142  -0.0137873 -0.00151301  0.00284401 -0.00121515 -0.00138225 0.000253914 -0.00336012  -0.00555706 -0.000803297  -0.00239361 0.0111191         0         0 0
             44.3781 -0.377641   31.3736 -0.303683   0.0138527 -0.00506613  -0.0149745 -0.00356435   0.0114557 -0.00857529 -0.00138472  0.00025651 -0.00337136  -0.00558882 -0.000858623  -0.00235404 0.0111208         0         0 20064
             44.3781 -0.377641   31.3736 -0.303683   0.0138615 -0.00505595  -0.0149773 -0.00350251   0.0115259 -0.00859253 -0.00138471 0.000256504 -0.00337137  -0.0055892 -0.00085907 -0.00235415 0.0112049         0         0 0
              44.478 -0.366015   31.4075  -0.31868   0.0133902 -0.00504141  -0.0152988 -0.00621212  0.00381981 -0.00446182 -0.00139301 0.000250914 -0.00337854  -0.00557859 -0.000811817  -0.00237339 0.0112037         0         0 19968
              44.478 -0.366015   31.4075  -0.31868   0.0133973 -0.00503376  -0.0153004 -0.00616239  0.00387308 -0.00447182   -0.001393 0.000250914 -0.00337854  -0.00557889 -0.000812154   -0.0023735 0.0107614         0         0 0
             44.5778 -0.385411   31.3949 -0.309983   0.0139132 -0.00612757  -0.0139683 -1.17826e-05  -0.00558402   0.00889555 -0.00139399 0.000252972 -0.00338951  -0.00558375 -0.000751194   -0.0024712 0.0107577         0         0 19968
             44.5778 -0.385411   31.3949 -0.309983  0.0139169 -0.0061238 -0.0139721 1.45311e-05 -0.00555771  0.00887047 -0.00139399 0.000252966 -0.00338952  -0.00558397 -0.000751363  -0.00247114 0.0115366         0         0 0
             44.6781 -0.371799   31.3606 -0.293687  0.0144502 -0.0062324 -0.0133457   0.0016868 -0.00215625  0.00792332 -0.00139869 0.000259621  -0.0034008  -0.00561438 -0.000774295  -0.00247751 0.0115362         0         0 20064
             44.6781 -0.371799   31.3606 -0.293687   0.0144562 -0.00622204  -0.0133453  0.00172884 -0.00208428  0.00792657 -0.00139869 0.000259619 -0.00340081 -0.00561459 -0.00077475 -0.00247767 0.0104802         0         0 0
              44.778  -0.38467   31.4203 -0.291681   0.0143045 -0.00643692  -0.0122589 -0.00221723  -0.0017404   0.0111977 -0.00139953 0.000250031 -0.00341033  -0.00560125 -0.000777053   -0.0024853 0.0104802         0         0 19968
              44.778  -0.38467   31.4203 -0.291681   0.0143105 -0.00642363  -0.0122686 -0.00217508 -0.00165031   0.0111321 -0.00139954 0.000250018 -0.00341034 -0.00560169 -0.00077763 -0.00248507 0.0111825         0         0 0
             44.8778 -0.383455   31.3937 -0.297589   0.0125668 -0.00640395  -0.0124583   -0.0146694 -0.000704022    0.0027799  -0.0014048 0.000257382 -0.00341758  -0.00557917 -0.000787118   -0.0024021 0.0111845         0         0 19968
             44.8778 -0.383455   31.3937 -0.297589    0.012575 -0.00640128  -0.0124596    -0.014613 -0.000684949   0.00277223  -0.0014048 0.000257378 -0.00341759  -0.0055795 -0.00078724 -0.00240224 0.0102502         0         0 0
             44.9781 -0.368405   31.3855 -0.309604   0.0138196 -0.00589088  -0.0131317  0.00165138  0.00383882 -0.00217569 -0.00141004 0.000257337  -0.0034258  -0.00570521 -0.000817203   -0.0024325 0.0102487         0         0 20064
             44.9781 -0.368405   31.3855 -0.309604   0.0138286 -0.00588061  -0.0131275  0.00171565  0.00390983 -0.00214409 -0.00141002 0.000257333 -0.00342581  -0.00570545 -0.000817651  -0.00243289 0.0103155         0         0 0
              45.078 -0.392074    31.384 -0.287017   0.0129978 -0.00659037  -0.0143732 -0.00732901 -0.00388233 -0.00862455 -0.00140841 0.000259066 -0.00343875  -0.00569566 -0.000771848  -0.00237053 0.0103212         0         0 19968
              45.078 -0.392074    31.384 -0.287017  0.0130074 -0.0065765 -0.0143721 -0.00725905 -0.00378492  -0.0086143  -0.0014084 0.000259062 -0.00343876    -0.005696 -0.000772464  -0.00237082 0.0108428         0         0 0
             45.1778 -0.376251   31.3982 -0.301545   0.0121826 -0.00580967  -0.0138136 -0.00914308  0.00386914  0.00179302 -0.00141619  0.00025828 -0.00344564  -0.00566418 -0.000823476   -0.0024311 0.0108388         0         0 19968
             45.1778 -0.376251   31.3982 -0.301545   0.0121904 -0.00580294  -0.0138147 -0.00908595  0.00391736  0.00178679 -0.00141618 0.000258273 -0.00344563 -0.00566451 -0.00082378 -0.00243125 0.0117777         0         0 0
             45.2781 -0.363831     31.39 -0.310301   0.0128379 -0.00465118  -0.0128954 0.000330113  0.00895433  0.00802828 -0.00142134 0.000259117 -0.00345393  -0.00571072 -0.000858854  -0.00250139 0.0117744         0         0 20064
             45.2781 -0.363831     31.39 -0.310301   0.0128442 -0.00464227  -0.0128937 0.000373047  0.00901586  0.00804095 -0.00142133 0.000259115 -0.00345394  -0.00571091 -0.000859245  -0.00250161 0.0102106         0         0 0
              45.378 -0.374573   31.4059 -0.299195   0.0134791 -0.00486788  -0.0126319  0.00267509 0.000967288  0.00455924 -0.00142248 0.000256595 -0.00346485  -0.00574951 -0.000812273  -0.00249766 0.0102102         0         0 19968
              45.378 -0.374573   31.4059 -0.299195   0.0134837 -0.00485888  -0.0126312 0.00270844 0.00102992 0.00456462 -0.00142248 0.000256593 -0.00346485 -0.00574967 -0.00081267  -0.0024978 0.0100271         0         0 0
             45.4778 -0.369124   31.3889 -0.299833   0.0128291 -0.00541397  -0.0135148 -0.00566153 -0.00437384 -0.00510344 -0.00142789 0.000261539 -0.00347406  -0.00575055 -0.000785851  -0.00242504 0.010028        0        0 19968
             45.4778 -0.369124   31.3889 -0.299833   0.0128386 -0.00541075  -0.0135138 -0.00559472  -0.0043503  -0.0050948 -0.00142788 0.000261535 -0.00347405  -0.00575089 -0.000785998  -0.00242531 0.0108532         0         0 0
             45.5781 -0.362216   31.3878  -0.29056   0.0137798 -0.00515298  -0.0134014    0.0033293 -0.000118008 -0.000777807  -0.0014316 0.000261512  -0.0034839 -0.00579726 -0.00081884 -0.00248951 0.010853        0        0 20064
             45.5781 -0.362216   31.3878  -0.29056   0.0137856 -0.00514481  -0.0133998   0.00337014 -6.09405e-05   -0.0007649 -0.00143159 0.000261511  -0.0034839  -0.00579743 -0.000819204  -0.00248972 0.0106642         0         0 0
              45.678  -0.40506   31.3941 -0.344383   0.0140593 -0.00581514  -0.0136803  0.00141197 -0.00539459 -0.00265438  -0.0014316 0.000261055 -0.00348623  -0.00580559 -0.000790955  -0.00248085 0.010664        0        0 19968
              45.678  -0.40506   31.3941 -0.344383   0.0140699 -0.00580161  -0.0136797  0.00148749 -0.00530131 -0.00264765  -0.0014316 0.000261049 -0.00348624  -0.00580597 -0.000791551  -0.00248114 0.010707        0        0 0
             45.7778 -0.371914   31.3878 -0.310183   0.0143895 -0.00656477  -0.0150831 0.000759969 -0.00761385  -0.0113029 -0.00143746 0.000262711 -0.00350141  -0.00584594 -0.000779437  -0.00244024 0.0107071         0         0 19968
             45.7778 -0.371914   31.3878 -0.310183   0.0143937 -0.00656016  -0.0150814 0.000789162 -0.00758189  -0.0112899 -0.00143745 0.000262714  -0.0035014  -0.00584605 -0.000779639  -0.00244041 0.0100833         0         0 0
             45.8781 -0.389893   31.3797 -0.332624  0.0143257 -0.0064646 -0.0152243 -0.00188147 -0.00242105 -0.00503325  -0.0014404  0.00026533 -0.00350649  -0.00582525 -0.000816594  -0.00247811 0.0100832         0         0 20064
             45.8781 -0.389893   31.3797 -0.332624   0.0143347 -0.00645724  -0.0152232 -0.00181845 -0.00236996 -0.00502354 -0.00144039  0.00026533  -0.0035065  -0.00582556 -0.000816921  -0.00247837 0.0106315         0         0 0
              45.978 -0.360957   31.4021 -0.316779   0.0123509 -0.00564502  -0.0136228 -0.0159377 0.00453252 0.00907169 -0.00144807 0.000262886  -0.0035172  -0.00571743 -0.000860617  -0.00252154 0.0106332         0         0 19968
              45.978 -0.360957   31.4021 -0.316779    0.012356 -0.00563631  -0.0136225 -0.0159012 0.00459248 0.00907568 -0.00144806 0.000262885 -0.00351721  -0.00571762 -0.000861001  -0.00252169 0.0107767         0         0 0
             46.0778 -0.414029    31.423 -0.323147   0.0124383 -0.00613826  -0.0126429 -0.00563245 -0.00224904  0.00994188 -0.00144407 0.000257918 -0.00352598  -0.00578193 -0.000821557  -0.00256278 0.0107739         0         0 19968
             46.0778 -0.414029    31.423 -0.323147   0.0124428 -0.00612708  -0.0126444  -0.0056005 -0.00217184  0.00993184 -0.00144406 0.000257916 -0.00352599  -0.00578214 -0.000822054  -0.00256283 0.0103834         0         0 0
             46.1781  -0.34409   31.4152 -0.287554   0.0117464 -0.00547121  -0.0132433  -0.00810201   0.00337473 -0.000536039 -0.00145821 0.000261835 -0.00353989  -0.00582049 -0.000858741  -0.00249761 0.0103848         0         0 20064
             46.1781  -0.34409   31.4152 -0.287554   0.0117524 -0.00546494  -0.0132449 -0.00806008  0.00341785 -0.00054636  -0.0014582 0.000261836  -0.0035399 -0.00582075 -0.00085902 -0.00249769 0.0104133         0         0 0
              46.278 -0.390886   31.3637  -0.31943   0.0119375 -0.00586883  -0.0136236 -0.00374027 -0.00114285 -0.00191102 -0.00145709 0.000270389 -0.00354449  -0.00587158 -0.000827563  -0.00251032 0.0104117         0         0 19968
              46.278 -0.390886   31.3637  -0.31943   0.0119432 -0.00586578  -0.0136211 -0.00370019 -0.00112052 -0.00189255 -0.00145708  0.00027039 -0.00354449  -0.00587173 -0.000827704  -0.00251056 0.0100573         0         0 0
             46.3778 -0.375786   31.3838 -0.322065   0.0122066 -0.00655463  -0.0132188 -0.00197439 -0.00457488  0.00353958 -0.00146431 0.000266759 -0.00355323  -0.00588598 -0.000804992  -0.00255229 0.0100549         0         0 19968
             46.3778 -0.375786   31.3838 -0.322065   0.0122136 -0.00654275  -0.0132202 -0.00192478  -0.0044937  0.00353168  -0.0014643 0.000266757 -0.00355324  -0.00588628 -0.000805516  -0.00255241 0.0105577         0         0 0
             46.4781 -0.417546   31.3781 -0.325352   0.0137634 -0.00765186  -0.0132956  0.00760455 -0.00776682  0.00179987 -0.00146161 0.000267192 -0.00356133  -0.00596539 -0.000779379  -0.00258085 0.0105561         0         0 20064
             46.4781 -0.417546   31.3781 -0.325352   0.0137709 -0.00764215   -0.013297 0.00765833 -0.0076993 0.00179192 -0.00146161 0.000267187 -0.00356133  -0.00596571 -0.000779814  -0.00258099 0.0112459         0         0 0
              46.578   -0.3697   31.4093 -0.302504   0.0139482 -0.00652406  -0.0135363   0.00320248   0.00456916 -0.000110989 -0.00147036 0.000263694 -0.00357281    -0.005957 -0.000865501  -0.00255494 0.0112468         0         0 19968
              46.578   -0.3697   31.4093 -0.302504   0.0139621 -0.00651882  -0.0135361   0.00329923   0.00460751 -0.000107487 -0.00147034  0.00026369 -0.00357281  -0.00595752 -0.000865745  -0.00255529 0.0114165         0         0 0
             46.6778 -0.367938   31.4085 -0.324284   0.0128439 -0.00456032  -0.0125468 -0.00826499   0.0150109  0.00761711 -0.00147755  0.00026519 -0.00357658  -0.00588659 -0.000930862  -0.00256805 0.0114185         0         0 19968
             46.6778 -0.367938   31.4085 -0.324284   0.0128499 -0.00455173  -0.0125448 -0.00822347   0.0150705  0.00763159 -0.00147754 0.000265188 -0.00357658  -0.00588676 -0.000931246  -0.00256828 0.0102471         0         0 0
             46.7782  -0.39108   31.4167 -0.330647   0.0136576 -0.00503975  -0.0118755 0.000378539  0.00193311  0.00825255 -0.00147726 0.000262028 -0.00358594  -0.00595092 -0.000847753  -0.00260643 0.0102451         0         0 20064
             46.7782  -0.39108   31.4167 -0.330647   0.0136653 -0.00503161  -0.0118759 0.000433334  0.00198992  0.00825196 -0.00147725 0.000262025 -0.00358595  -0.00595123 -0.000848121  -0.00260661 0.010926        0        0 0
              46.878 -0.357368   31.4015 -0.290584   0.0130105 -0.00606866  -0.0136473 -0.00638325   -0.006729 -0.00953256 -0.00148422 0.000265682 -0.00360213  -0.00598379 -0.000796671  -0.00248738 0.0109275         0         0 19968
              46.878 -0.357368   31.4015 -0.290584   0.0130174 -0.00606219  -0.0136486 -0.00633595  -0.0066838 -0.00954055 -0.00148422 0.000265682 -0.00360214  -0.00598408 -0.000796964   -0.0024875 0.0102143         0         0 0
             46.9778 -0.364255   31.3966 -0.315283   0.0127878 -0.00600092  -0.0147342 -0.00491324 -0.00190704 -0.00958843 -0.00148896 0.000267258 -0.00360652  -0.00600433 -0.000834541  -0.00249571 0.0102143         0         0 19968
             46.9778 -0.364255   31.3966 -0.315283    0.012794 -0.00599353  -0.0147353 -0.00486923 -0.00185535 -0.00959473 -0.00148894 0.000267252 -0.00360652  -0.00600459 -0.000834873  -0.00249583 0.0109227         0         0 0
             47.0782 -0.37789  31.3733 -0.30675   0.0133856 -0.00605936  -0.0140811 0.00136017 -0.0012255 0.00221713 -0.00148895 0.000271649 -0.00361631  -0.00601115 -0.000844003  -0.00259213 0.0109202         0         0 20064
             47.0782 -0.37789  31.3733 -0.30675   0.0133968 -0.00604957  -0.0140791  0.00143776 -0.00115654  0.00223358 -0.00148893 0.000271644  -0.0036163  -0.00601152 -0.000844447  -0.00259249 0.0103738         0         0 0
              47.178 -0.389623    31.376 -0.301263   0.0140846 -0.00655957  -0.0135797  0.00384908 -0.00464273  0.00408625 -0.00149009 0.000271287 -0.00362711  -0.00603188 -0.000827479  -0.00262218 0.0103726         0         0 19968
              47.178 -0.389623    31.376 -0.301263  0.0140931 -0.0065563 -0.0135775  0.00390781 -0.00461911  0.00410298 -0.00149008 0.000271288  -0.0036271 -0.00603215 -0.00082763 -0.00262248 0.0102068         0         0 0
             47.2778 -0.395075   31.3816 -0.306269   0.0154616 -0.00672418  -0.0128751  0.00907393 -0.00311908  0.00593269 -0.00149309 0.000270261 -0.00363409   -0.0060697 -0.000839798  -0.00266189 0.0102059         0         0 19968
             47.2778 -0.395075   31.3816 -0.306269  0.0154724 -0.0067187 -0.0128756  0.00914926 -0.00308034  0.00593151 -0.00149307 0.000270261  -0.0036341  -0.00607012 -0.000840049  -0.00266214 0.0116913         0         0 0
             47.3782 -0.375376   31.3955 -0.301681   0.0138593 -0.00694913  -0.0134716  -0.0098885  -0.0040009 -0.00326653 -0.00149996 0.000270366 -0.00364379  -0.00601072 -0.000840146  -0.00255421 0.0117025         0         0 20064
             47.3782 -0.375376   31.3955 -0.301681   0.0138667 -0.00693819  -0.0134793  -0.0098386 -0.00392701 -0.00331773 -0.00149996 0.000270357  -0.0036438  -0.00601117 -0.000840634  -0.00255409 0.0113495         0         0 0
              47.478 -0.372373   31.4077 -0.304444   0.0125708 -0.00694627  -0.0141879  -0.0129986 -0.00222377 -0.00675331  -0.0015031 0.000269233 -0.00365267  -0.00601629 -0.000855683  -0.00253183 0.01135       0       0 19968
              47.478 -0.372373   31.4077 -0.304444    0.012577 -0.00693403  -0.0141913   -0.012955 -0.00213967 -0.00677625  -0.0015031 0.000269231 -0.00365268  -0.00601661 -0.000856234  -0.00253185 0.0107103         0         0 0
             47.5778 -0.361555    31.413 -0.294483   0.0113705 -0.00633335  -0.0150432  -0.0144921  0.00314008 -0.00841517 -0.00150799 0.000268646  -0.0036629  -0.00603406 -0.000890214  -0.00252836 0.0107103         0         0 19968
             47.5778 -0.361555    31.413 -0.294483   0.0113807 -0.00632303  -0.0150423  -0.0144191  0.00321226 -0.00840606 -0.00150798 0.000268646 -0.00366291  -0.00603443 -0.000890683  -0.00252866 0.0114219         0         0 0
             47.6782 -0.382524   31.3891  -0.29614   0.0119679 -0.00583342  -0.0146218 -0.00210159  0.00435484 0.000291697 -0.00150818 0.000271472 -0.00367169  -0.00608614 -0.000899861  -0.00262888 0.0114144         0         0 20064
             47.6782 -0.382524   31.3891  -0.29614  0.0119718 -0.0058244 -0.0146218 -0.00207503  0.00441613 0.000292752 -0.00150817 0.000271471 -0.00367169  -0.00608628 -0.000900262  -0.00262898 0.0111078         0         0 0
              47.778 -0.389319   31.4111 -0.291739   0.0125716 -0.00560143  -0.0134041 0.00235899 0.00290377 0.00892335 -0.00151156 0.000267775 -0.00368098  -0.00609261 -0.000892779  -0.00269644 0.0111052         0         0 19968
              47.778 -0.389319   31.4111 -0.291739   0.0125822 -0.00558873  -0.0134013 0.00243432 0.00299233 0.00894531 -0.00151154 0.000267775 -0.00368099  -0.00609295 -0.000893355  -0.00269683 0.0108916         0         0 0
             47.8778 -0.390653   31.4097 -0.308454   0.0133689 -0.00590062  -0.0129947  0.00496713 -0.00159194  0.00604582  -0.0015182  0.00026818 -0.00368707  -0.00613063 -0.000867445  -0.00268969 0.0108912         0         0 19968
             47.8778 -0.390653   31.4097 -0.308454   0.0133762 -0.00589678  -0.0129942  0.00501671 -0.00156502  0.00605064  -0.0015182 0.000268182 -0.00368707  -0.00613089 -0.000867621  -0.00268989 0.010403        0        0 0
             47.9782 -0.385642   31.3821 -0.285048   0.0147355 -0.00616913  -0.0129862 0.00913776 -0.0023837 0.00283121 -0.00152077 0.000273902 -0.00369955  -0.00618516 -0.000862694  -0.00268944 0.010401        0        0 20064
             47.9782 -0.385642   31.3821 -0.285048   0.0147494 -0.00616081  -0.0129856  0.00923586 -0.00232471   0.0028372 -0.00152076 0.000273895 -0.00369955  -0.00618568 -0.000863077  -0.00268981 0.0110733         0         0 0
              48.078 -0.372059   31.3451 -0.285442   0.0143601 -0.00789142  -0.0137636 -0.00268547  -0.0126975 -0.00381214 -0.00152856 0.000283204 -0.00370878  -0.00616834 -0.000795173  -0.00261769 0.0110785         0         0 19968
              48.078 -0.372059   31.3451 -0.285442   0.0143678 -0.00788027  -0.0137637 -0.00263186  -0.0126213  -0.0038112 -0.00152855 0.000283201 -0.00370879  -0.00616863 -0.000795673  -0.00261788 0.0105839         0         0 0
             48.1778 -0.404551   31.3752 -0.331653   0.0141116 -0.00690544   -0.013865  -0.00434264   0.00289885 -0.000704527 -0.00153008  0.00027821 -0.00370927  -0.00616776 -0.000897349  -0.00263697 0.0105839         0         0 19968
             48.1778 -0.404551   31.3752 -0.331653   0.0141182 -0.00689341  -0.0138719  -0.00429637   0.00298143 -0.000751292 -0.00153008 0.000278205 -0.00370927  -0.00616818 -0.000897895  -0.00263686 0.0110955         0         0 0
             48.2782  -0.40409   31.3753 -0.323094  0.0135462 -0.0062437 -0.0139574 -0.00762814  0.00585309  0.00097958 -0.00153362 0.000278631 -0.00371955  -0.00616894 -0.000913656  -0.00263603 0.0110946         0         0 20064
             48.2782  -0.40409   31.3753 -0.323094   0.0135583 -0.00623708   -0.013958 -0.00754219   0.0059014 0.000978577  -0.0015336 0.000278629 -0.00371955  -0.00616943 -0.000913972  -0.00263632 0.0118796         0         0 0
              48.378 -0.359402   31.3642 -0.314962   0.0119549 -0.00584904  -0.0142203   -0.0156395   0.00467938 -0.000684307  -0.0015448 0.000282153  -0.0037301  -0.00614807 -0.000907296  -0.00260465 0.0118809         0         0 19968
              48.378 -0.359402   31.3642 -0.314962   0.0119569 -0.00584402  -0.0142221   -0.0156264   0.00471369 -0.000696359  -0.0015448 0.000282153  -0.0037301  -0.00614819 -0.000907523  -0.00260462 0.0109882         0         0 0
             48.4778 -0.385591    31.409 -0.305918   0.0129536 -0.00598711  -0.0139711 0.000448365  0.00104457  0.00299649 -0.00154398 0.000272745 -0.00374023  -0.00624108 -0.000884772  -0.00268524 0.0109826         0         0 19968
             48.4778 -0.385591    31.409 -0.305918   0.0129596 -0.00597636  -0.0139721 0.00048992 0.00111958 0.00298951 -0.00154397 0.000272743 -0.00374024  -0.00624134 -0.000885267  -0.00268535 0.0104088         0         0 0
             48.5782 -0.417607   31.3865 -0.330728   0.0128218 -0.00618118  -0.0136313  -0.00259019 -0.000743551   0.00462322 -0.00154504  0.00027829 -0.00374504    -0.006238 -0.000872537  -0.00268716 0.0104088         0         0 20064
             48.5782 -0.417607   31.3865 -0.330728  0.0128316 -0.0061716 -0.0136331  -0.00251963 -0.000677127    0.0046128 -0.00154503 0.000278284 -0.00374505  -0.00623843 -0.000872976  -0.00268734 0.0116938         0         0 0
              48.678 -0.358645   31.4118  -0.28805   0.0127571 -0.00583026  -0.0142371 -0.00279483  0.00199862 -0.00211584 -0.00155369 0.000274016 -0.00376155  -0.00627339 -0.000893664  -0.00265387 0.0116939         0         0 19968
              48.678 -0.358645   31.4118  -0.28805   0.0127655 -0.00581958  -0.0142403 -0.00273649  0.00207193 -0.00213585 -0.00155368 0.000274009 -0.00376156  -0.00627379 -0.000894146  -0.00265395 0.0124252         0         0 0
             48.7779 -0.381491   31.3926 -0.330128   0.0126185 -0.00623899  -0.0138195 -0.00308517  -0.0026205   0.0027201 -0.00155719 0.000277973 -0.00376405  -0.00626751 -0.000867995  -0.00268735 0.0124244         0         0 19968
             48.7779 -0.381491   31.3926 -0.330128   0.0126242 -0.00623569  -0.0138177 -0.00304628 -0.00259688   0.0027337 -0.00155719 0.000277977 -0.00376405  -0.00626768 -0.000868149  -0.00268757 0.0108595         0         0 0
             48.8782 -0.376433    31.393 -0.301111   0.0133586 -0.00748849  -0.0141117  0.00245977  -0.0100796 -0.00113689  -0.0015595 0.000278166 -0.00377847  -0.00632655 -0.000825485  -0.00269352 0.0108572         0         0 20064
             48.8782 -0.376433    31.393 -0.301111  0.0133667  -0.007482 -0.0141146  0.00251654  -0.0100342 -0.00115518  -0.0015595 0.000278162 -0.00377847  -0.00632694 -0.000825785  -0.00269361 0.011242        0        0 0
              48.978 -0.369168   31.3931 -0.284886   0.0141459 -0.00684922  -0.0149994  0.00466576 0.000489825 -0.00670739 -0.00156216 0.000278665 -0.00378857  -0.00637295 -0.000900468  -0.00268023 0.0112426         0         0 19968
              48.978 -0.369168   31.3931 -0.284886   0.0141514 -0.00684778  -0.0149983  0.00470385 0.000501332 -0.00669892 -0.00156215 0.000278666 -0.00378857  -0.00637313 -0.000900541  -0.00268041 0.0104202         0         0 0
             49.0779 -0.360523   31.4069  -0.30136   0.0136812 -0.00652252  -0.0141343 -0.00310102  0.00133327  0.00340077 -0.00156852 0.000277533 -0.00379589  -0.00630707 -0.000911439  -0.00272258 0.01042       0       0 19968
             49.0779 -0.360523   31.4069  -0.30136   0.0136913 -0.00651051  -0.0141329 -0.00302967  0.00141592  0.00341302 -0.00156851 0.000277529  -0.0037959  -0.00630743 -0.000911986   -0.0027229 0.0104944         0         0 0
             49.1782 -0.355254   31.3939 -0.295191   0.0140112 -0.00621536  -0.0140723 -0.000400347   0.00150728  0.000874944 -0.00157372 0.000280452 -0.00380499   -0.0063454 -0.000919305  -0.00272648 0.0104919         0         0 20064
             49.1782 -0.355254   31.3939 -0.295191   0.0140189 -0.00620673  -0.0140712 -0.000344076   0.00156841   0.00088469 -0.00157371 0.000280454   -0.003805  -0.00634568 -0.000919709  -0.00272673 0.0111916         0         0 0
              49.278 -0.378001   31.3953 -0.295111   0.0130639 -0.00529429  -0.0140953  -0.00806232    0.0057957 -0.000767317 -0.00157328 0.000282097 -0.00381389  -0.00632066 -0.000952167   -0.0026988 0.0111928         0         0 19968
              49.278 -0.378001   31.3953 -0.295111   0.0130734 -0.00528709  -0.0140972   -0.0079959   0.00584627 -0.000777776 -0.00157327  0.00028209  -0.0038139  -0.00632107 -0.000952503  -0.00269897 0.0114845         0         0 0
             49.3779 -0.357655   31.4204 -0.292266   0.0120732 -0.00596133  -0.0139603  -0.0110955 -0.00327818 5.11488e-05 -0.00158281 0.000279313 -0.00382349  -0.00631561 -0.000895058  -0.00270119 0.0114853         0         0 19968
             49.3779 -0.357655   31.4204 -0.292266   0.0120779 -0.00595404  -0.0139608  -0.0110636 -0.00322827  4.9494e-05  -0.0015828 0.000279311  -0.0038235  -0.00631579 -0.000895389  -0.00270129 0.0101552         0         0 0
             49.4782 -0.414938   31.4033 -0.328017   0.0122938 -0.00678617  -0.0123817 -0.00390596 -0.00694039   0.0113342 -0.00158098 0.000281969 -0.00382637  -0.00633615 -0.000874629  -0.00279929 0.0101521         0         0 20064
             49.4782 -0.414938   31.4033 -0.328017   0.0123004 -0.00677985  -0.0123796 -0.00385883 -0.00689615   0.0113505 -0.00158098  0.00028197 -0.00382637  -0.00633636 -0.000874921  -0.00279955 0.0105299         0         0 0
              49.578 -0.394843   31.4109 -0.316575  0.0130683 -0.0073246 -0.0118706  0.00186617 -0.00530588  0.00733359 -0.0015876  0.0002803 -0.0038373  -0.00639962 -0.000881406  -0.00280121 0.0105258         0         0 19968
              49.578 -0.394843   31.4109 -0.316575    0.013073 -0.00732022  -0.0118733  0.00189845 -0.00527535  0.00731576  -0.0015876 0.000280298 -0.00383729  -0.00639987 -0.000881608  -0.00280121 0.0103618         0         0 0
             49.6779 -0.388003    31.398  -0.28742   0.0138009 -0.00748778  -0.0140109  0.00336675 -0.00309965  -0.0118172 -0.00158864 0.000282364 -0.00385121 -0.00649283 -0.00090004 -0.00269496 0.0103645         0         0 19968
             49.6779 -0.388003    31.398  -0.28742   0.0138061 -0.00748216  -0.0140148  0.00340326 -0.00306052  -0.0118426 -0.00158863  0.00028236  -0.0038512  -0.00649312 -0.000900301  -0.00269494 0.0108258         0         0 0
             49.7777 -0.395809   31.3953 -0.331579   0.0131072 -0.00626734  -0.0141966  -0.0051328  0.00763179 -0.00398761 -0.00159438 0.000283956 -0.00385285 -0.00643326 -0.00096929 -0.00271548 0.0108268         0         0 19968
             49.7777 -0.395809   31.3953 -0.331579  0.0131147 -0.0062546 -0.0141988  -0.0050798  0.00771879 -0.00400146 -0.00159437 0.000283952 -0.00385286  -0.00643361 -0.000969874  -0.00271559 0.0112946         0         0 0
              49.878  -0.40467   31.3653 -0.322725   0.0144194 -0.00624301   -0.013743 0.00547126 0.00322259 0.00256829 -0.00159543 0.000289436 -0.00386418  -0.00648685 -0.000939021  -0.00280153 0.0112904         0         0 20064
              49.878  -0.40467   31.3653 -0.322725   0.0144234 -0.00623811  -0.0137492  0.0054981 0.00325666 0.00252496 -0.00159544 0.000289437 -0.00386419  -0.00648716 -0.000939255  -0.00280137 0.0101894         0         0 0
             49.9779 -0.384858   31.3972 -0.300408   0.0153281 -0.00659813  -0.0140453   0.00542421  -0.00068242 -0.000508421  -0.0016048 0.000284847 -0.00387581  -0.00651659 -0.000911578  -0.00279367 0.0101888         0         0 19968
             49.9779 -0.384858   31.3972 -0.300408   0.0153385 -0.00658855  -0.0140471   0.00550047 -0.000614988 -0.000517531 -0.00160479 0.000284841 -0.00387581 -0.00651705 -0.00091203 -0.00279388 0.0115843         0         0 0
             50.0777 -0.373318   31.4011 -0.298249   0.0137926 -0.00649379  -0.0134716 -0.0105754 0.00053937 0.00493067 -0.00161069 0.000286311  -0.0038851  -0.00642219 -0.000921339  -0.00277139 0.0115858         0         0 19968
             50.0777 -0.373318   31.4011 -0.298249   0.0137995 -0.00648397    -0.01347  -0.0105271 0.000606851  0.00494339 -0.00161068  0.00028631 -0.00388512  -0.00642241 -0.000921791  -0.00277164 0.0108662         0         0 0
              50.178  -0.41966   31.3963 -0.338134   0.0126485 -0.00683348  -0.0126887  -0.0133086 -0.00128275  0.00830329 -0.00161005 0.000287171 -0.00388788  -0.00641418 -0.000904884  -0.00278726 0.0108658         0         0 20064
              50.178  -0.41966   31.3963 -0.338134   0.0126585 -0.00682621   -0.012684  -0.0132388 -0.00123147  0.00833819 -0.00161004 0.000287176 -0.00388787  -0.00641445 -0.000905224  -0.00278772 0.0106961         0         0 0
             50.2779 -0.369649   31.4071 -0.309033    0.010121 -0.00668845  -0.0132269   -0.0234691  0.000588243 -0.000152112 -0.00161937 0.000287577 -0.00390173   -0.0064029 -0.000918999  -0.00270418 0.0106994         0         0 19968
             50.2779 -0.369649   31.4071 -0.309033   0.0101273 -0.00668062  -0.0132255   -0.0234254  0.000642641 -0.000140664 -0.00161936 0.000287579 -0.00390173  -0.00640311 -0.000919363   -0.0027044 0.00978494          0          0 0
             50.3777 -0.374543   31.3997 -0.330105  0.00919717 -0.00538706  -0.0145985  -0.0153213  0.00869864 -0.00849321 -0.00162313 0.000288705 -0.00390754  -0.00649382 -0.000979428  -0.00269042 0.00978164          0          0 19968
             50.3777 -0.374543   31.3997 -0.330105  0.00920318 -0.00538171  -0.0146009  -0.0152785  0.00873626 -0.00850885 -0.00162311 0.000288703 -0.00390756  -0.00649412 -0.000979681  -0.00269048 0.0106702         0         0 0
              50.478 -0.384771   31.4148 -0.324204   0.0100862 -0.00612084  -0.0142435 -0.000153803  -0.00239802   0.00109742 -0.00162416 0.000284844 -0.00391868 -0.00656045 -0.00090902 -0.00280642 0.0106632         0         0 20064
              50.478 -0.384771   31.4148 -0.324204    0.010094 -0.00610744  -0.0142478 -9.88176e-05  -0.00230728    0.0010696 -0.00162415 0.000284834 -0.00391869  -0.00656086 -0.000909633  -0.00280645 0.0116413         0         0 0
             50.5779 -0.392182   31.3865 -0.335671  0.0136577 -0.0059802 -0.0135107   0.0234984 0.000470112  0.00621514 -0.00162588 0.000287532 -0.00392608  -0.00668969 -0.000929228   -0.0029295 0.011637        0        0 19968
             50.5779 -0.392182   31.3865 -0.335671   0.0136663 -0.00597083  -0.0135089   0.0235593 0.000536366    0.006229 -0.00162587 0.000287533 -0.00392609  -0.00668999 -0.000929673   -0.0029298 0.0107716         0         0 0
             50.6777 -0.376698   31.4054 -0.313336   0.0141164 -0.00627345  -0.0132008  0.00907861 -0.00289725  0.00332117 -0.00163034 0.000285869 -0.00393919  -0.00662752 -0.000911684  -0.00287136 0.0107735         0         0 19968
             50.6777 -0.376698   31.4054 -0.313336  0.0141245 -0.0062653 -0.0132005  0.00913651 -0.00284031  0.00332512 -0.00163033 0.000285865 -0.00393919  -0.00662783 -0.000912064  -0.00287159 0.0120223         0         0 0
              50.778 -0.342912   31.4153 -0.310022   0.0134097 -0.00601879  -0.0137259  -0.00333178 -0.000334105   -0.0035772 -0.00163891 0.000286176 -0.00394967   -0.0065915 -0.000935089  -0.00279709 0.0120245         0         0 20064
              50.778 -0.342912   31.4153 -0.310022   0.0134183 -0.00601231  -0.0137227  -0.00327214 -0.000288031  -0.00355377  -0.0016389 0.000286172 -0.00394967  -0.00659176 -0.000935395  -0.00279744 0.0107258         0         0 0
             50.8779 -0.412635   31.4218 -0.316738   0.0135036 -0.00734399  -0.0129957 -0.00162413 -0.00964481  0.00333571 -0.00163076  0.00028489  -0.0039581   -0.0065876 -0.000876894  -0.00285341 0.0107238         0         0 19968
             50.8779 -0.412635   31.4218 -0.316738   0.0135082 -0.00733482  -0.0129949 -0.00159146 -0.00958168  0.00334158 -0.00163075 0.000284889  -0.0039581 -0.00658776 -0.00087732 -0.00285356 0.0101194         0         0 0
             50.9777 -0.387945   31.4018 -0.313769   0.0134942 -0.00689365  -0.0128847  -0.00177948 -0.000410605   0.00107805 -0.00163742 0.000288651 -0.00396751  -0.00660664 -0.000940787  -0.00284873 0.0101187         0         0 19968
             50.9777 -0.387945   31.4018 -0.313769   0.0135004 -0.00688379  -0.0128846  -0.00173485 -0.000342279   0.00108061 -0.00163741  0.00028865 -0.00396751  -0.00660688 -0.000941249  -0.00284891 0.0100188         0         0 0
              51.078 -0.367605   31.3808 -0.289021    0.012976 -0.00721796  -0.0135924 -0.00580683 -0.00316698 -0.00541698 -0.00164342 0.000293449 -0.00398045   -0.0066215 -0.000925871  -0.00280424 0.010019        0        0 20064
              51.078 -0.367605   31.3808 -0.289021  0.0129835 -0.0072076 -0.0135933 -0.00575337 -0.00309525 -0.00542146 -0.00164341 0.000293445 -0.00398046  -0.00662182 -0.000926358   -0.0028044 0.010271        0        0 0
             51.1779 -0.386645   31.3908 -0.311845   0.0137652 -0.00740845  -0.0144039    0.002248 -0.00257669 -0.00746776 -0.00164643 0.000291572 -0.00398577   -0.0066894 -0.000931684  -0.00282667 0.0102698         0         0 19968
             51.1779 -0.386645   31.3908 -0.311845   0.0137707 -0.00739861  -0.0144036  0.00228698 -0.00250919   -0.007464 -0.00164642 0.000291572 -0.00398578  -0.00668961 -0.000932142  -0.00282683 0.0105639         0         0 0
             51.2777 -0.378617   31.3848 -0.327005   0.0147039 -0.00550909  -0.0148623  0.00577904   0.0122173 -0.00526203 -0.00165292 0.000293747 -0.00399112 -0.00672008  -0.0010316 -0.00286022 0.0105647         0         0 19968
             51.2777 -0.378617   31.3848 -0.327005   0.0147094 -0.00550095  -0.0148612  0.00581856   0.0122737 -0.00525243 -0.00165291 0.000293749 -0.00399112 -0.00672027 -0.00103198 -0.00286041 0.0106169         0         0 0
              51.378 -0.384321   31.3867 -0.313425   0.0141042 -0.00620647  -0.0149808 -0.00459173 -0.00103516  -0.0023636 -0.00165529 0.000295866 -0.00400326  -0.00667186 -0.000941551  -0.00284711 0.0106174         0         0 20064
              51.378 -0.384321   31.3867 -0.313425   0.0141072 -0.00619915  -0.0149876  -0.00457115 -0.000985649  -0.00241033 -0.00165528 0.000295867 -0.00400328  -0.00667215 -0.000941892   -0.0028469 0.011046        0        0 0
             51.4779 -0.398368   31.4123 -0.308825   0.0128104 -0.00749833  -0.0138181  -0.0130668 -0.00915448  0.00801977 -0.00165761  0.00029313 -0.00401281 -0.00660962 -0.00088672 -0.00288687 0.0110449         0         0 19968
             51.4779 -0.398368   31.4123 -0.308825   0.0128154 -0.00749151  -0.0138185 -0.0130315 -0.0091065 0.00801826 -0.00165761 0.000293126  -0.0040128  -0.00660983 -0.000887043  -0.00288698 0.0106144         0         0 0
             51.5777 -0.373629   31.3932 -0.313725   0.0117503 -0.00729303  -0.0128417  -0.0132587 -0.00175926  0.00972119 -0.00166417 0.000297067 -0.00402217   -0.0066148 -0.000940319  -0.00290248 0.0106141         0         0 19968
             51.5777 -0.373629   31.3932 -0.313725   0.0117564 -0.00728395  -0.0128435  -0.0132159 -0.00169701  0.00971004 -0.00166417 0.000297062 -0.00402216  -0.00661508 -0.000940742  -0.00290256 0.0103643         0         0 0
             51.6781 -0.409412   31.3899 -0.314984   0.0135756 -0.00676281  -0.0128303  0.0067668 0.00369739 0.00443327 -0.00166384 0.000296637 -0.00402947  -0.00676596 -0.000977492  -0.00294405 0.0103649         0         0 20064
             51.6781 -0.409412   31.3899 -0.314984   0.0135787 -0.00675977  -0.0128375 0.00678764 0.00371805 0.00438293 -0.00166384  0.00029664 -0.00402948  -0.00676627 -0.000977638  -0.00294382 0.0106057         0         0 0
             51.7779 -0.347709   31.4068 -0.305367   0.0132992 -0.00568906  -0.0151364 -0.00185347  0.00829035  -0.0139111 -0.00167798 0.000295777 -0.00403966 -0.00679808 -0.00100995 -0.00280572 0.0106087         0         0 19968
             51.7779 -0.347709   31.4068 -0.305367   0.0133017 -0.00568352  -0.0151407 -0.00183651  0.00832831  -0.0139402 -0.00167798 0.000295775 -0.00403967 -0.00679828 -0.00101021 -0.00280561 0.0104383         0         0 0
             51.8777 -0.397667   31.3824 -0.339341  0.0139989 -0.0052986 -0.0143044  0.0029689 0.00542797 0.00285053 -0.00167606 0.000301482 -0.00404295   -0.0067804 -0.000993962   -0.0029266 0.0104332         0         0 19968
             51.8777 -0.397667   31.3824 -0.339341   0.0140048 -0.00528813   -0.014311 0.00301003 0.00549853 0.00280649 -0.00167606 0.000301474 -0.00404296  -0.00678079 -0.000994446  -0.00292648 0.0116269         0         0 0
             51.9781 -0.384399   31.3766 -0.330668   0.0156666 -0.00602993  -0.0138768    0.010185 -0.00291124  0.00533764  -0.0016803 0.000303071 -0.00405396    -0.006834 -0.000937384  -0.00297282 0.0116252         0         0 20064
             51.9781 -0.384399   31.3766 -0.330668  0.0156722 -0.0060225 -0.0138842   0.0102227 -0.00285978  0.00528613 -0.00168031 0.000303066 -0.00405398  -0.00683441 -0.000937744  -0.00297264 0.010968        0        0 0
             52.0779 -0.396808   31.4123 -0.309159    0.014891 -0.00707393  -0.0126343 -0.00401144 -0.00825953   0.0109999 -0.00168096 0.000297997 -0.00406621  -0.00674907 -0.000901946  -0.00296264 0.0109687         0         0 19968
             52.0779 -0.396808   31.4123 -0.309159    0.014897 -0.00707074  -0.0126323 -0.00396922  -0.0082365   0.0110155 -0.00168094    0.000298 -0.00406621 -0.00674925  -0.0009021 -0.00296289 0.0108435         0         0 0
             52.1777 -0.371246   31.3534 -0.300648  0.0146378 -0.0070697 -0.0136193 -0.00564042 -0.00263412 -0.00256335 -0.00168837 0.000308839 -0.00407564  -0.00680922 -0.000941466  -0.00288414 0.0108465         0         0 19968
             52.1777 -0.371246   31.3534 -0.300648   0.0146428 -0.00706685  -0.0136194 -0.00560764 -0.00261404 -0.00256436 -0.00168836 0.000308836 -0.00407563  -0.00680941 -0.000941601  -0.00288425 0.0100076         0         0 0
             52.2781 -0.371388   31.3812 -0.309688    0.013523 -0.00713088  -0.0140531  -0.0100281 -0.00216199 -0.00389517  -0.0016922 0.000303946 -0.00408391  -0.00679329 -0.000954158  -0.00286719 0.0100088         0         0 20064
             52.2781 -0.371388   31.3812 -0.309688   0.0135309 -0.00712916    -0.01405 -0.00997267 -0.00214933 -0.00387154 -0.00169219 0.000303953 -0.00408391  -0.00679353 -0.000954241  -0.00286753 0.0106124         0         0 0
             52.3779 -0.401569   31.3992 -0.334251   0.0112862 -0.00594135  -0.0137163 -0.0186043 0.00635446 0.00102162 -0.00169206 0.000302286 -0.00408752 -0.00673217 -0.00102091 -0.00287281 0.0106136         0         0 19968
             52.3779 -0.401569   31.3992 -0.334251   0.0112931 -0.00593078  -0.0137184 -0.0185558 0.00642791 0.00100906 -0.00169205 0.000302284 -0.00408753  -0.0067325 -0.00102141 -0.00287291 0.0101281         0         0 0
             52.4777 -0.356249   31.3917 -0.309696   0.0120362 -0.00479772  -0.0139132  -0.00129221   0.00932898 -0.000909872 -0.00170225 0.000304028 -0.00410017 -0.00685383 -0.00104411 -0.00293413 0.0101249         0         0 19968
             52.4777 -0.356249   31.3917 -0.309696   0.0120435 -0.00478972  -0.0139114  -0.00123972   0.00938493 -0.000895565 -0.00170224 0.000304025 -0.00410017 -0.00685408  -0.0010445 -0.00293441 0.0105443         0         0 0
             52.5781 -0.370123   31.4002 -0.299654   0.0120389 -0.00561595  -0.0134115 -0.00201221 -0.00346421  0.00254529 -0.00170387  0.00030383 -0.00411124  -0.00685487 -0.000961692  -0.00296661 0.0105454         0         0 20064
             52.5781 -0.370123   31.4002 -0.299654   0.0120433 -0.00560709  -0.0134114 -0.00198095 -0.00340401  0.00254675 -0.00170387 0.000303828 -0.00411125  -0.00685504 -0.000962106  -0.00296673 0.0105936         0         0 0
             52.6779 -0.393177   31.3513 -0.334215   0.0122162 -0.00493031  -0.0135297  -0.00136709   0.00323539 -0.000487168 -0.00170697 0.000313877 -0.00411337 -0.00688937 -0.00100861  -0.0029635 0.0105944         0         0 19968
             52.6779 -0.393177   31.3513 -0.334215   0.0122234 -0.00491925    -0.01353 -0.00131578  0.00331214 -0.00048749 -0.00170697 0.000313871 -0.00411338 -0.00688967 -0.00100914 -0.00296369 0.010547        0        0 0
             52.7777 -0.387546   31.4068 -0.301539   0.0147029 -0.00683064   -0.012708  0.0146067 -0.0118867 0.00541628 -0.00170893  0.00030134 -0.00412931   -0.0069798 -0.000905643  -0.00306742 0.0105438         0         0 19968
             52.7777 -0.387546   31.4068 -0.301539    0.014709 -0.00682066  -0.0127087  0.0146503 -0.0118178 0.00541257 -0.00170893 0.000301339 -0.00412932 -0.00698007 -0.00090612 -0.00306755 0.010225        0        0 0
             52.8781 -0.389351    31.367 -0.307744   0.0146834 -0.00727127  -0.0137805   0.0025908 -0.00726214 -0.00637887 -0.00171278 0.000310292 -0.00413681  -0.00696864 -0.000939289  -0.00296051 0.0102266         0         0 20064
             52.8781 -0.389351    31.367 -0.307744   0.0146929 -0.00726645  -0.0137779  0.00265667  -0.0072277 -0.00635887 -0.00171276 0.000310288 -0.00413681  -0.00696895 -0.000939522  -0.00296087 0.0111181         0         0 0
             52.9779  -0.40945   31.3841 -0.326215   0.0143288 -0.00733495  -0.0136694 -0.00323048 -0.00295919 -0.00127376  -0.0017136 0.000307536 -0.00414263 -0.00693453 -0.00096852 -0.00297752 0.0111183         0         0 19968
             52.9779  -0.40945   31.3841 -0.326215   0.0143394 -0.00732567  -0.0136705 -0.00315583   -0.002894 -0.00127933 -0.00171359 0.000307536 -0.00414264 -0.00693499 -0.00096897 -0.00297775 0.0114471         0         0 0
             53.0777 -0.396814    31.402 -0.324982   0.0126007 -0.00559711   -0.014153  -0.0145028   0.0108732 -0.00368895 -0.00171933 0.000306147  -0.0041511 -0.00689495 -0.00106263 -0.00292796 0.01145       0       0 19968
             53.0777 -0.396814    31.402 -0.324982    0.012604 -0.00558693  -0.0141596  -0.0144809   0.0109431 -0.00373491 -0.00171934 0.000306143  -0.0041511 -0.00689525 -0.00106312 -0.00292776 0.0107109         0         0 0
             53.1781 -0.355997   31.4126 -0.297061   0.0122418 -0.00442755  -0.0150314 -0.00841663   0.0111845 -0.00714661 -0.00172901 0.000305027 -0.00416396 -0.00695749 -0.00106899 -0.00293564 0.0107096         0         0 20064
             53.1781 -0.355997   31.4126 -0.297061    0.012246 -0.00441954  -0.0150331 -0.00838666   0.0112398 -0.00715708 -0.00172901 0.000305023 -0.00416397 -0.00695771 -0.00106937 -0.00293568 0.0105534         0         0 0
             53.2779  -0.34249   31.3851 -0.294544   0.0119439 -0.00618566  -0.0146482 -0.00660029  -0.0084879 0.000850387 -0.00173851 0.000311398 -0.00417349  -0.00695456 -0.000939723  -0.00299727 0.0105521         0         0 19968
             53.2779  -0.34249   31.3851 -0.294544   0.0119517 -0.00617516  -0.0146517 -0.00654604 -0.00841639 0.000827756  -0.0017385  0.00031139 -0.00417349  -0.00695496 -0.000940218  -0.00299732 0.0111754         0         0 0
             53.3777 -0.400793   31.4041 -0.318671   0.0124039 -0.00570399  -0.0139001 -0.000170855   0.00108603   0.00646413 -0.00173379 0.000307247 -0.00417808 -0.00698868 -0.00100561  -0.0030597 0.0111733         0         0 19968
             53.3777 -0.400793   31.4041 -0.318671   0.0124085 -0.00569552  -0.0139019 -0.000139578    0.0011441   0.00645266 -0.00173379 0.000307246 -0.00417809 -0.00698891 -0.00100601 -0.00305974 0.00986734          0          0 0
             53.4781 -0.353334   31.3897 -0.283209   0.0124777 -0.00528361  -0.0143509 -0.00147592  0.00338351 2.56771e-05 -0.00174271 0.000310879 -0.00419258 -0.00702547 -0.00102154 -0.00301595 0.00986761          0          0 20064
             53.4781 -0.353334   31.3897 -0.283209   0.0124852 -0.00527478  -0.0143518 -0.00142302  0.00344468 2.14622e-05  -0.0017427 0.000310875 -0.00419259 -0.00702579 -0.00102196 -0.00301611 0.0101969         0         0 0
             53.5779 -0.389931    31.396 -0.311845   0.0133384 -0.00607352   -0.013947  0.00344132 -0.00421424  0.00409883 -0.00174323 0.000309998 -0.00419716  -0.00705797 -0.000972846  -0.00306135 0.0101957         0         0 19968
             53.5779 -0.389931    31.396 -0.311845   0.0133423 -0.00606983  -0.0139459  0.00346868 -0.00418878  0.00410691 -0.00174323     0.00031 -0.00419716   -0.0070581 -0.000973021   -0.0030615 0.0110084         0         0 0
             53.6778 -0.369884   31.3762 -0.315206  0.0130856 -0.0049188  -0.014004 -0.00256307  0.00642868  0.00173868  -0.0017496 0.000314819  -0.0042043 -0.00705058  -0.0010479 -0.00303102 0.0110103         0         0 19968
             53.6778 -0.369884   31.3762 -0.315206   0.0130936 -0.00490926  -0.0140031 -0.00250584  0.00649542  0.00174631 -0.00174959 0.000314816 -0.00420431 -0.00705089 -0.00104836 -0.00303127 0.0107121         0         0 0
             53.7781 -0.385464   31.4051 -0.292633   0.0121098 -0.00637733  -0.0133377 -0.0101161 -0.0080936 0.00595908 -0.00174811 0.000310688  -0.0042178  -0.00701175 -0.000950054   -0.0030365 0.0107149         0         0 20064
             53.7781 -0.385464   31.4051 -0.292633   0.0121163 -0.00636786  -0.0133389  -0.0100701 -0.00802849  0.00595215 -0.00174811 0.000310685  -0.0042178  -0.00701204 -0.000950506  -0.00303663 0.0100674         0         0 0
             53.8779 -0.401408   31.3959 -0.304169   0.0127369 -0.00794555  -0.0129392 -0.00103089  -0.0132844   0.0055337 -0.00175219 0.000312453 -0.00422399 -0.00708361 -0.00091635 -0.00307376 0.0100663         0         0 19968
             53.8779 -0.401408   31.3959 -0.304169   0.0127444 -0.00793188  -0.0129403 -0.000977147   -0.0131911   0.00552839 -0.00175218 0.000312448 -0.00422401  -0.00708394 -0.000917001  -0.00307392 0.0107799         0         0 0
             53.9778 -0.375375   31.3758 -0.297785   0.0138994 -0.00766883  -0.0131432  0.00639237 -0.00311331 0.000765114 -0.00175787 0.000316058 -0.00423359  -0.00715525 -0.000994702  -0.00307804 0.0107813         0         0 19968
             53.9778 -0.375375   31.3758 -0.297785   0.0139055 -0.00765764   -0.013143  0.00643604 -0.00303584 0.000767376 -0.00175787 0.000316058  -0.0042336  -0.00715549 -0.000995243  -0.00307822 0.0103748         0         0 0
             54.0781   -0.4018   31.4027 -0.304314  0.0133234 -0.0064609 -0.0129424 -0.00328852   0.0064574  0.00151506 -0.00175657 0.000312458 -0.00423985 -0.00710844 -0.00106324 -0.00305627 0.010376        0        0 20064
             54.0781   -0.4018   31.4027 -0.304314  0.0133307 -0.0064508 -0.0129436 -0.00323648  0.00652683  0.00150842 -0.00175657 0.000312453 -0.00423985 -0.00710878 -0.00106372 -0.00305642 0.0110789         0         0 0
             54.1779 -0.374704   31.3814 -0.315432   0.0135977 -0.00488925  -0.0121866 -0.000456422     0.012326   0.00552393 -0.00176536  0.00031694 -0.00424681 -0.00712209  -0.0011061 -0.00310173 0.0110787         0         0 19968
             54.1779 -0.374704   31.3814 -0.315432   0.0136007 -0.00488499  -0.0121936 -0.000437182    0.0123552   0.00547524 -0.00176537 0.000316937 -0.00424682 -0.00712239 -0.00110631  -0.0031015 0.00905326          0          0 0
             54.2778 -0.376861   31.3919 -0.303305   0.0141735 -0.00550239  -0.0133363  0.00170056 -0.00102597 -0.00668781 -0.00176913 0.000316053 -0.00425836 -0.00719577 -0.00101954 -0.00304225 0.00905474          0          0 19968
             54.2778 -0.376861   31.3919 -0.303305     0.01418 -0.00549222  -0.0133376   0.00174785 -0.000956711  -0.00669343 -0.00176912 0.000316051 -0.00425837 -0.00719607 -0.00102003 -0.00304239 0.0109061         0         0 0
             54.3781 -0.376982    31.361 -0.299869   0.0145737 -0.00582038  -0.0151681  0.00111807 -0.00321539  -0.0152994 -0.00177321 0.000321884 -0.00426781 -0.00724248 -0.00100783 -0.00299876 0.0109065         0         0 20064
             54.3781 -0.376982    31.361 -0.299869   0.0145784 -0.00581014  -0.0151737  0.00115105 -0.00314514  -0.0153373 -0.00177321 0.000321882 -0.00426783 -0.00724282 -0.00100832 -0.00299865 0.0111236         0         0 0
             54.4779 -0.368594     31.39 -0.281592   0.0147423 -0.00675824  -0.0159375 -0.000538988  -0.00771292   -0.0104982 -0.00177768 0.000316367  -0.0042796   -0.0072333 -0.000977753   -0.0030333 0.0111235         0         0 19968
             54.4779 -0.368594     31.39 -0.281592   0.0147482 -0.00674916  -0.0159401 -0.000497227  -0.00765016   -0.0105153 -0.00177768 0.000316364 -0.00427961  -0.00723361 -0.000978194  -0.00303335 0.0101781         0         0 0
             54.5778 -0.355269   31.3911 -0.282909   0.0147974 -0.00587408  -0.0141314 -0.000584571   0.00323294   0.00916089 -0.00178369 0.000316735 -0.00428792 -0.00717208 -0.00105616 -0.00316183 0.0101774         0         0 19968
             54.5778 -0.355269   31.3911 -0.282909   0.0148008 -0.00586947    -0.01413 -0.000559159   0.00326446   0.00917124 -0.00178368 0.000316731 -0.00428793 -0.00717219 -0.00105638 -0.00316199 0.0111955         0         0 0
             54.6781 -0.390859    31.366 -0.319701   0.0140174 -0.00569122   -0.012903 -0.00720059  0.00162094   0.0112796 -0.00178401 0.000322577   -0.004291   -0.007143 -0.00104984 -0.00315753 0.0111961         0         0 20064
             54.6781 -0.390859    31.366 -0.319701   0.0140228 -0.00568103  -0.0129023 -0.00716309  0.00169115   0.0112849 -0.00178401 0.000322575   -0.004291  -0.0071432 -0.00105034  -0.0031577 0.00990732          0          0 0
             54.7779 -0.360267   31.3971  -0.28256  0.0135685 -0.0050896 -0.0129873 -0.0074926 0.00473379  0.0032952 -0.00179148 0.000317918 -0.00430439 -0.00719263 -0.00107167 -0.00311446 0.00990787          0          0 19968
             54.7779 -0.360267   31.3971  -0.28256    0.013574 -0.00508478  -0.0129856 -0.00745345  0.00476795  0.00330848 -0.00179147 0.000317914 -0.00430438 -0.00719282  -0.0010719 -0.00311469 0.0104203         0         0 0
             54.8778  -0.37852   31.3564 -0.300946   0.0141816 -0.00574145  -0.0130514 -5.22573e-05  -0.00259136   0.00160872 -0.00179332 0.000325571 -0.00431075 -0.00726362 -0.00102107 -0.00313109 0.0104195         0         0 19968
             54.8778  -0.37852   31.3564 -0.300946   0.0141851 -0.00573554  -0.0130576 -2.91803e-05  -0.00255128   0.00156613 -0.00179333 0.000325566 -0.00431075 -0.00726391 -0.00102135 -0.00313091 0.00979076          0          0 0
             54.9781 -0.381743   31.3891 -0.315433   0.0134379 -0.00609772  -0.0139064  -0.0071641 -0.00361992 -0.00542277 -0.00179714 0.000319983 -0.00431806 -0.00726525 -0.00101882 -0.00307135 0.00979255          0          0 20064
             54.9781 -0.381743   31.3891 -0.315433   0.0134412 -0.00608945  -0.0139064 -0.00713954 -0.00356386 -0.00542124 -0.00179713 0.000319983 -0.00431807 -0.00726539 -0.00101921 -0.00307145 0.0107858         0         0 0
             55.0779 -0.372241   31.4087 -0.308344   0.0116625 -0.00676086  -0.0143901  -0.0161493 -0.00627304 -0.00510881 -0.00180196 0.000317459 -0.00432839 -0.00722372 -0.00100685 -0.00304994 0.0107867         0         0 19968
             55.0779 -0.372241   31.4087 -0.308344   0.0116676 -0.00675204  -0.0143905  -0.0161126  -0.0062114 -0.00511048 -0.00180195  0.00031746  -0.0043284 -0.00722395 -0.00100728 -0.00305007 0.0106155         0         0 0
             55.1778 -0.369238   31.3802 -0.317017   0.0119176 -0.00619549  -0.0150923 -0.00484588  0.00215735 -0.00531496 -0.00180644 0.000323844 -0.00433439 -0.00730837 -0.00106889 -0.00309542 0.0106139         0         0 19968
             55.1778 -0.369238   31.3802 -0.317017   0.0119253 -0.00619034  -0.0150941 -0.00479164  0.00219333 -0.00532624 -0.00180643 0.000323843 -0.00433439 -0.00730874 -0.00106914 -0.00309555 0.0109254         0         0 0
             55.2781 -0.342634   31.3809 -0.284103   0.0132885 -0.00525833  -0.0148686 0.00571206 0.00716594 0.00125641 -0.00181102 0.000323133 -0.00434857 -0.00736925 -0.00110888 -0.00318294 0.0109195         0         0 20064
             55.2781 -0.342634   31.3809 -0.284103   0.0132909 -0.00525553  -0.0148722 0.00572792 0.00718492 0.00123143 -0.00181101 0.000323135 -0.00434858 -0.00736944 -0.00110902 -0.00318284 0.0110034         0         0 0
             55.3779 -0.380179   31.3838 -0.308908   0.0134061 -0.00572301  -0.0134261  0.00110506 -0.00114396   0.0113381  -0.0018109 0.000323984 -0.00435378 -0.00731875  -0.0010561 -0.00323159 0.0110009         0         0 19968
             55.3779 -0.380179   31.3838 -0.308908   0.0134103 -0.00571867  -0.0134281  0.00113468 -0.00111385   0.0113254 -0.00181089 0.000323983 -0.00435377 -0.00731898 -0.00105631 -0.00323162 0.0114369         0         0 0
             55.4778 -0.343523   31.3771 -0.289184  0.0127782 -0.0063974 -0.0142151  -0.0060547 -0.00524156 -0.00165723 -0.00182032 0.000326684 -0.00436528    -0.00734 -0.00103102 -0.00313183 0.0114425         0         0 19968
             55.4778 -0.343523   31.3771 -0.289184   0.0127874 -0.00638951  -0.0142166 -0.00599139 -0.00518676 -0.00166618 -0.00182031 0.000326682 -0.00436529 -0.00734042 -0.00103141 -0.00313201 0.010721        0        0 0
             55.5781 -0.381482   31.3703 -0.312697   0.0130079 -0.00678943  -0.0145493 -0.00186781 -0.00420473 -0.00215839 -0.00181938 0.000328758 -0.00436937 -0.00738319 -0.00104083 -0.00315182 0.0107201         0         0 20064
             55.5781 -0.381482   31.3703 -0.312697   0.0130107 -0.00678205  -0.0145496 -0.00184909 -0.00415377 -0.00216005 -0.00181938  0.00032876 -0.00436938 -0.00738331 -0.00104119 -0.00315188 0.00948705          0          0 0
             55.6779 -0.378363   31.4058 -0.306895   0.0129441 -0.00662003  -0.0143115  -0.00225418 -0.000513581   0.00131964 -0.00182318 0.000322813 -0.00437732 -0.00738286 -0.00107233 -0.00318113 0.0094869         0         0 19968
             55.6779 -0.378363   31.4058 -0.306895   0.0129496 -0.00661228  -0.0143096  -0.00221493 -0.000460545   0.00133437 -0.00182317  0.00032281 -0.00437732 -0.00738303  -0.0010727 -0.00318136 0.0106557         0         0 0
             55.7778 -0.372439   31.3854 -0.305946  0.0135927 -0.0060926 -0.0142636  0.00232113  0.00269428 0.000906818 -0.00182705 0.000327385 -0.00438588 -0.00742736 -0.00110265 -0.00320582 0.0106523         0         0 19968
             55.7778 -0.372439   31.3854 -0.305946   0.0135977 -0.00608305  -0.0142643   0.0023567  0.00276009 0.000903457 -0.00182705 0.000327386 -0.00438588 -0.00742758 -0.00110312 -0.00320593 0.0104743         0         0 0
             55.8781 -0.348649   31.3743 -0.301024   0.0140643 -0.00556119  -0.0147282 0.00215575 0.00338753 -0.0033532 -0.00183563 0.000330173 -0.00439485  -0.0074578 -0.00111509 -0.00319123 0.0104744         0         0 20064
             55.8781 -0.348649   31.3743 -0.301024   0.0140728 -0.00555621   -0.014727  0.00221577  0.00342311 -0.00334329 -0.00183561  0.00033017 -0.00439486 -0.00745813 -0.00111534 -0.00319151 0.0101373         0         0 0
             55.9779 -0.392552   31.3907 -0.316498   0.0144912 -0.00488928  -0.0139388 0.00234937 0.00450116 0.00406051 -0.00183245 0.000327627 -0.00440012 -0.00744515 -0.00112999 -0.00324881 0.0101365         0         0 19968
             55.9779 -0.392552   31.3907 -0.316498   0.0144929 -0.00488463  -0.0139413 0.00236146  0.0045326 0.00404306 -0.00183245  0.00032763 -0.00440012 -0.00744529 -0.00113021 -0.00324874 0.0103839         0         0 0
             56.0778 -0.377822   31.4062 -0.293253   0.0145344 -0.00571129  -0.0132486 -0.000740346  -0.00472894   0.00537715 -0.00183671 0.000325152 -0.00441321 -0.00743599 -0.00106593 -0.00325587 0.0103831         0         0 19968
             56.0778 -0.377822   31.4062 -0.293253   0.0145408 -0.00570122  -0.0132543 -0.000695262  -0.00465976   0.00533857  -0.0018367 0.000325143 -0.00441321 -0.00743641 -0.00106642 -0.00325579 0.0109892         0         0 0
             56.1781 -0.364804   31.3986 -0.291902  0.0134145 -0.0055719 -0.0131707 -0.00967127 -0.00129734  0.00142085   -0.001843 0.000328034  -0.0044216 -0.00741126 -0.00109424 -0.00320783 0.0109895         0         0 20064
             56.1781 -0.364804   31.3986 -0.291902   0.0134224 -0.00556527  -0.0131706 -0.00961623 -0.00125122  0.00142317 -0.00184299 0.000328035  -0.0044216 -0.00741158 -0.00109456 -0.00320805 0.0101633         0         0 0
             56.2779 -0.383917   31.3578 -0.307505   0.0138051 -0.00578794  -0.0132041  -0.0021846 -0.00207335 0.000281773 -0.00184403  0.00033529 -0.00442816 -0.00747866 -0.00109125 -0.00323506 0.010162        0        0 19968
             56.2779 -0.383917   31.3578 -0.307505   0.0138092 -0.00577983  -0.0132024 -0.00215479 -0.00201741 0.000295188 -0.00184403  0.00033529 -0.00442816 -0.00747879 -0.00109165 -0.00323526 0.0108101         0         0 0
             56.3778 -0.367918   31.4342 -0.295417   0.0132475 -0.00584562  -0.0127698 -0.00619577 -0.00117208  0.00311063 -0.00184967 0.000321288 -0.00443863 -0.00746191 -0.00109848  -0.0032447 0.0108101         0         0 19968
             56.3778 -0.367918   31.4342 -0.295417   0.0132523 -0.00583984   -0.012769 -0.00616157 -0.00113221  0.00311792 -0.00184966  0.00032128 -0.00443862 -0.00746208 -0.00109876 -0.00324488 0.0111805         0         0 0
             56.4781 -0.365238   31.3939 -0.320072   0.0132391 -0.00568693    -0.01381  -0.0037864 0.000567732 -0.00636939 -0.00185591 0.000329601 -0.00444304 -0.00752668 -0.00111483 -0.00320079 0.0111799         0         0 20064
             56.4781 -0.365238   31.3939 -0.320072   0.0132461 -0.00567781  -0.0138095 -0.00373751 0.000630853 -0.00636445  -0.0018559 0.000329604 -0.00444304 -0.00752696 -0.00111528   -0.003201 0.0104483         0         0 0
             56.5779  -0.36642   31.3757 -0.313117   0.0132111 -0.00605206   -0.015257 -0.00367184 -0.00260527  -0.0118994 -0.00186229 0.000334892 -0.00445134 -0.00756798 -0.00109566 -0.00317501 0.0104482         0         0 19968
             56.5779  -0.36642   31.3757 -0.313117   0.0132215 -0.00604383  -0.0152595 -0.00359892 -0.00254803   -0.011915 -0.00186228 0.000334888 -0.00445136 -0.00756848 -0.00109607 -0.00317518 0.0106459         0         0 0
             56.6778  -0.39402    31.425 -0.321992   0.0113962 -0.00528513  -0.0136292   -0.01467 0.00444402 0.00808429 -0.00185879 0.000326225 -0.00445924 -0.00744205 -0.00114643 -0.00326393 0.0106473         0         0 19968
             56.6778  -0.39402    31.425 -0.321992   0.0113993 -0.00527758  -0.0136329 -0.0146481 0.00449496 0.00805952 -0.00185878 0.000326222 -0.00445924 -0.00744228 -0.00114679 -0.00326386 0.0110933         0         0 0
             56.8779 -0.403823   31.3979 -0.328503   0.0119915 -0.00575447  -0.0118421  0.00066294 -0.00192899   0.0102877 -0.00186498 0.000331901  -0.0044756 -0.00755312 -0.00110487 -0.00334096 0.0110916         0         0 40032
             56.8779 -0.403823   31.3979 -0.328503   0.0119957 -0.00574761  -0.0118438 0.000683917 -0.00189389   0.0102797 -0.00186498 0.000331902 -0.00447561 -0.00755327 -0.00110511 -0.00334099 0.0103042         0         0 0
             56.9778 -0.356097   31.3849 -0.304125   0.0143614 -0.00445069  -0.0121043  0.0151069 0.00917635  0.0025693 -0.00187343 0.000333605 -0.00448856 -0.00767964 -0.00117764 -0.00334545 0.0103037         0         0 19968
             56.9778 -0.356097   31.3849 -0.304125   0.0143677 -0.00444305  -0.0121011  0.0151545 0.00923127 0.00259331 -0.00187342 0.000333603 -0.00448857 -0.00767981   -0.001178 -0.00334577 0.0102241         0         0 0
             57.0781 -0.389712   31.3798  -0.30134   0.0143977 -0.00692486  -0.0130356  0.00233253  -0.0141436 -0.00469682 -0.00187129 0.000336082 -0.00449873 -0.00765327 -0.00102279 -0.00325544 0.0102252         0         0 20064
             57.0781 -0.389712   31.3798  -0.30134   0.0144021 -0.00691787  -0.0130384  0.00236354  -0.0140952 -0.00471604 -0.00187128 0.000336075 -0.00449873 -0.00765352 -0.00102312 -0.00325543 0.0104251         0         0 0
             57.1779 -0.380888   31.3753 -0.316853   0.0150176 -0.00575393  -0.0150623 0.00338399  0.0032559 -0.0146106 -0.00187568 0.000337568 -0.00450387 -0.00771295 -0.00115064 -0.00320356 0.0104252         0         0 19968
             57.1779 -0.380888   31.3753 -0.316853   0.0150228 -0.00574521  -0.0150626 0.00342087 0.00331637 -0.0146116 -0.00187567 0.000337569 -0.00450388 -0.00771317 -0.00115107 -0.00320369 0.0110316         0         0 0
             57.2778 -0.368169   31.4059 -0.313254   0.0144221 -0.00579028  -0.0150828 -0.00436834 0.000187743 -0.00409479 -0.00188124 0.000332478 -0.00451353 -0.00763996 -0.00113338  -0.0032481 0.0110321         0         0 19968
             57.2778 -0.368169   31.4059 -0.313254    0.014428 -0.00578244  -0.0150827 -0.00432622 0.000242112 -0.00409299 -0.00188123 0.000332478 -0.00451354  -0.0076402 -0.00113377 -0.00324827 0.011106        0        0 0
             57.3781  -0.37632   31.4017 -0.309692   0.0142638 -0.00475154  -0.0134525 -0.00339841  0.00654881   0.0106337   -0.001881 0.000333717 -0.00452319 -0.00760312 -0.00118457 -0.00335305 0.0111067         0         0 20064
             57.3781  -0.37632   31.4017 -0.309692   0.0142674 -0.00474547  -0.0134563 -0.00337308  0.00659004    0.010608   -0.001881 0.000333714  -0.0045232 -0.00760337 -0.00118487 -0.00335298 0.0112639         0         0 0
             57.4779 -0.396489   31.3932  -0.33047   0.0138208 -0.00548116  -0.0113792 -0.00554515 -0.00331759    0.017738 -0.00188394 0.000336565 -0.00452902 -0.00757645 -0.00111627 -0.00339868 0.0112663         0         0 19968
             57.4779 -0.396489   31.3932  -0.33047   0.0138254 -0.00547369  -0.0113824 -0.00551279 -0.00326623   0.0177169 -0.00188393 0.000336559 -0.00452902 -0.00757673 -0.00111664 -0.00339867 0.0106543         0         0 0
             57.5778 -0.388529   31.3986 -0.311626   0.0131338 -0.00641821  -0.0118346 -0.00815632 -0.00804359  0.00170956 -0.00188667 0.000336047 -0.00454108 -0.00763366  -0.0010856  -0.0032973 0.0106546         0         0 19968
             57.5778 -0.388529   31.3986 -0.311626   0.0131398 -0.00641072  -0.0118388 -0.00811473 -0.00799221  0.00168151 -0.00188667 0.000336047 -0.00454109 -0.00763402 -0.00108597 -0.00329728 0.0101693         0         0 0
             57.6781 -0.376762   31.4035 -0.292672    0.012995 -0.00571404  -0.0131731 -0.00485522   0.0013665 -0.00906606 -0.00189048  0.00033533 -0.00455172 -0.00770802 -0.00115915 -0.00325063 0.0101694         0         0 20064
             57.6781 -0.376762   31.4035 -0.292672    0.012998 -0.00570588  -0.0131726 -0.00483321  0.00142253 -0.00906159 -0.00189047 0.000335329 -0.00455173 -0.00770813 -0.00115956 -0.00325074 0.0103387         0         0 0
             57.7779 -0.389874   31.4008 -0.313903   0.0134727 -0.00656206  -0.0140245 0.000158623 -0.00609524 -0.00911949 -0.00189349 0.000336053 -0.00455823 -0.00775334 -0.00111138 -0.00327875 0.0103375         0         0 19968
             57.7779 -0.389874   31.4008 -0.313903   0.0134783 -0.00655088  -0.0140246 0.000199029 -0.00601933 -0.00911845 -0.00189348  0.00033605 -0.00455824 -0.00775358 -0.00111193 -0.00327891 0.0109018         0         0 0
             57.8778 -0.370453   31.3989 -0.308798   0.0139607 -0.00545891  -0.0141445  0.00244891   0.0051922 -0.00388879 -0.00190097  0.00033721 -0.00456694 -0.00776047 -0.00119348 -0.00332848 0.0109015         0         0 19968
             57.8778 -0.370453   31.3989 -0.308798   0.0139653 -0.00545426  -0.0141435  0.00248203  0.00522512 -0.00388047 -0.00190096 0.000337207 -0.00456694 -0.00776064 -0.00119372 -0.00332866 0.011354        0        0 0
             57.9781 -0.361401   31.4001 -0.273485   0.0142802 -0.00566939  -0.0140725   0.00137479 -0.000493494  -0.00110149 -0.00190388 0.000337797 -0.00458203 -0.00775854 -0.00115709 -0.00334972 0.0113545         0         0 20064
             57.9781 -0.361401   31.4001 -0.273485   0.0142907 -0.00566499  -0.0140726   0.0014474 -0.00046165 -0.00110004 -0.00190387 0.000337794 -0.00458203 -0.00775898 -0.00115732    -0.00335 0.0113472         0         0 0
             58.0779 -0.395028   31.4028 -0.310407   0.0125262 -0.00672886  -0.0123963 -0.0130155 -0.0076981  0.0108378 -0.00190645 0.000339824 -0.00458486 -0.00764025 -0.00110476 -0.00337844 0.0113489         0         0 19968
             58.0779 -0.395028   31.4028 -0.310407   0.0125301 -0.00672481  -0.0124019  -0.0129898 -0.00767034   0.0107999 -0.00190645 0.000339818 -0.00458486 -0.00764055 -0.00110496  -0.0033783 0.0105943         0         0 0
             58.1778 -0.399995   31.4148 -0.334795   0.0126387 -0.00721158  -0.0118599 -0.00464039 -0.00578794  0.00729273 -0.00190967   0.0003366 -0.00459021 -0.00771868  -0.0011201 -0.00339116 0.0105941         0         0 19968
             58.1778 -0.399995   31.4148 -0.334795   0.0126427 -0.00720249  -0.0118592 -0.00461174 -0.00572519  0.00729913 -0.00190967   0.0003366 -0.00459022 -0.00771883 -0.00112055 -0.00339131 0.0103199         0         0 0
             58.2781 -0.388852   31.4048 -0.312749   0.0126883 -0.00504253  -0.0124389 -0.00246987   0.0129515 -0.00178798 -0.00191426 0.000339387  -0.0046016 -0.00778136   -0.001255 -0.00334909 0.0103189         0         0 20064
             58.2781 -0.388852   31.4048 -0.312749   0.0126941 -0.00503753  -0.0124368 -0.00242833   0.0129866 -0.00177227 -0.00191425 0.000339387  -0.0046016 -0.00778155 -0.00125525 -0.00334935 0.0106062         0         0 0
             58.3779 -0.372317   31.3963 -0.298079   0.0134471 -0.00444558   -0.013891 0.00296632 0.00741522 -0.0113299 -0.00191957 0.000341044  -0.0046127 -0.00786004 -0.00122497 -0.00332158 0.0106027         0         0 19968
             58.3779 -0.372317   31.3963 -0.298079   0.0134527 -0.00443663  -0.0138902 0.00300678 0.00747717 -0.0113231 -0.00191956  0.00034104 -0.00461272 -0.00786025 -0.00122541 -0.00332178 0.0107589         0         0 0
             58.4778 -0.388079   31.3826 -0.297675   0.0125261 -0.00626745  -0.0136484  -0.0075048  -0.0101243 -0.00154476 -0.00192366 0.000345476 -0.00462201 -0.00777865 -0.00109914 -0.00335024 0.0107576         0         0 19968
             58.4778 -0.388079   31.3826 -0.297675   0.0125326 -0.00626045  -0.0136472 -0.00745851  -0.0100757  -0.0015347 -0.00192365  0.00034547 -0.00462201 -0.00777889 -0.00109949 -0.00335048 0.0112093         0         0 0
             58.5781 -0.395646   31.3662 -0.316498    0.012771 -0.00660594  -0.0139284 -0.00271008 -0.00522904 -0.00154148 -0.00192819 0.000348211 -0.00462729 -0.00782856 -0.00113522  -0.0033747 0.011207        0        0 20064
             58.5781 -0.395646   31.3662 -0.316498   0.0127771 -0.00659593  -0.0139281 -0.00266586 -0.00515968 -0.00153812 -0.00192818 0.000348208  -0.0046273 -0.00782882 -0.00113573 -0.00337489 0.0107847         0         0 0
              58.678 -0.396379   31.3729  -0.31213   0.0136271 -0.00688207  -0.0142326  0.00293524 -0.00303706 -0.00130227 -0.00193217  0.00034667 -0.00463572 -0.00788262 -0.00115049 -0.00340177 0.0107825         0         0 19968
              58.678 -0.396379   31.3729  -0.31213   0.0136303 -0.00687612  -0.0142394  0.00295745 -0.00299597 -0.00134943 -0.00193218 0.000346659 -0.00463572 -0.00788294 -0.00115079 -0.00340155 0.0119072         0         0 0
             58.7778 -0.410747   31.3842 -0.302981   0.0128876 -0.00755259  -0.0135332 -0.00571635 -0.00574002  0.00551414 -0.00193256 0.000345316 -0.00464593 -0.00782163 -0.00113335 -0.00341743 0.0119086         0         0 19968
             58.7778 -0.410747   31.3842 -0.302981  0.0128892 -0.0075465 -0.0135387 -0.00570725 -0.00569924  0.00547669 -0.00193257 0.000345315 -0.00464594 -0.00782183 -0.00113365 -0.00341723 0.0107412         0         0 0
             58.8781 -0.413753   31.4083 -0.311043   0.0137157 -0.00669298  -0.0135073 0.00273081 0.00433274 0.00310689 -0.00193537 0.000340458 -0.00465199 -0.00789703 -0.00120638  -0.0034382 0.0107421         0         0 20064
             58.8781 -0.413753   31.4083 -0.311043  0.0137182  -0.006685 -0.0135056 0.00274932 0.00438756 0.00311925 -0.00193537 0.000340459 -0.00465198  -0.0078971 -0.00120677 -0.00343836 0.0107088         0         0 0
              58.978 -0.396663   31.4109 -0.311472   0.0131046 -0.00576762  -0.0138258  -0.00466789    0.0073408 -0.000562838 -0.00194343 0.000342867 -0.00465954 -0.00787765 -0.00123221  -0.0033908 0.0107096         0         0 19968
              58.978 -0.396663   31.4109 -0.311472   0.0131083 -0.00576187  -0.0138272 -0.0046431 0.00737994 -0.0005717 -0.00194343 0.000342866 -0.00465954 -0.00787784  -0.0012325 -0.00339083 0.00901501          0          0 0
             59.0778 -0.350776   31.3944  -0.30339   0.0135229 -0.00474445  -0.0144419 0.000336233  0.00836364 -0.00411209 -0.00195307 0.000345845  -0.0046704 -0.00793281 -0.00124967 -0.00339579 0.00901426          0          0 19968
             59.0778 -0.350776   31.3944  -0.30339   0.0135282 -0.00474099  -0.0144409 0.000374009  0.00838814 -0.00410459 -0.00195306 0.000345846 -0.00467039 -0.00793301 -0.00124985 -0.00339598 0.0101343         0         0 0
             59.1781 -0.383338   31.3758 -0.312656   0.0129747 -0.00554537  -0.0136862 -0.00551833 -0.00326776  0.00416148 -0.00195201 0.000351488 -0.00467768 -0.00788312 -0.00116824 -0.00343573 0.010136        0        0 20064
             59.1781 -0.383338   31.3758 -0.312656   0.0129788 -0.00554287  -0.0136903 -0.00548998 -0.00325033  0.00413382 -0.00195201 0.000351484 -0.00467768  -0.0078834 -0.00116837 -0.00343566 0.0103173         0         0 0
              59.278 -0.376763   31.3757 -0.319022   0.0136075 -0.00606674  -0.0143077 0.000977539 -0.00524786 -0.00332228 -0.00195747 0.000351888 -0.00468514 -0.00796502 -0.00116075 -0.00342361 0.0103167         0         0 19968
              59.278 -0.376763   31.3757 -0.319022   0.0136116 -0.00605877  -0.0143072  0.00100672 -0.00519287 -0.00331776 -0.00195746 0.000351887 -0.00468515 -0.00796518 -0.00116115 -0.00342375 0.0104403         0         0 0
             59.3778 -0.367188   31.3806 -0.278785   0.0136222 -0.00688502  -0.0157391 -0.00118882 -0.00849912  -0.0115761 -0.00195699 0.000351616 -0.00470211 -0.00799746 -0.00114562 -0.00337314 0.0104402         0         0 19968
             59.3778 -0.367188   31.3806 -0.278785   0.0136264 -0.00688554   -0.015739 -0.00116028 -0.00850161  -0.0115751 -0.00195698 0.000351618  -0.0047021 -0.00799763  -0.0011456 -0.00337326 0.0102605         0         0 0
             59.4781 -0.398695   31.4161 -0.312113  0.0135646  -0.006563 -0.0139332  -0.0010614 -0.00141295  0.00834073 -0.00195858 0.000345024 -0.00470374    -0.00793 -0.00120248 -0.00351154 0.0102571         0         0 20064
             59.4781 -0.398695   31.4161 -0.312113   0.0135709 -0.00655397  -0.0139349 -0.00101706 -0.00135132  0.00833057 -0.00195857 0.000345017 -0.00470375 -0.00793031 -0.00120293 -0.00351164 0.0106564         0         0 0
              59.578 -0.409334   31.3704 -0.322027   0.0134101 -0.00685878  -0.0136023 -0.00281087 -0.00284582  0.00390439 -0.00196221 0.000355115 -0.00471138 -0.00794834 -0.00119262  -0.0034869 0.0106568         0         0 19968
              59.578 -0.409334   31.3704 -0.322027   0.0134135 -0.00684855  -0.0136071 -0.00278677 -0.00277574  0.00387153  -0.0019622 0.000355113  -0.0047114 -0.00794862 -0.00119313 -0.00348678 0.0105863         0         0 0
             59.6778  -0.39507   31.4128 -0.308452    0.013896 -0.00581368  -0.0125535  0.0016052 0.00600228 0.00813131 -0.00196683 0.000347389 -0.00472197 -0.00797191 -0.00126006 -0.00353889 0.0105866         0         0 19968
             59.6778  -0.39507   31.4128 -0.308452   0.0139037 -0.00580562  -0.0125531 0.00166055 0.00605834 0.00813623 -0.00196682  0.00034738 -0.00472197 -0.00797223 -0.00126047 -0.00353913 0.0110496         0         0 0
             59.7781 -0.390081   31.3667 -0.305123  0.0131445 -0.0060283 -0.0138216  -0.00682773 -0.000322364  -0.00750635 -0.00197334 0.000358535 -0.00473014 -0.00799719  -0.0012157 -0.00341835 0.0110497         0         0 20064
             59.7781 -0.390081   31.3667 -0.305123  0.0131515 -0.0060205 -0.0138207  -0.00677895 -0.000268113  -0.00749791 -0.00197333  0.00035853 -0.00473016 -0.00799746  -0.0012161 -0.00341859 0.00974344          0          0 0
              59.878  -0.41369   31.4058 -0.363683   0.0130714 -0.00654802  -0.0144683 -0.00447861 -0.00394817 -0.00723885 -0.00197736 0.000350478 -0.00472978 -0.00802628 -0.00119323 -0.00343901 0.00974286          0          0 19968
              59.878  -0.41369   31.4058 -0.363683   0.0130759 -0.00653897  -0.0144686 -0.00444661 -0.00388607 -0.00724021 -0.00197735 0.000350475 -0.00472979 -0.00802648 -0.00119369 -0.00343912 0.0102382         0         0 0
             59.9778 -0.383781   31.4018  -0.31531   0.0121852 -0.00659608  -0.0148549 -0.00912843 -0.00187189 -0.00511514 -0.00198384 0.000352731 -0.00474647  -0.0080034 -0.00120982 -0.00344192 0.0102386         0         0 19968
             59.9778 -0.383781   31.4018  -0.31531   0.0121885 -0.00658998  -0.0148539 -0.00910423 -0.00182944 -0.00510704 -0.00198383 0.000352734 -0.00474648 -0.00800352 -0.00121013 -0.00344207 0.0100507         0         0 0
             60.0781 -0.378946   31.4108 -0.322501   0.0119295 -0.00663556  -0.0143254 -0.00590496 -0.00157008  0.00211048 -0.00199032 0.000350999  -0.0047526 -0.00801074 -0.00121764 -0.00350671 0.0100501         0         0 20064
             60.0781 -0.378946   31.4108 -0.322501   0.0119349 -0.00662713  -0.0143264 -0.00586625 -0.00151217  0.00210506 -0.00199031 0.000350994 -0.00475261   -0.008011 -0.00121807 -0.00350682 0.0104509         0         0 0
              60.178 -0.388685   31.3736 -0.330534  0.0110992 -0.0070505 -0.0138645 -0.00956473 -0.00307724  0.00412346  -0.0019932 0.000358878 -0.00475981  -0.0079981 -0.00120507 -0.00351076 0.010451        0        0 19968
              60.178 -0.388685   31.3736 -0.330534    0.011107 -0.00703892  -0.0138662 -0.00951017 -0.00299807  0.00411308 -0.00199319 0.000358873 -0.00475983 -0.00799848 -0.00120565 -0.00351091 0.0105734         0         0 0
             60.2778 -0.404464   31.3708 -0.342301   0.0131401 -0.00550116  -0.0134863  0.0094994  0.0103406 0.00536218 -0.00199354 0.000358246 -0.00476654 -0.00813255 -0.00130571 -0.00359567 0.010572        0        0 19968
             60.2778 -0.404464   31.3708 -0.342301  0.0131451 -0.0054961 -0.0134868 0.00953492  0.0103765 0.00535929 -0.00199353 0.000358247 -0.00476655 -0.00813278 -0.00130598 -0.00359579 0.0102675         0         0 0
             60.3781  -0.38367   31.3787 -0.309493   0.0147484 -0.00531918  -0.0138814    0.0118049   0.00481095 -6.87565e-06 -0.00199812 0.000356772 -0.00478122 -0.00818797 -0.00126605 -0.00357377 0.0102669         0         0 20064
             60.3781  -0.38367   31.3787 -0.309493  0.0147543  -0.005318 -0.0138826    0.0118462    0.0048204 -1.30216e-05  -0.0019981  0.00035677 -0.00478122 -0.00818825 -0.00126612 -0.00357388 0.0113633         0         0 0
              60.478 -0.396633   31.3836 -0.300381   0.0148893 -0.00535479  -0.0131398 0.00257016 0.00167078  0.0066534 -0.00199916  0.00035649  -0.0047926 -0.00812829  -0.0012429 -0.00358365 0.0113651         0         0 19968
              60.478 -0.396633   31.3836 -0.300381   0.0148955 -0.00534673  -0.0131375 0.00261278 0.00172621 0.00667069 -0.00199915 0.000356487 -0.00479262 -0.00812848  -0.0012433 -0.00358392 0.0103581         0         0 0
             60.5778 -0.432853   31.3862 -0.322933    0.013245 -0.00633659  -0.0132792   -0.012526 -0.00586182  0.00185702 -0.00200006 0.000356888   -0.004799 -0.00806914 -0.00118755 -0.00349919 0.0103607         0         0 19968
             60.5778 -0.432853   31.3862 -0.322933  0.0132477 -0.0063297 -0.0132765  -0.0125056 -0.00581438   0.0018777 -0.00200006 0.000356892 -0.00479901 -0.00806918 -0.00118789  -0.0034994 0.0113107         0         0 0
             60.6781 -0.420446   31.3818 -0.328022   0.0126349 -0.00667135  -0.0136263  -0.00940555  -0.00396878 -0.000734022 -0.00200825 0.000357267 -0.00480646 -0.00811166 -0.00120552 -0.00350013 0.0113087         0         0 20064
             60.6781 -0.420446   31.3818 -0.328022   0.0126383 -0.00666361  -0.0136256  -0.00938239  -0.00391579 -0.000728383 -0.00200824 0.000357268 -0.00480647 -0.00811178 -0.00120591 -0.00350026 0.0102229         0         0 0
              60.778 -0.405217   31.3932 -0.290289   0.0126129 -0.00760608  -0.0138448 -0.00408977 -0.00774916 -0.00117341 -0.00201053 0.000355241 -0.00482178 -0.00815571 -0.00118291 -0.00352474 0.0102221         0         0 19968
              60.778 -0.405217   31.3932 -0.290289   0.0126116 -0.00760011  -0.0138481 -0.00409862 -0.00770888 -0.00119655 -0.00201053 0.000355241 -0.00482179 -0.00815575 -0.00118321 -0.00352455 0.010167        0        0 0
             60.8778 -0.432968   31.3825 -0.332656   0.0123064 -0.00750629  -0.0131543 -0.00435158 -0.00227237  0.00511801 -0.00201087 0.000358632 -0.00482264 -0.00814324  -0.0012284 -0.00357163 0.0101674         0         0 19968
             60.8778 -0.432968   31.3825 -0.332656    0.012309 -0.00750606    -0.01315 -0.00433202 -0.00226946  0.00514842 -0.00201085 0.000358629 -0.00482263 -0.00814324 -0.00122841  -0.0035719 0.0115921         0         0 0
             60.9781 -0.419727   31.3431 -0.340282   0.0143531 -0.00589296  -0.0133887   0.0114169  0.00998906 4.49016e-05 -0.00201454 0.000366338 -0.00482992 -0.00827544 -0.00132395 -0.00361391 0.0115861         0         0 20064
             60.9781 -0.419727   31.3431 -0.340282   0.0143515 -0.00589133  -0.0133932   0.0114032  0.00999923 1.27294e-05 -0.00201454 0.000366339 -0.00482992 -0.00827548 -0.00132403 -0.00361364 0.0103712         0         0 0
              61.078 -0.402017   31.3695 -0.300324   0.0141265 -0.00691681  -0.0140685 -7.85953e-05  -0.00475307  -0.00516954 -0.00201905 0.000362614 -0.00484607 -0.00824149 -0.00122016 -0.00354556 0.010373        0        0 19968
              61.078 -0.402017   31.3695 -0.300324    0.014133 -0.00690917    -0.01407 -3.25654e-05  -0.00470002  -0.00517812 -0.00201904 0.000362609 -0.00484607 -0.00824181 -0.00122055 -0.00354569 0.011306        0        0 0
             61.1778 -0.411356    31.365 -0.314858   0.0145445 -0.00708505  -0.0135282  0.00174944 -0.00319631  0.00143732 -0.00202224 0.000363687 -0.00485143 -0.00823882 -0.00123481 -0.00360841 0.0113052         0         0 19968
             61.1778 -0.411356    31.365 -0.314858   0.0145491 -0.00707728  -0.0135267  0.00178142 -0.00314324  0.00144866 -0.00202223 0.000363685 -0.00485145 -0.00823897  -0.0012352 -0.00360861 0.0106684         0         0 0
             61.2781 -0.385438   31.3632 -0.313327   0.0135392 -0.00617333  -0.0140933 -0.00779385  0.00477583 -0.00456401 -0.00203021 0.000366327 -0.00485884 -0.00821695 -0.00129493 -0.00354399 0.0106708         0         0 20064
             61.2781 -0.385438   31.3632 -0.313327    0.013545 -0.00616522  -0.0140925 -0.00775283  0.00483212 -0.00455719 -0.00203021 0.000366326 -0.00485885 -0.00821718 -0.00129535  -0.0035442 0.0103693         0         0 0
              61.378 -0.412506   31.3575 -0.311079   0.0131997 -0.00657929  -0.0152136 -0.00635812 -0.00182221 -0.00980387 -0.00202795 0.000368435 -0.00486815 -0.00826409 -0.00125139  -0.0035252 0.0103696         0         0 19968
              61.378 -0.412506   31.3575 -0.311079   0.0132056 -0.00657455  -0.0152119  -0.0063151 -0.00178803 -0.00978923 -0.00202792 0.000368434 -0.00486815 -0.00826431 -0.00125163 -0.00352546 0.0118151         0         0 0
             61.4778 -0.387074   31.3695 -0.296766   0.0131449 -0.00688748  -0.0148222  -0.0036835 -0.00291966 -0.00131816 -0.00203427 0.000367234 -0.00487795 -0.00826068 -0.00124609 -0.00360795 0.0118161         0         0 19968
             61.4778 -0.387074   31.3695 -0.296766   0.0131494 -0.00688675  -0.0148218 -0.00365349 -0.00291446 -0.00131385 -0.00203426 0.000367234 -0.00487794 -0.00826085 -0.00124613 -0.00360809 0.0108259         0         0 0
             61.5781 -0.400726   31.3949 -0.310654   0.0131071 -0.00627256  -0.0143179 -0.0031856 0.00341532 0.00268515 -0.00203649 0.000363096 -0.00488317 -0.00826604 -0.00129314 -0.00364676 0.0108245         0         0 20064
             61.5781 -0.400726   31.3949 -0.310654   0.0131105 -0.00626651  -0.0143147 -0.00316014    0.003457   0.0027091 -0.00203647   0.0003631 -0.00488317  -0.0082661 -0.00129345 -0.00364701 0.0113741         0         0 0
              61.678 -0.381508   31.3772 -0.317303   0.0134641 -0.00495338  -0.0144351  8.71673e-05   0.00959741 -0.000300245 -0.00204136 0.000365805 -0.00489069 -0.00830979 -0.00134664 -0.00364878 0.0113728         0         0 19968
              61.678 -0.381508   31.3772 -0.317303    0.013466 -0.00494927  -0.0144344  0.000100129   0.00962602 -0.000294628 -0.00204136 0.000365811 -0.00489069 -0.00830985 -0.00134685 -0.00364887 0.0105287         0         0 0
             61.7778 -0.365193   31.3931 -0.291728   0.0124048 -0.00542168  -0.0151193 -0.00883361 -0.00118515    -0.00548 -0.00204739 0.000364361 -0.00490409 -0.00828608 -0.00127408  -0.0035854 0.0105318         0         0 19968
             61.7778 -0.365193   31.3931 -0.291728  0.0124084 -0.0054138 -0.0151208 -0.00880695 -0.00113023 -0.00548996 -0.00204738 0.000364358 -0.00490411 -0.00828629 -0.00127449 -0.00358544 0.0106305         0         0 0
             61.8781 -0.397622    31.375 -0.310225   0.0128571 -0.00586208  -0.0141252 -0.000693569  -0.00365671   0.00511912 -0.00204789 0.000368239 -0.00490944 -0.00830904 -0.00125959 -0.00369393 0.010629        0        0 20064
             61.8781 -0.397622    31.375 -0.310225   0.0128602 -0.00585865  -0.0141246 -0.000670955  -0.00363263   0.00512405 -0.00204787 0.000368231 -0.00490944 -0.00830916 -0.00125977 -0.00369405 0.0112158         0         0 0
              61.978 -0.394145   31.3632 -0.304154   0.0135662 -0.00672744  -0.0138289  0.00227869 -0.00629264  0.00453453 -0.00205131 0.000371142 -0.00491897 -0.00835711 -0.00123594 -0.00370652 0.0112147         0         0 19968
              61.978 -0.394145   31.3632 -0.304154   0.0135726 -0.00671912  -0.0138253 0.00232521 -0.0062342 0.00456121  -0.0020513 0.000371143 -0.00491898  -0.0083573 -0.00123637 -0.00370687 0.0109871         0         0 0
             62.0778 -0.407156   31.3727 -0.319288   0.0146375 -0.00753947  -0.0132083  0.00650119 -0.00740243  0.00647743  -0.0020546 0.000369268 -0.00492391 -0.00839298 -0.00123162 -0.00374055 0.0109863         0         0 19968
             62.0778 -0.407156   31.3727 -0.319288   0.0146442 -0.00753495  -0.0132044  0.00654943 -0.00736937   0.0065058 -0.00205458 0.000369267 -0.00492389 -0.00839317 -0.00123186 -0.00374092 0.0118586         0         0 0
             62.1781 -0.394711   31.3984 -0.305278   0.0129128 -0.00819893  -0.0124485  -0.0115678 -0.00743748  0.00786152 -0.00205935  0.00036616 -0.00493481 -0.00829298 -0.00123646  -0.0036835 0.0118613         0         0 20064
             62.1781 -0.394711   31.3984 -0.305278   0.0129163 -0.00819271  -0.0124551  -0.0115444 -0.00739562  0.00781652 -0.00205936 0.000366152 -0.00493482  -0.0082933 -0.00123678 -0.00368329 0.0108607         0         0 0
              62.278 -0.401621    31.421 -0.311717   0.0126525 -0.00845465   -0.012366 -0.00710538 -0.00391695  0.00418094 -0.00206148 0.000361773 -0.00494201 -0.00835274  -0.0012612 -0.00367975 0.0108596         0         0 19968
              62.278 -0.401621    31.421 -0.311717   0.0126588 -0.00844494  -0.0123658 -0.00706039 -0.00384998  0.00418348 -0.00206147 0.000361772 -0.00494202 -0.00835301 -0.00126169 -0.00367994 0.0115406         0         0 0
             62.3778 -0.398983   31.4113 -0.312981   0.0118395 -0.00598354  -0.0125479 -0.00863744   0.0161541 0.000825253 -0.00206471 0.000365744 -0.00494862 -0.00836598 -0.00140838 -0.00365578 0.0115401         0         0 19968
             62.3778 -0.398983   31.4113 -0.312981    0.011846 -0.00597954  -0.0125459 -0.00859222    0.016183 0.000840816  -0.0020647 0.000365743 -0.00494861 -0.00836621 -0.00140859 -0.00365606 0.0108805         0         0 0
             62.4781 -0.382435   31.3789 -0.311445   0.0120397 -0.00512576  -0.0148602 -0.00330509   0.0108264  -0.0159202 -0.00207095 0.000372455 -0.00495733 -0.00847896 -0.00137503 -0.00357785 0.0108782         0         0 20064
             62.4781 -0.382435   31.3789 -0.311445   0.0120448 -0.00511793  -0.0148607 -0.00326922   0.0108807  -0.0159225 -0.00207094 0.000372454 -0.00495734 -0.00847919 -0.00137544 -0.00357798 0.0102404         0         0 0
              62.578 -0.383085   31.3833 -0.318143   0.0135113 -0.00561653  -0.0150175  0.00742274 0.000101435 -0.00532666  -0.0020751 0.000371434 -0.00496521 -0.00852028 -0.00130211 -0.00369735 0.0102384         0         0 19968
              62.578 -0.383085   31.3833 -0.318143   0.0135128 -0.00561367  -0.0150166  0.00743449 0.000122049    -0.00532 -0.00207509 0.000371429  -0.0049652 -0.00852033 -0.00130226 -0.00369744 0.0108998         0         0 0
             62.6778 -0.386907   31.3595 -0.314448   0.0140995 -0.00568719  -0.0143816  0.00525858 -0.00116211  0.00261487 -0.00207723 0.000377215 -0.00497389 -0.00848651 -0.00130172 -0.00375215 0.0108983         0         0 19968
             62.6778 -0.386907   31.3595 -0.314448   0.0141057 -0.00567956  -0.0143784  0.00530393 -0.00110862   0.0026386 -0.00207721 0.000377217  -0.0049739  -0.0084867 -0.00130211 -0.00375248 0.0107515         0         0 0
             62.7782 -0.384661   31.3702 -0.285485   0.0140874 -0.00551567   -0.013078 0.000466597 9.85202e-05  0.00939776 -0.00207882  0.00037634 -0.00498715 -0.00844333 -0.00131626 -0.00378872 0.0107515         0         0 20064
             62.7782 -0.384661   31.3702 -0.285485   0.0140945 -0.00551016   -0.013076 0.000517289 0.000137529  0.00941345 -0.00207881 0.000376332 -0.00498715 -0.00844359 -0.00131655 -0.00378902 0.0109761         0         0 0
              62.878 -0.369415   31.3785 -0.284136   0.0131467 -0.00674433  -0.0119681 -0.00775808 -0.00958965   0.0102481 -0.00208367 0.000376213 -0.00499569 -0.00840367 -0.00125399  -0.0037703 0.0109776         0         0 19968
              62.878 -0.369415   31.3785 -0.284136    0.013151 -0.00674238  -0.0119669 -0.00772849  -0.0095752    0.010258 -0.00208366  0.00037621 -0.00499568 -0.00840382 -0.00125409 -0.00377048 0.0101629         0         0 0
             62.9778 -0.404395    31.383 -0.320002   0.0129971 -0.00732656  -0.0123001 -0.00477626 -0.00764238 0.000247432 -0.00208404 0.000376174 -0.00499759 -0.00847624 -0.00127338 -0.00372552 0.0101648         0         0 19968
             62.9778 -0.404395    31.383 -0.320002   0.0130025 -0.00731997  -0.0122994 -0.00473776 -0.00759718 0.000254203 -0.00208403 0.000376173  -0.0049976 -0.00847646 -0.00127371 -0.00372571 0.0112769         0         0 0
             63.0782 -0.407416   31.4108  -0.31096  0.0127703 -0.0062515 -0.0125455 -0.00419574  0.00438182 -0.00167234 -0.00208557 0.000372028  -0.0050059 -0.00850433 -0.00136771 -0.00372259 0.0112782         0         0 20064
             63.0782 -0.407416   31.4108  -0.31096   0.0127748 -0.00624657  -0.0125441 -0.00416428  0.00441715  -0.0016626 -0.00208556 0.000372025 -0.00500589 -0.00850449 -0.00136797 -0.00372278 0.0104661         0         0 0
              63.178 -0.400685    31.368 -0.304526   0.0130069 -0.00589648  -0.0140475 -0.00100146  0.00303693  -0.0113356 -0.00209073 0.000381242 -0.00501493 -0.00857447 -0.00136283 -0.00367827 0.010466        0        0 19968
              63.178 -0.400685    31.368 -0.304526   0.0130127 -0.00589319  -0.0140467 -0.000960863   0.00306059   -0.0113287 -0.00209072 0.000381244 -0.00501494  -0.0085747 -0.00136301 -0.00367848 0.00964146          0          0 0
             63.2778 -0.389245   31.3777 -0.313655   0.0137487 -0.00572955  -0.0149124 0.00335141 0.00208871 -0.0100612 -0.00210068 0.000380243 -0.00502028 -0.00861017 -0.00135507 -0.00371512 0.00963997          0          0 19968
             63.2778 -0.389245   31.3777 -0.313655   0.0137491 -0.00572924  -0.0149148 0.00335571 0.00209113 -0.0100773 -0.00210066 0.000380236 -0.00502028 -0.00861027 -0.00135509 -0.00371503 0.012045        0        0 0
             63.3782 -0.395071   31.3637 -0.318179   0.0145013 -0.00486227  -0.0147575  0.00497135   0.0062077 -0.00202736 -0.00210215 0.000383407  -0.0050288  -0.0086073 -0.00138892 -0.00378277 0.0120423         0         0 20064
             63.3782 -0.395071   31.3637 -0.318179   0.0145087 -0.00485575  -0.0147553  0.00502453  0.00625414 -0.00201051 -0.00210213 0.000383403  -0.0050288 -0.00860757 -0.00138926 -0.00378309 0.0118154         0         0 0
              63.478 -0.413374   31.3894 -0.314466   0.0130022 -0.00613555  -0.0123387  -0.0100951 -0.00724191   0.0158182 -0.00210228 0.000379645 -0.00503903 -0.00845647 -0.00128865 -0.00384949 0.0118169         0         0 19968
              63.478 -0.413374   31.3894 -0.314466   0.0130069 -0.00612902  -0.0123356  -0.0100608 -0.00719609   0.0158418 -0.00210227 0.000379644 -0.00503902 -0.00845659 -0.00128899 -0.00384978 0.0116951         0         0 0
             63.5778 -0.421747   31.3867 -0.329683   0.0121735 -0.00773282  -0.0124432 -0.0109478 -0.0129219 0.00413327 -0.00210794 0.000381362 -0.00504468 -0.00851703 -0.00124214  -0.0037744 0.0116942         0         0 19968
             63.5778 -0.421747   31.3867 -0.329683   0.0121771 -0.00772778  -0.0124517 -0.0109251 -0.0128885 0.00407505 -0.00210795 0.000381358 -0.00504469 -0.00851741  -0.0012424 -0.00377411 0.010259        0        0 0
             63.6782 -0.388461   31.3714 -0.321252   0.0137611 -0.00742447  -0.0131976  0.00555913 -0.00140084 -0.00309021 -0.00211577  0.00038336 -0.00505428 -0.00867166 -0.00132879 -0.00379703 0.0102568         0         0 20064
             63.6782 -0.388461   31.3714 -0.321252   0.0137668 -0.00741987  -0.0131962  0.00559932 -0.00136873 -0.00307912 -0.00211576 0.000383361 -0.00505429 -0.00867187 -0.00132903 -0.00379726 0.0106424         0         0 0
              63.778 -0.392918   31.3721 -0.317771   0.0142432 -0.00571097  -0.0144459  0.00258296   0.0120301 -0.00830246 -0.00211637 0.000384001 -0.00506335 -0.00870088 -0.00142676 -0.00375499 0.0106432         0         0 19968
              63.778 -0.392918   31.3721 -0.317771   0.0142465 -0.00570609  -0.0144434  0.00260773   0.0120645 -0.00828388 -0.00211636 0.000384005 -0.00506336 -0.00870097 -0.00142701 -0.00375521 0.0110405         0         0 0
             63.8778 -0.368785   31.3602 -0.319575   0.0141295 -0.00470787  -0.0163148 -0.00264917   0.0111085  -0.0149053 -0.00212338 0.000386043 -0.00507191 -0.00871362 -0.00142258 -0.00369806 0.0110388         0         0 19968
             63.8778 -0.368785   31.3602 -0.319575  0.0141328 -0.0047029 -0.0163145 -0.00262622   0.0111427  -0.0149011 -0.00212338 0.000386044 -0.00507191 -0.00871375 -0.00142283 -0.00369818 0.00966765          0          0 0
             63.9782  -0.37608   31.3805 -0.311754   0.0138335 -0.00453713  -0.0140033 -0.0036522  0.0044052  0.0127622 -0.00212409 0.000381971 -0.00508228  -0.0086093 -0.00138216  -0.0038786 0.00966989          0          0 20064
             63.9782  -0.37608   31.3805 -0.311754   0.0138353 -0.00453138  -0.0140038 -0.0036391 0.00444446  0.0127588 -0.00212408 0.000381972 -0.00508229  -0.0086094 -0.00138246 -0.00387863 0.0112681         0         0 0
              64.078 -0.386052   31.3491 -0.313372   0.0137723 -0.00494089  -0.0126339 -0.00315852 -0.00165112   0.0140983  -0.0021263 0.000389486 -0.00509057 -0.00862208 -0.00134235 -0.00389672 0.0112676         0         0 19968
              64.078 -0.386052   31.3491 -0.313372    0.013777 -0.00493542  -0.0126309 -0.00312512 -0.00161246   0.0141203 -0.00212628 0.000389482 -0.00509056 -0.00862221 -0.00134263 -0.00389699 0.010942        0        0 0
             64.1778 -0.403484   31.3822 -0.300033   0.0144853 -0.00482053  -0.0128292   0.00214141 -7.58116e-05   0.00353448 -0.00212579 0.000383935  -0.0051005  -0.0087155 -0.00136044 -0.00385591 0.0109409         0         0 19968
             64.1778 -0.403484   31.3822 -0.300033    0.014488 -0.00481719   -0.012829   0.00216068 -5.22159e-05   0.00353703 -0.00212578 0.000383936 -0.00510049 -0.00871561 -0.00136061 -0.00385601 0.0107962         0         0 0
             64.2782 -0.375461   31.3645 -0.307891   0.0134776 -0.00492704  -0.0140396 -0.00848663 -0.00151113 -0.00724119 -0.00213627   0.0003898 -0.00510757 -0.00870954 -0.00135436 -0.00375273 0.0107953         0         0 20064
             64.2782 -0.375461   31.3645 -0.307891   0.0134803 -0.00492089  -0.0140364 -0.00846693 -0.00146878 -0.00721852 -0.00213626 0.000389802 -0.00510757 -0.00870957 -0.00135468 -0.00375296 0.00937624          0          0 0
              64.378 -0.391252   31.3518 -0.311043   0.0137339 -0.00611367   -0.014155 -0.00343652 -0.00879755 -0.00270864 -0.00213727 0.000392329 -0.00511601 -0.00874385 -0.00130261 -0.00381665 0.00937379          0          0 19968
              64.378 -0.391252   31.3518 -0.311043  0.0137369 -0.0061128 -0.0141555 -0.00341561 -0.00879078 -0.00271085 -0.00213725 0.000392333 -0.00511602 -0.00874399 -0.00130266 -0.00381672 0.0100309         0         0 0
             64.4778 -0.384563   31.3646 -0.331101   0.0136187 -0.00532756  -0.0132034 -0.0029597 0.00248762 0.00525963 -0.00214147 0.000388826 -0.00512136 -0.00872355 -0.00139049 -0.00388397 0.0100307         0         0 19968
             64.4778 -0.384563   31.3646 -0.331101   0.0136235 -0.00532201  -0.0132049 -0.00292534  0.00252648  0.00525013 -0.00214146 0.000388822 -0.00512136 -0.00872381 -0.00139078 -0.00388405 0.0113815         0         0 0
             64.5782 -0.359738   31.3868  -0.30101   0.0139854 -0.00561551  -0.0137933 0.000290989   -0.001892 -0.00276651 -0.00214642 0.000384088 -0.00513539 -0.00878788 -0.00136553 -0.00384956 0.0113797         0         0 20064
             64.5782 -0.359738   31.3868  -0.30101  0.0139915 -0.0056089 -0.0137919 0.000334659 -0.00184639 -0.00275469 -0.00214641 0.000384086 -0.00513539 -0.00878811 -0.00136588 -0.00384981 0.0101647         0         0 0
              64.678 -0.353898   31.4164 -0.286577   0.0137222 -0.00585299   -0.012525 -0.00205789 -0.00338368  0.00788356 -0.00214864 0.000379776 -0.00514546 -0.00873915 -0.00136538 -0.00391424 0.0101655         0         0 19968
              64.678 -0.353898   31.4164 -0.286577   0.0137275 -0.00584592  -0.0125222 -0.00201942 -0.00333461  0.00790438 -0.00214863 0.000379774 -0.00514547 -0.00873931 -0.00136575 -0.00391453 0.0103162         0         0 0
             64.7779 -0.390664   31.4014  -0.32037   0.0129194 -0.00524029  -0.0119458 -0.00730167   0.0018357   0.0069044 -0.00214788  0.00038494 -0.00514762 -0.00872947 -0.00141458 -0.00388532 0.0103175         0         0 19968
             64.7779 -0.390664   31.4014  -0.32037   0.0129229 -0.00523339  -0.0119415 -0.00727639  0.00188368  0.00693524 -0.00214787 0.000384942 -0.00514763 -0.00872951 -0.00141494 -0.00388563 0.00978853          0          0 0
             64.8782 -0.378497   31.3857 -0.305426   0.0143543 -0.00510319  -0.0128906  0.00578253 0.000717558  -0.0034843 -0.00215001 0.000387445 -0.00515979 -0.00887548 -0.00141284 -0.00387007 0.00978634          0          0 20064
             64.8782 -0.378497   31.3857 -0.305426   0.0143603 -0.00509989  -0.0128887    0.005825 0.000741533 -0.00346987    -0.00215 0.000387442 -0.00515978  -0.0088757 -0.00141302 -0.00387033 0.00998525          0          0 0
              64.978 -0.413417   31.3763 -0.332045   0.0144585 -0.00530901  -0.0136476  0.00121893 -0.00152373 -0.00745876 -0.00215173 0.000390734 -0.00516303 -0.00886965 -0.00139435 -0.00383742 0.0099851         0         0 19968
              64.978 -0.413417   31.3763 -0.332045   0.0144631 -0.00530348  -0.0136456  0.00125183 -0.00148498 -0.00744353 -0.00215172 0.000390735 -0.00516303  -0.0088698 -0.00139465 -0.00383765 0.0106488         0         0 0
             65.0779 -0.412266   31.3674   -0.3297    0.014962 -0.00627186   -0.012871  0.00250167 -0.00656955  0.00284603 -0.00215555 0.000393152 -0.00517148 -0.00885242 -0.00135283 -0.00391761 0.0106463         0         0 19968
             65.0779 -0.412266   31.3674   -0.3297   0.0149685 -0.00626513  -0.0128674  0.00254702 -0.00652258  0.00287194 -0.00215554  0.00039315 -0.00517149 -0.00885261 -0.00135319 -0.00391797 0.0100396         0         0 0
             65.1782 -0.393169   31.3888 -0.314961   0.0138619 -0.00643582  -0.0133014 -0.00852035 -0.00394407 -0.00233305 -0.00215993 0.000390258  -0.0051825 -0.00882001 -0.00137922 -0.00384563 0.0100411         0         0 20064
             65.1782 -0.393169   31.3888 -0.314961   0.0138673 -0.00643124  -0.0132996 -0.00848093 -0.00391128 -0.00231909 -0.00215991 0.000390256 -0.00518249 -0.00882021 -0.00137947 -0.00384588 0.01146       0       0 0
              65.278 -0.388834   31.3714 -0.291026   0.0130116 -0.00630179  -0.0142274   -0.0103636 -0.000448604  -0.00691114   -0.002162 0.000394946 -0.00519462 -0.00884554 -0.00140756 -0.00381434 0.0114597         0         0 19968
              65.278 -0.388834   31.3714 -0.291026   0.0130163 -0.00629671  -0.0142339   -0.0103322 -0.000413792  -0.00695548 -0.00216201 0.000394942 -0.00519463 -0.00884593 -0.00140783 -0.00381417 0.0107816         0         0 0
             65.3779 -0.400097   31.3705 -0.304208   0.0128434 -0.00445404  -0.0136918 -0.00574706   0.0126602  0.00248252 -0.00216385 0.000395236 -0.00519913 -0.00885616 -0.00150798 -0.00390074 0.0107803         0         0 19968
             65.3779 -0.400097   31.3705 -0.304208   0.0128461 -0.00444721  -0.0136925 -0.00572836   0.0127071   0.0024781 -0.00216384 0.000395236 -0.00519914  -0.0088563 -0.00150834 -0.00390079 0.00991833          0          0 0
             65.4782 -0.399756   31.3843 -0.315212   0.0136814 -0.00610525  -0.0131604  0.00172165 -0.00699564  0.00542324 -0.00217136 0.000392291 -0.00520668 -0.00891176 -0.00135995 -0.00395395 0.00991738          0          0 20064
             65.4782 -0.399756   31.3843 -0.315212   0.0136814 -0.00610144  -0.0131621  0.00172229 -0.00696983  0.00541122 -0.00217136 0.000392293 -0.00520668 -0.00891182 -0.00136014 -0.00395387 0.0102337         0         0 0
              65.578 -0.392486   31.3687 -0.325619   0.0139078 -0.00647052  -0.0131448 0.00046897 -0.0046488 0.00281431  -0.0021765  0.00039592 -0.00521327 -0.00893232 -0.00137955 -0.00393391 0.0102333         0         0 19968
              65.578 -0.392486   31.3687 -0.325619   0.0139086 -0.00646658  -0.0131472 0.000474743 -0.00462186  0.00279803  -0.0021765 0.000395918 -0.00521325 -0.00893242 -0.00137976 -0.00393382 0.00995242          0          0 0
             65.6779 -0.385832   31.3757 -0.299783  0.0138864 -0.0061471  -0.013277 -0.00176324 0.000720492  0.00115969 -0.00217717 0.000395467 -0.00522653 -0.00894427 -0.00142376 -0.00391769 0.00995298          0          0 19968
             65.6779 -0.385832   31.3757 -0.299783   0.0138929 -0.00614354   -0.013271 -0.00171663 0.000746412  0.00120314 -0.00217715 0.000395474 -0.00522652 -0.00894439 -0.00142395 -0.00391816 0.0104687         0         0 0
             65.7777 -0.372092   31.3644 -0.301028   0.0143942 -0.00647021  -0.0143583 0.000985967 -0.00200728 -0.00590621 -0.00218441 0.000398659 -0.00523469 -0.00900935 -0.00140736 -0.00388362 0.010468        0        0 19968
             65.7777 -0.372092   31.3644 -0.301028   0.0144006 -0.00646497  -0.0143558  0.00102983 -0.00197027 -0.00588707 -0.00218439 0.000398665 -0.00523469 -0.00900956 -0.00140764 -0.00388392 0.00954697          0          0 0
              65.878 -0.380802   31.3917 -0.313482   0.0138027 -0.00642776  -0.0150051 -0.00521726 -0.00077397 -0.00552293 -0.00218524 0.000393608 -0.00524194 -0.00898303 -0.00142329  -0.0038664 0.00954669          0          0 20064
              65.878 -0.380802   31.3917 -0.313482   0.0138098 -0.00642096  -0.0150018  -0.00516665 -0.000725699  -0.00549792 -0.00218522 0.000393613 -0.00524194 -0.00898326 -0.00142365 -0.00386677 0.0104618         0         0 0
             65.9779 -0.381053   31.3775 -0.316169     0.01389 -0.00593549  -0.0146898 -0.00202703   0.0022589 0.000762886 -0.00218795 0.000397379  -0.0052493 -0.00898959  -0.0014555 -0.00393016 0.010462        0        0 19968
             65.9779 -0.381053   31.3775 -0.316169   0.0139062 -0.00592874  -0.0146864 -0.00191286  0.00230789 0.000789743 -0.00218791 0.000397381 -0.00524931 -0.00899022 -0.00145587  -0.0039308 0.0108935         0         0 0
             66.0777  -0.36601   31.3865 -0.291533   0.0140003 -0.00557658  -0.0139435 -0.000838623   0.00230851   0.00574575 -0.00219266 0.000397189 -0.00526189 -0.00898863 -0.00146203 -0.00397466 0.0108941         0         0 19968
             66.0777  -0.36601   31.3865 -0.291533    0.014005 -0.00556959  -0.0139438 -0.000805321   0.00235691   0.00574462 -0.00219264  0.00039719  -0.0052619 -0.00898885  -0.0014624 -0.00397479 0.0103876         0         0 0
              66.178 -0.388002   31.4135 -0.296418   0.0130691 -0.00593797  -0.0143858 -0.00810249 -0.00226822 -0.00233433 -0.00219345 0.000393685 -0.00526947 -0.00898386 -0.00142934 -0.00390363 0.0103872         0         0 20064
              66.178 -0.388002   31.4135 -0.296418   0.0130759 -0.00593165   -0.014386 -0.00805399  -0.0022238 -0.00233391 -0.00219343 0.000393688 -0.00526948 -0.00898418 -0.00142968 -0.00390382 0.0105971         0         0 0
             66.2779 -0.369278   31.3873 -0.311153   0.0134378 -0.00602792  -0.0145218 -0.000919769  -0.00175501  -0.00224302 -0.00220187 0.000399163 -0.00527533 -0.00904009 -0.00143947 -0.00394305 0.0105973         0         0 19968
             66.2779 -0.369278   31.3873 -0.311153  0.0134418 -0.0060257 -0.0145194 -0.000891335  -0.00173928  -0.00222496 -0.00220186 0.000399165 -0.00527533  -0.0090402 -0.00143959 -0.00394329 0.0108757         0         0 0
             66.3777 -0.396653    31.396 -0.310833    0.013402 -0.00546791   -0.012823 -0.000935664    0.0035378     0.010931 -0.00219981 0.000397481  -0.0052828 -0.00899821 -0.00147889 -0.00403562 0.0108735         0         0 19968
             66.3777 -0.396653    31.396 -0.310833   0.0134054 -0.00546219  -0.0128271 -0.000911917   0.00357704    0.0109032 -0.00219981 0.000397474  -0.0052828 -0.00899848 -0.00147919 -0.00403553 0.0110497         0         0 0
              66.478 -0.388763   31.3613 -0.325068   0.0144152 -0.00467856  -0.0129641 0.00562486 0.00679744  0.0026671 -0.00220457 0.000404874 -0.00528866 -0.00908962  -0.0015065 -0.00400937 0.0110506         0         0 20064
              66.478 -0.388763   31.3613 -0.325068   0.0144201 -0.00467238  -0.0129656 0.00565939 0.00684089 0.00265797 -0.00220456 0.000404875 -0.00528867 -0.00908988 -0.00150683 -0.00400945 0.0090082         0         0 0
             66.5779 -0.377066   31.3762 -0.306695   0.0145169 -0.00581038  -0.0132755   0.0010892 -0.00633767 -0.00252764 -0.00220971 0.000402711 -0.00530026 -0.00909541 -0.00141454 -0.00396668 0.00900655          0          0 19968
             66.5779 -0.377066   31.3762 -0.306695   0.0145221 -0.00580672  -0.0132725  0.00112574 -0.00631172  -0.0025061  -0.0022097 0.000402714 -0.00530026 -0.00909556 -0.00141474 -0.00396697 0.0099696         0         0 0
             66.6777 -0.405938   31.3602 -0.299853   0.014812 -0.0065981 -0.0138879  0.00107183   -0.008079 -0.00595335 -0.00220658 0.000407215 -0.00531003 -0.00912212 -0.00140613 -0.00395512 0.00996941          0          0 19968
             66.6777 -0.405938   31.3602 -0.299853   0.0148162 -0.00659135  -0.0138858  0.00110242 -0.00803172 -0.00593745 -0.00220658 0.000407216 -0.00531003 -0.00912225 -0.00140649 -0.00395535 0.00975991          0          0 0
              66.778 -0.389974   31.3908 -0.313942   0.0136164 -0.00761427  -0.0133227 -0.00892657  -0.0100678 0.000959333 -0.00221451 0.000402208  -0.0053171 -0.00904358 -0.00139188 -0.00397293 0.00975977          0          0 20064
              66.778 -0.389974   31.3908 -0.313942   0.0136214 -0.00760986  -0.0133234  -0.0088915  -0.0100378 0.000956123  -0.0022145 0.000402197 -0.00531711 -0.00904382 -0.00139211 -0.00397305 0.0111066         0         0 0
             66.8779 -0.373583   31.3665 -0.299748   0.0141203 -0.00733794  -0.0149487 -0.00155741 -0.00180642  -0.0111284 -0.00222018 0.000407227 -0.00532704 -0.00916467 -0.00146166 -0.00393028 0.0111024         0         0 19968
             66.8779 -0.373583   31.3665 -0.299748   0.0141237 -0.00733595  -0.0149526 -0.00153587 -0.00179355  -0.0111552 -0.00222018 0.000407227 -0.00532705 -0.00916492 -0.00146176 -0.00393018 0.00990494          0          0 0
             66.9777  -0.36439   31.3523 -0.306858  0.0141976 -0.0058318 -0.0150755 -0.00167356  0.00981872 -0.00383106 -0.00222422 0.000410031  -0.0053342 -0.00915513 -0.00155116 -0.00398589 0.00990599          0          0 19968
             66.9777  -0.36439   31.3523 -0.306858   0.0142038 -0.00582494  -0.0150754  -0.0016287  0.00986599 -0.00382974 -0.00222421  0.00041003 -0.00533422 -0.00915541 -0.00155152 -0.00398608 0.0108625         0         0 0
              67.078 -0.411025   31.4023 -0.330161   0.0120473 -0.00516249  -0.0128698 -0.0164419 0.00732072  0.0139504 -0.00222047 0.000401257 -0.00533917 -0.00899843 -0.00153568   -0.004055 0.0108656         0         0 20064
              67.078 -0.411025   31.4023 -0.330161   0.0120505 -0.00515381  -0.0128708 -0.0164183    0.00738  0.0139435 -0.00222047 0.000401256 -0.00533918 -0.00899861 -0.00153614 -0.00405505 0.0113539         0         0 0
             67.1779  -0.39389   31.3735 -0.299385   0.0134747 -0.00566206  -0.0122089   0.00295207 -0.000780833    0.0102312 -0.00222495 0.000405603 -0.00535353 -0.00915899 -0.00147351 -0.00410798 0.0113518         0         0 19968
             67.1779  -0.39389   31.3735 -0.299385   0.0134778 -0.00565798  -0.0122108   0.00297416 -0.000752088     0.010218 -0.00222494 0.000405599 -0.00535351 -0.00915919 -0.00147373 -0.00410798 0.0112695         0         0 0
             67.2777 -0.395342    31.372 -0.295495   0.0141122 -0.00753171  -0.0130393  0.00304337  -0.0128702 -0.00215775 -0.00222802 0.000407531 -0.00536305 -0.00922827 -0.00138108 -0.00403119 0.0112673         0         0 19968
             67.2777 -0.395342    31.372 -0.295495   0.0141152 -0.00752525   -0.013042  0.00306428  -0.0128258 -0.00217467 -0.00222802  0.00040753 -0.00536305 -0.00922848 -0.00138142 -0.00403116 0.00927519          0          0 0
              67.378 -0.387052   31.3748 -0.297979   0.0158089 -0.00732429  -0.0141603     0.01086 -0.00304117 -0.00719978 -0.00223255 0.000407522 -0.00537052 -0.00931949 -0.00146422 -0.00403534 0.00927379          0          0 20064
              67.378 -0.387052   31.3748 -0.297979    0.015815 -0.00732191  -0.0141601   0.0109034 -0.00302385 -0.00719685 -0.00223254 0.000407522 -0.00537053 -0.00931977 -0.00146435 -0.00403553 0.0103438         0         0 0
             67.4779 -0.386786   31.3496  -0.31915   0.0142651 -0.00773911  -0.0141398 -0.00914502  -0.0048494 -0.00173472 -0.00223826 0.000414132 -0.00537517 -0.00918611 -0.00145535 -0.00400143 0.0103467         0         0 19968
             67.4779 -0.386786   31.3496  -0.31915   0.0142702 -0.00773378  -0.0141377 -0.00910899 -0.00481258 -0.00171874 -0.00223825 0.000414133 -0.00537517 -0.00918628 -0.00145563 -0.00400169 0.0106999         0         0 0
             67.5777 -0.394618   31.3754 -0.322471   0.0128778 -0.00671596  -0.0146678   -0.014005  0.00511892 -0.00382556 -0.00224011 0.000409714  -0.0053825 -0.00917789 -0.00153316 -0.00397797 0.0106981         0         0 19968
             67.5777 -0.394618   31.3754 -0.322471   0.0128839 -0.00670803  -0.0146655  -0.0139621  0.00517418 -0.00380802  -0.0022401 0.000409716  -0.0053825 -0.00917809 -0.00153358 -0.00397827 0.0103256         0         0 0
             67.6781 -0.368508   31.3858 -0.297131   0.0119181 -0.00597017  -0.0147431   -0.0116499   0.00630957 -0.000855145 -0.00224591 0.000407741 -0.00539516 -0.00919204 -0.00154664 -0.00400963 0.0103253         0         0 20064
             67.6781 -0.368508   31.3858 -0.297131   0.0119228 -0.00596261  -0.0147432   -0.0116159   0.00636196 -0.000854928  -0.0022459 0.000407745 -0.00539517 -0.00919226 -0.00154704 -0.00400977 0.0113198         0         0 0
             67.7779 -0.373029   31.3925 -0.297566   0.0127835 -0.00595501  -0.0147127  0.00145965  0.00148469 0.000579775 -0.00224867  0.00040616 -0.00540306 -0.00928538 -0.00151812 -0.00407933 0.0113178         0         0 19968
             67.7779 -0.373029   31.3925 -0.297566    0.012789 -0.00594622  -0.0147109 0.00149881 0.00154577 0.00059366 -0.00224866 0.000406162 -0.00540307 -0.00928558 -0.00151859 -0.00407958 0.0111473         0         0 0
             67.8777 -0.371755   31.3735 -0.304662   0.0135523 -0.00583887  -0.0136995  0.00467484 0.000571922  0.00682141 -0.00225314 0.000410522 -0.00540991  -0.0092929   -0.001518 -0.00414926 0.0111458         0         0 19968
             67.8777 -0.371755   31.3735 -0.304662  0.0135568 -0.0058319  -0.013698  0.00470644 0.000620287  0.00683296 -0.00225313 0.000410523 -0.00540992 -0.00929306 -0.00151837 -0.00414947 0.0104352         0         0 0
             67.9781 -0.405589   31.3644 -0.302545   0.0143715 -0.00717001  -0.0132776  0.00522184 -0.00948101  0.00423886 -0.00225082 0.000413336 -0.00541805 -0.00932258 -0.00144411 -0.00414771 0.0104364         0         0 20064
             67.9781 -0.405589   31.3644 -0.302545   0.0143802 -0.00716648  -0.0132726  0.00528397 -0.00945396  0.00427549  -0.0022508 0.000413339 -0.00541804 -0.00932284 -0.00144431 -0.00414821 0.0111969         0         0 0
             68.0779 -0.388973   31.3757 -0.311044   0.0148554 -0.00722137  -0.0135248   0.00366421  -0.00407509 -4.16366e-05 -0.00225777 0.000410839 -0.00542432 -0.00934698 -0.00149142 -0.00411499 0.0111975         0         0 19968
             68.0779 -0.388973   31.3757 -0.311044   0.0148593 -0.00721556  -0.0135325   0.00368995  -0.00403556 -9.52756e-05 -0.00225778 0.000410831 -0.00542433 -0.00934737 -0.00149173 -0.00411472 0.0105924         0         0 0
             68.1777 -0.375756   31.3757 -0.298499   0.0152227 -0.00654678  -0.0137619  0.00245286  0.00279368 -0.00273909 -0.00226082 0.000411736  -0.0054349 -0.00935929 -0.00154683 -0.00410882 0.010592        0        0 19968
             68.1777 -0.375756   31.3757 -0.298499   0.0152281 -0.00653858  -0.0137603  0.00249132  0.00285005 -0.00272613 -0.00226081 0.000411737 -0.00543492 -0.00935949 -0.00154727 -0.00410907 0.0105195         0         0 0
             68.2781 -0.404982   31.3615 -0.316192   0.0151826 -0.00584381  -0.0139103 -0.000844041   0.00564365  -0.00229883 -0.00226083 0.000416004 -0.00543938 -0.00935124 -0.00156653 -0.00410648 0.0105194         0         0 20064
             68.2781 -0.404982   31.3615 -0.316192    0.015189 -0.00583996  -0.0139082 -0.000797886   0.00567206  -0.00228268 -0.00226081    0.000416 -0.00543937 -0.00935147 -0.00156674 -0.00410678 0.0113746         0         0 0
             68.3779 -0.397764   31.3798 -0.293465   0.0144607 -0.00592703  -0.0140008 -0.00651336 0.000552648 -0.00185649 -0.00226463 0.000413246 -0.00545168 -0.00932681 -0.00153196 -0.00409463 0.0113768         0         0 19968
             68.3779 -0.397764   31.3798 -0.293465   0.0144707 -0.00592138  -0.0139979 -0.00644179 0.000594047 -0.00183428 -0.00226461 0.000413244 -0.00545167 -0.00932719 -0.00153228 -0.00409507 0.0118932         0         0 0
             68.4777 -0.408891   31.3927 -0.330958   0.0124729 -0.00711819  -0.0135315  -0.0171555 -0.00839188  0.00237468 -0.00226969 0.000412344 -0.00545357 -0.00925672 -0.00146525 -0.00408609 0.0118947         0         0 19968
             68.4777 -0.408891   31.3927 -0.330958   0.0124768 -0.00711242   -0.013533  -0.0171297 -0.00835248  0.00236551 -0.00226969 0.000412348 -0.00545358 -0.00925693 -0.00146556 -0.00408614 0.010971        0        0 0
             68.5781 -0.398023   31.3889 -0.325868   0.0125006 -0.00638197  -0.0135464 -0.00627974  0.00268941 0.000297547 -0.00227459 0.000412631 -0.00546264 -0.00934953 -0.00155022 -0.00412629 0.0109697         0         0 20064
             68.5781 -0.398023   31.3889 -0.325868   0.0125084 -0.00637326  -0.0135436 -0.00622443  0.00275083  0.00031835 -0.00227457 0.000412628 -0.00546264 -0.00934981 -0.00155069 -0.00412665 0.0115698         0         0 0
             68.6779 -0.384908   31.3589 -0.303576   0.0126128 -0.00543931  -0.0141579 -0.00262565  0.00766402 -0.00468842 -0.00228038 0.000420217 -0.00547302 -0.00940833 -0.00158937  -0.0041172 0.0115688         0         0 19968
             68.6779 -0.384908   31.3589 -0.303576   0.0126168 -0.00543257  -0.0141661 -0.00259844  0.00770984 -0.00474479  -0.0022804 0.000420211 -0.00547303 -0.00940875 -0.00158974 -0.00411692 0.0110606         0         0 0
             68.7777 -0.352835   31.4136  -0.28466  0.0129328 -0.0055438 -0.0143742 -0.000487213   0.00164987  -0.00233655  -0.0022883 0.000409539 -0.00548483 -0.00943571 -0.00154716  -0.0041454 0.0110602         0         0 19968
             68.7777 -0.352835   31.4136  -0.28466   0.012936 -0.0055361 -0.0143751 -0.000464216   0.00170292  -0.00234164  -0.0022883 0.000409541 -0.00548484 -0.00943588 -0.00154757 -0.00414546 0.0110721         0         0 0
             68.8781 -0.399366   31.3756 -0.305844   0.0138262 -0.00683422  -0.0134004  0.00422753 -0.00802331  0.00688666  -0.0022857 0.000418042  -0.0054894 -0.00944762 -0.00147374  -0.0042325 0.0110733         0         0 20064
             68.8781 -0.399366   31.3756 -0.305844   0.0138277 -0.00683508  -0.0134005 0.00423731 -0.0080285 0.00688638 -0.00228569 0.000418046 -0.00548938 -0.00944769 -0.00147369 -0.00423254 0.010819        0        0 0
             68.9779 -0.386179    31.388 -0.311597   0.0131222 -0.00593626   -0.013339 -0.00501127  0.00323449  0.00253141 -0.00229157 0.000416816 -0.00549596 -0.00941834 -0.00156589 -0.00417346 0.0108213         0         0 19968
             68.9779 -0.386179    31.388 -0.311597    0.013128 -0.00593168   -0.013336 -0.00496949  0.00326729  0.00255365 -0.00229155 0.000416816 -0.00549594 -0.00941853 -0.00156614 -0.00417379 0.0114588         0         0 0
             69.0777  -0.40473   31.3919 -0.311906   0.0129064 -0.00685266  -0.0120976 -0.00445613 -0.00552139   0.0108989 -0.00229128 0.000417182 -0.00550552 -0.00940688 -0.00150066 -0.00423032 0.011458        0        0 19968
             69.0777  -0.40473   31.3919 -0.311906   0.0129108 -0.00684749  -0.0120954 -0.00442489  -0.0054849   0.0109146 -0.00229128 0.000417185 -0.00550552 -0.00940702 -0.00150094 -0.00423056 0.010997        0        0 0
             69.1781 -0.399361   31.3743 -0.333916   0.0129653 -0.00723133   -0.013237 -0.00269495 -0.00369467 -0.00395839 -0.00229766 0.000421569 -0.00550975 -0.00949475 -0.00151056 -0.00414177 0.0109956         0         0 20064
             69.1781 -0.399361   31.3743 -0.333916   0.0129711 -0.00722578  -0.0132356 -0.00265465 -0.00365604 -0.00394761 -0.00229765 0.000421572 -0.00550976 -0.00949497 -0.00151086 -0.00414201 0.010824        0        0 0
             69.2779 -0.397026   31.3852 -0.334379    0.014337 -0.00735395     -0.0138  0.00739128 -0.00170342 -0.00363907 -0.00229949 0.000419189 -0.00551863 -0.00957796 -0.00152964 -0.00418649 0.0108212         0         0 19968
             69.2779 -0.397026   31.3852 -0.334379   0.0143439 -0.00734468  -0.0137965  0.00744154 -0.00163865 -0.00361292 -0.00229947 0.000419193 -0.00551864 -0.00957818 -0.00153015 -0.00418687 0.0112189         0         0 0
             69.3777 -0.423062   31.3734 -0.318818  0.0143765 -0.0070181  -0.013938  0.00127209  0.00177543 -0.00174759 -0.00229462 0.000422937 -0.00552948 -0.00954344 -0.00155947 -0.00418373 0.0112197         0         0 19968
             69.3777 -0.423062   31.3734 -0.318818   0.0143817 -0.00700886  -0.0139346  0.00131098   0.0018394 -0.00172295 -0.00229461 0.000422938 -0.00552949  -0.0095436 -0.00155997 -0.00418406 0.0111158         0         0 0
             69.4781 -0.361259   31.4051 -0.304024   0.0140965 -0.00619986  -0.0145284 -0.00255058  0.00551659 -0.00486495 -0.00230828 0.000417251 -0.00554039 -0.00954167 -0.00159592 -0.00415674 0.0111161         0         0 20064
             69.4781 -0.361259   31.4051 -0.304024   0.0141015 -0.00619352  -0.0145263 -0.00251518  0.00556088 -0.00484912 -0.00230827 0.000417255 -0.00554039 -0.00954184 -0.00159626   -0.004157 0.0108333         0         0 0
             69.5779 -0.363815   31.3837 -0.288284   0.0127855 -0.00611687  -0.0136221  -0.0107016 0.000915775   0.0046254 -0.00230859 0.000423581 -0.00555209 -0.00945938 -0.00157031 -0.00419513 0.0108349         0         0 19968
             69.5779 -0.363815   31.3837 -0.288284   0.0127914 -0.00611064  -0.0136171  -0.0106589 0.000959522  0.00466089 -0.00230858 0.000423586 -0.00555209 -0.00945951 -0.00157065 -0.00419555 0.0108781         0         0 0
             69.6778 -0.404567   31.3702 -0.323073   0.0141177 -0.00631648  -0.0130717  0.00477655 -0.00188907  0.00509434 -0.00230746 0.000426103 -0.00555421 -0.00957402 -0.00155587 -0.00427261 0.0108756         0         0 19968
             69.6778 -0.404567   31.3702 -0.323073   0.0141189 -0.00631133  -0.0130734  0.00478514 -0.00185372  0.00508238 -0.00230746 0.000426103 -0.00555422 -0.00957413 -0.00155614 -0.00427256 0.0103288         0         0 0
             69.7781 -0.383755   31.3716 -0.296198   0.0150843 -0.00664122   -0.013769  0.00655093 -0.00422301 -0.00448624 -0.00231052 0.000426525 -0.00556774 -0.00963511 -0.00154709 -0.00423442 0.0103274         0         0 20064
             69.7781 -0.383755   31.3716 -0.296198   0.0150896 -0.00663663  -0.0137666  0.00658811 -0.00419045 -0.00446754 -0.00231051 0.000426523 -0.00556773 -0.00963528 -0.00154734  -0.0042347 0.00951429          0          0 0
             69.8779 -0.388898   31.3671 -0.317594   0.0155012 -0.00622218   -0.013655   0.00396247 -8.21581e-05  0.000171267 -0.00231333 0.000428518 -0.00557216 -0.00961818 -0.00158721 -0.00425369 0.00951445          0          0 19968
             69.8779 -0.388898   31.3671 -0.317594    0.015507 -0.00621825  -0.0136527   0.00400298 -5.45485e-05  0.000188418 -0.00231332 0.000428521 -0.00557217 -0.00961838 -0.00158743 -0.00425398 0.0100665         0         0 0
             69.9778 -0.408843   31.3622 -0.334993   0.0160252 -0.00686576  -0.0133022  0.00354225 -0.00510058  0.00188046 -0.00231337 0.000429787 -0.00557777 -0.00962115 -0.00154996 -0.00427684 0.0100658         0         0 19968
             69.9778 -0.408843   31.3622 -0.334993   0.0160322 -0.00685867  -0.0132997  0.00359301 -0.00505041  0.00189999 -0.00231336 0.000429785 -0.00557778  -0.0096214 -0.00155036 -0.00427719 0.0105603         0         0 0
             70.0781 -0.389473   31.3871 -0.303212    0.014758 -0.00621114  -0.0134206 -0.00864898  0.00274787 -0.00122314 -0.00231704 0.000425651 -0.00559199 -0.00956569 -0.00160834 -0.00421348 0.0105622         0         0 20064
             70.0781 -0.389473   31.3871 -0.303212   0.0147607 -0.00620423  -0.0134222 -0.0086296 0.00279532 -0.0012337 -0.00231703 0.000425651 -0.00559201 -0.00956586 -0.00160872 -0.00421349 0.0106343         0         0 0
             70.1779 -0.356737   31.4059 -0.293935   0.0136818 -0.00714951  -0.0143992  -0.0112998  -0.0056066 -0.00786812 -0.00232679 0.000422551  -0.0056015  -0.0095889 -0.00154666 -0.00416242 0.010633        0        0 19968
             70.1779 -0.356737   31.4059 -0.293935   0.0136879 -0.00714161  -0.0143985  -0.0112563 -0.00555175 -0.00786162 -0.00232678 0.000422551 -0.00560151 -0.00958916 -0.00154709 -0.00416264 0.0104332         0         0 0
             70.2778 -0.389845   31.3957 -0.304256   0.0121993 -0.00777236  -0.0134354  -0.0143376 -0.00684414  0.00296907 -0.00232482 0.000425536 -0.00560697 -0.00953097 -0.00154936 -0.00423723 0.0104341         0         0 19968
             70.2778 -0.389845   31.3957 -0.304256   0.0122048 -0.00776184  -0.0134345  -0.0142976 -0.00677245  0.00297645 -0.00232482 0.000425533 -0.00560699  -0.0095312 -0.00154992 -0.00423745 0.010936        0        0 0
             70.3781 -0.390747   31.3656 -0.312555   0.0124547 -0.00707988  -0.0135954   -0.0036969     0.003162 -0.000306402 -0.00232784  0.00043155 -0.00561436 -0.00963377 -0.00162633 -0.00426209 0.0109354         0         0 20064
             70.3781 -0.390747   31.3656 -0.312555   0.0124586 -0.00707609  -0.0135947  -0.00366978   0.00318874 -0.000300491 -0.00232783 0.000431554 -0.00561436 -0.00963392 -0.00162654 -0.00426224 0.0103905         0         0 0
             70.4779 -0.390198   31.3975 -0.294289   0.0120134 -0.00627641  -0.0127701 -0.00588226   0.0070705  0.00638792 -0.00232778 0.000426586 -0.00562487 -0.00961558 -0.00165756 -0.00430297 0.0103901         0         0 19968
             70.4779 -0.390198   31.3975 -0.294289   0.0120168 -0.00626894  -0.0127683 -0.00585755  0.00712212  0.00640094 -0.00232778 0.000426589 -0.00562488 -0.00961569 -0.00165797 -0.00430317 0.0101652         0         0 0
             70.5778  -0.41327   31.3654 -0.299041   0.0130743 -0.00717189  -0.0129529  0.00293413 -0.00419871  0.00132967 -0.00232783 0.000433131 -0.00563295 -0.00971649 -0.00157721 -0.00430973 0.0101638         0         0 19968
             70.5778  -0.41327   31.3654 -0.299041  0.0130783 -0.0071677 -0.0129506  0.00296248 -0.00416952   0.0013464 -0.00232782 0.000433133 -0.00563296  -0.0097166 -0.00157744 -0.00430996 0.0100481         0         0 0
             70.6781 -0.391777    31.382 -0.319012  0.0129895  -0.006641 -0.0139009 -0.00210605  0.00324886 -0.00499282 -0.00233758 0.000430098 -0.00563691  -0.0097333 -0.00162861 -0.00424673 0.0100503         0         0 20064
             70.6781 -0.391777    31.382 -0.319012   0.0129921 -0.00663723  -0.0138963 -0.00208603  0.00327545 -0.00495956 -0.00233757 0.000430103 -0.00563691 -0.00973329 -0.00162882 -0.00424704 0.0103385         0         0 0
             70.7779 -0.370198   31.3602 -0.298314    0.014244 -0.00639774  -0.0145062   0.0065209  0.00205342 -0.00477977 -0.00234429 0.000433138 -0.00564996 -0.00980382 -0.00163159 -0.00428977 0.0103364         0         0 19968
             70.7779 -0.370198   31.3602 -0.298314   0.0142473 -0.00638874  -0.0145047  0.00654591  0.00211597 -0.00476861 -0.00234428 0.000433135 -0.00564996 -0.00980393 -0.00163208 -0.00428995 0.0109301         0         0 0
             70.8778 -0.400754   31.3685  -0.28859   0.0140702 -0.00679241  -0.0139583 -0.000223265  -0.00349919   0.00331704 -0.00234032 0.000431921 -0.00566123 -0.00973841 -0.00159935 -0.00431962 0.0109333         0         0 19968
             70.8778 -0.400754   31.3685  -0.28859   0.0140739 -0.00678592  -0.0139637 -0.000198399  -0.00345569   0.00328067 -0.00234033 0.000431917 -0.00566124 -0.00973872  -0.0015997 -0.00431947 0.0100617         0         0 0
             70.9781 -0.405741   31.3687 -0.331036   0.0141488 -0.00578692  -0.0135659 -0.000356021   0.00546846   0.00475256 -0.00234705 0.000433247 -0.00566011 -0.00974461 -0.00166825 -0.00433452 0.0100613         0         0 20064
             70.9781 -0.405741   31.3687 -0.331036  0.0141502 -0.0057808 -0.0135626 -0.000343588   0.00551055   0.00477677 -0.00234704 0.000433249 -0.00566011 -0.00974459 -0.00166858 -0.00433474 0.0108621         0         0 0
             71.0779 -0.412735   31.3807 -0.344811   0.0132213 -0.00518625  -0.0130993 -0.00794361   0.0057275  0.00541205  -0.0023514 0.000432549 -0.00566511 -0.00970964 -0.00166913 -0.00431434 0.0108642         0         0 19968
             71.0779 -0.412735   31.3807 -0.344811   0.0132228 -0.00518147  -0.0130959  -0.007933 0.00576042 0.00543575 -0.00235139 0.000432553 -0.00566511 -0.00970961 -0.00166939 -0.00431455 0.0103401         0         0 0
             71.1778 -0.359566   31.3738 -0.285728    0.011209 -0.00562697  -0.0138168  -0.0180852 -0.00190499 -0.00324769 -0.00236061 0.000435815 -0.00568389 -0.00969228 -0.00161466 -0.00422222 0.0103471         0         0 19968
             71.1778 -0.359566   31.3738 -0.285728  0.0112107 -0.0056237 -0.0138133  -0.0180737 -0.00188224 -0.00322341  -0.0023606 0.000435814 -0.00568388 -0.00969226 -0.00161483 -0.00422243 0.00974506          0          0 0
             71.2781 -0.378584   31.3887 -0.306055   0.0113737 -0.00728672  -0.0144187 -0.00844827  -0.0145818 -0.00273432 -0.00236235 0.000433518  -0.0056869 -0.00979372 -0.00154285 -0.00427059 0.00974156          0          0 20064
             71.2781 -0.378584   31.3887 -0.306055   0.0113799 -0.00727774   -0.014418 -0.00840392  -0.0145204 -0.00272821 -0.00236234 0.000433516 -0.00568692 -0.00979399 -0.00154334 -0.00427082 0.010769        0        0 0
             71.3779 -0.412646    31.396 -0.313411   0.0130034 -0.00751637  -0.0140065  0.00773621 -0.00528424  0.00132013 -0.00236015 0.000432519  -0.0056921 -0.00988279 -0.00160443 -0.00438418 0.0107672         0         0 19968
             71.3779 -0.412646    31.396 -0.313411   0.0130021 -0.00750727  -0.0140072  0.00772899 -0.00522214  0.00131531 -0.00236015 0.000432518 -0.00569211 -0.00988276 -0.00160492 -0.00438412 0.0103764         0         0 0
             71.4778 -0.38924  31.4009 -0.29579   0.0125285 -0.00705228  -0.0129524 -0.0010661 0.00203321 0.00777785 -0.00236455 0.000433502 -0.00570265 -0.00980659 -0.00165801 -0.00439318 0.0103785         0         0 19968
             71.4778 -0.38924  31.4009 -0.29579   0.0125315 -0.00704516  -0.0129507 -0.00104355  0.00208286  0.00779059 -0.00236454 0.000433499 -0.00570265 -0.00980668  -0.0016584 -0.00439336 0.0102975         0         0 0
             71.5781 -0.392298   31.3968 -0.312232  0.0135195 -0.0072557  -0.012555   0.00513318 -0.000697916   0.00582415 -0.00236975  0.00043492 -0.00570742 -0.00987506 -0.00164312 -0.00440727 0.0102953         0         0 20064
             71.5781 -0.392298   31.3968 -0.312232   0.0135249 -0.00724708  -0.0125555   0.00517127 -0.000638934   0.00582217 -0.00236975 0.000434918 -0.00570743 -0.00987533 -0.00164359 -0.00440742 0.0101855         0         0 0
             71.6779 -0.387186   31.4084 -0.300823  0.0146014 -0.0066377 -0.0130166  0.00801025  0.00385221 -0.00190395 -0.00237336 0.000433423 -0.00571641 -0.00993753 -0.00168354 -0.00437375 0.0101854         0         0 19968
             71.6779 -0.387186   31.4084 -0.300823   0.0146057 -0.00663255    -0.01301  0.00804265  0.00388883 -0.00185587 -0.00237334  0.00043343 -0.00571641 -0.00993754 -0.00168383 -0.00437422 0.010924        0        0 0
             71.7778 -0.406747   31.3902 -0.310157   0.0129965 -0.00698702  -0.0138695 -0.00998424 -0.00194971 -0.00775513  -0.0023744 0.000439861 -0.00572212 -0.00985324 -0.00164218 -0.00426844 0.0109264         0         0 19968
             71.7778 -0.406747   31.3902 -0.310157   0.0129995 -0.00697881  -0.0138697 -0.00996218 -0.00189319 -0.00775615 -0.00237439 0.000439859 -0.00572214 -0.00985339 -0.00164263 -0.00426852 0.0104146         0         0 0
             71.8781 -0.350371   31.3865 -0.281272   0.0132842 -0.00581919  -0.0143257 -0.00177565  0.00717154 -0.00622323 -0.00238676 0.000441164 -0.00573411 -0.00991341 -0.00171685 -0.00432432 0.010413        0        0 20064
             71.8781 -0.350371   31.3865 -0.281272   0.0132879 -0.00581041  -0.0143233 -0.00174833  0.00723228  -0.0062049 -0.00238675 0.000441164 -0.00573411 -0.00991352 -0.00171733 -0.00432457 0.00994335          0          0 0
             71.9779  -0.36225   31.4003 -0.288323   0.0105684 -0.00629689  -0.0137448   -0.0199376 -0.000399223   0.00114175 -0.00238795  0.00044032 -0.00574098 -0.00977271 -0.00165225  -0.0043056 0.00994631          0          0 19968
             71.9779  -0.36225   31.4003 -0.288323   0.0105749 -0.00628804  -0.0137447   -0.0198906 -0.000338552   0.00114417 -0.00238794 0.000440313 -0.00574099 -0.00977301 -0.00165273 -0.00430581 0.0110546         0         0 0
             72.0778 -0.376156   31.3957 -0.305085   0.0118385 -0.00553959  -0.0135097 0.00133924 0.00513638 0.00251855 -0.00238976  0.00044045 -0.00574536  -0.0099296 -0.00170776 -0.00441002 0.0110526         0         0 19968
             72.0778 -0.376156   31.3957 -0.305085   0.0118374 -0.00553167  -0.0135105 0.00133193 0.00519049 0.00251285 -0.00238976 0.000440452 -0.00574537 -0.00992958 -0.00170819 -0.00440996 0.0101011         0         0 0
             72.1781 -0.386326   31.3816 -0.279991   0.0142886 -0.00683952  -0.0132055   0.0151389 -0.00712082  0.00322148   -0.002389 0.000442186 -0.00575834  -0.0100417 -0.00161513 -0.00447962 0.0100998         0         0 20064
             72.1781 -0.386326   31.3816 -0.279991   0.0142912 -0.00683312  -0.0132115   0.0151561 -0.00707767  0.00318116 -0.00238902 0.000442185 -0.00575834   -0.010042 -0.00161548 -0.00447941 0.00869928          0          0 0
             72.2779 -0.381125   31.3828  -0.31005  0.0153355 -0.0079681 -0.0132947   0.0101518 -0.00997286 0.000805833 -0.00239729 0.000442878 -0.00576074  -0.0100376 -0.00159326 -0.00444565 0.0086996         0         0 19968
             72.2779 -0.381125   31.3828  -0.31005   0.0153395 -0.00795722  -0.0132942   0.0101817 -0.00989876 0.000809943 -0.00239728 0.000442875 -0.00576076  -0.0100378 -0.00159385 -0.00444581 0.0106043         0         0 0
             72.3778 -0.375588   31.3442 -0.299757   0.0150126 -0.00686464  -0.0142104 -0.00109008  0.00402671   -0.005838 -0.00240041 0.000452933 -0.00576933  -0.0100107 -0.00170842 -0.00436052 0.0106085         0         0 19968
             72.3778 -0.375588   31.3442 -0.299757     0.01502 -0.00685693  -0.0142068 -0.00103728  0.00408094 -0.00581136  -0.0024004 0.000452932 -0.00576935  -0.0100109 -0.00170885 -0.00436092 0.0104973         0         0 0
             72.6778 -0.407749   31.4001 -0.333714   0.0120292 -0.00630657  -0.0144833  -0.0143241 0.000864249 0.000937043 -0.00240595 0.000442939  -0.0057861 -0.00995052 -0.00169605 -0.00437475 0.0104975         0         0 60000
             72.6778 -0.407749   31.4001 -0.333714  0.0120322 -0.0062945  -0.014483  -0.0143111 0.000912757 0.000938582 -0.00240595 0.000442939 -0.00578611 -0.00995059 -0.00169637  -0.0043748 0.0104887         0         0 0
             72.7781 -0.379422   31.3829 -0.304989   0.0124981 -0.00566252  -0.0138307 -0.000840152   0.00511698    0.0070713 -0.00241255 0.000447519  -0.0057985  -0.0100067 -0.00172315 -0.00445743 0.0104868         0         0 20064
             72.7781 -0.379422   31.3829 -0.304989   0.0125001 -0.00565563  -0.0138307 -0.000823465   0.00516837   0.00707191 -0.00241254 0.000447521 -0.00579851  -0.0100067 -0.00172346 -0.00445749 0.0103717         0         0 0
             72.8779 -0.389423   31.3891 -0.292448   0.0118576 -0.00672514  -0.0139159  -0.0068194 -0.00567453  0.00125779 -0.00241181 0.000448179 -0.00580975  -0.0100057 -0.00164891  -0.0044099 0.0103711         0         0 19968
             72.8779 -0.389423   31.3891 -0.292448  0.0118598 -0.0067159 -0.0139144 -0.00680279 -0.00561005  0.00126937 -0.00241181 0.000448182 -0.00580976  -0.0100057 -0.00164935 -0.00441004 0.00928472          0          0 0
             72.9778    -0.403    31.377 -0.334688   0.0129937 -0.00707226  -0.0134613  0.00418474 -0.00417918   0.0042293 -0.00241562 0.000449866  -0.0058102  -0.0100778 -0.00166482 -0.00448145 0.00928306          0          0 19968
             72.9778    -0.403    31.377 -0.334688   0.0129983 -0.00706152  -0.0134596  0.00421782 -0.00410659  0.00424257 -0.00241561 0.000449864 -0.00581021   -0.010078 -0.00166537 -0.00448168 0.0101232         0         0 0
             73.0781 -0.361635   31.4056 -0.284032   0.0137644 -0.00547854  -0.0131752 0.00595797 0.00917765 0.00386647 -0.00242212 0.000444699 -0.00582641  -0.0101043 -0.00177438 -0.00449054 0.0101254         0         0 20064
             73.0781 -0.361635   31.4056 -0.284032   0.0137706 -0.00547121  -0.0131718 0.00600263 0.00922796 0.00389193 -0.00242211   0.0004447 -0.00582643  -0.0101045 -0.00177478 -0.00449091 0.010523        0        0 0
             73.1779 -0.380625   31.3626 -0.321862   0.0135696 -0.00470856  -0.0140763 -0.00111835  0.00791517 -0.00511823  -0.0024262 0.000454553 -0.00582663  -0.0101103 -0.00176567 -0.00440525 0.0105235         0         0 19968
             73.1779 -0.380625   31.3626 -0.321862   0.0135759 -0.00469846   -0.014074 -0.00107238  0.00798498 -0.00510118 -0.00242619 0.000454553 -0.00582665  -0.0101105 -0.00176623 -0.00440556 0.0104702         0         0 0
             73.2778 -0.384391   31.3848 -0.308239   0.0132384 -0.00461693  -0.0137672 -0.00421178  0.00283562 0.000835166 -0.00242759 0.000451747 -0.00583611  -0.0100822 -0.00172962 -0.00444094 0.0104709         0         0 19968
             73.2778 -0.384391   31.3848 -0.308239   0.0132414 -0.00460651  -0.0137671 -0.00418886  0.00290691 0.000837227 -0.00242759 0.000451744 -0.00583613  -0.0100824  -0.0017302 -0.00444105 0.0107981         0         0 0
             73.3781 -0.353626   31.3949  -0.30298   0.0128096 -0.00593484  -0.0134987 -0.00542298 -0.00938147   0.0018737 -0.00243728 0.000450397 -0.00584525  -0.0100795 -0.00164378 -0.00445149 0.0107993         0         0 20064
             73.3781 -0.353626   31.3949  -0.30298   0.0128155 -0.00592638  -0.0134971 -0.00538141 -0.00932383  0.00188583 -0.00243727 0.000450393 -0.00584525  -0.0100798 -0.00164424 -0.00445175 0.0103527         0         0 0
             73.4779 -0.413312   31.3955 -0.350176   0.0129185 -0.00586106   -0.013059 -0.00180083 -0.00340605  0.00317603 -0.00243334 0.000451384 -0.00584408  -0.0101101 -0.00169626 -0.00448763 0.0103519         0         0 19968
             73.4779 -0.413312   31.3955 -0.350176   0.0129227 -0.00584952  -0.0130568 -0.00176955 -0.00332646  0.00319266 -0.00243333 0.000451384  -0.0058441  -0.0101102  -0.0016969 -0.00448788 0.0104062         0         0 0
             73.5778 -0.376561   31.4032 -0.304586   0.0138008 -0.00678837  -0.0130439  0.00432082  -0.0074027 0.000554428 -0.00243946 0.000450267 -0.00586099  -0.0101745 -0.00166139 -0.00450535 0.0104045         0         0 19968
             73.5778 -0.376561   31.4032 -0.304586   0.0138052 -0.00677834  -0.0130437  0.00435366 -0.00733394 0.000557053 -0.00243945 0.000450263 -0.00586099  -0.0101747 -0.00166194 -0.00450551 0.0111506         0         0 0
             73.6781 -0.394574   31.3728 -0.308425   0.0138849 -0.00664417  -0.0136486 0.000518007 -0.00116117 -0.00415261 -0.00244061 0.000457876 -0.00586651  -0.0101869 -0.00171006 -0.00446352 0.0111507         0         0 20064
             73.6781 -0.394574   31.3728 -0.308425   0.0138888 -0.00663758  -0.0136537 0.000541763 -0.00111712 -0.00418629 -0.00244062 0.000457875 -0.00586652  -0.0101873 -0.00171042 -0.00446338 0.00961007          0          0 0
              73.778 -0.396112   31.3959 -0.289538   0.0141068 -0.00715518  -0.0135228 0.000575781 -0.00331119 -0.00122893 -0.00244176 0.000453972 -0.00587809  -0.0101869 -0.00169141 -0.00449727 0.00960898          0          0 19968
              73.778 -0.396112   31.3959 -0.289538   0.0141137 -0.00714977  -0.0135236 0.000624234 -0.00327437  -0.0012319 -0.00244175 0.000453971 -0.00587811  -0.0101872 -0.00169171 -0.00449746 0.0108734         0         0 0
             73.8778 -0.399144    31.387 -0.308025   0.0137764 -0.00660201  -0.0133082 -0.00377826  0.00313434  0.00160129 -0.00244552 0.000456321 -0.00588199  -0.0101688 -0.00174533 -0.00450261 0.0108741         0         0 19968
             73.8778 -0.399144    31.387 -0.308025   0.0137796 -0.00659271  -0.0133066 -0.00375404  0.00319899  0.00161379 -0.00244551 0.000456317 -0.00588199  -0.0101689 -0.00174585  -0.0045028 0.0111139         0         0 0
             73.9781 -0.355753   31.3986 -0.280472   0.0130514 -0.00488289  -0.0131855 -0.00752661   0.0125806  0.00186545  -0.0024541 0.000454937 -0.00589468  -0.0101583 -0.00182758 -0.00449218 0.0111148         0         0 20064
             73.9781 -0.355753   31.3986 -0.280472   0.0130553 -0.00487421  -0.0131842 -0.00749851   0.0126406  0.00187564 -0.00245409 0.000454932 -0.00589469  -0.0101585 -0.00182806 -0.00449237 0.00951351          0          0 0
              74.078 -0.392168   31.3724 -0.286957   0.0151389 -0.00651572  -0.0139753  0.00938011 -0.00737922  -0.0037328 -0.00245233 0.000460889 -0.00590135  -0.0103185 -0.00167814  -0.0045255 0.00951034          0          0 19968
              74.078 -0.392168   31.3724 -0.286957   0.0151417 -0.00651475  -0.0139738  0.00940011   -0.007372 -0.00372293 -0.00245231 0.000460889 -0.00590136  -0.0103186  -0.0016782 -0.00452565 0.0107608         0         0 0
             74.1778 -0.385958   31.3616 -0.301399   0.0143352 -0.00617192   -0.014533 -0.00445128 -0.00111103  -0.0044141 -0.00245871 0.000464772 -0.00590688   -0.010246 -0.00173345 -0.00446805 0.0107649         0         0 19968
             74.1778 -0.385958   31.3616 -0.301399    0.014342 -0.00616368  -0.0145299 -0.00440255 -0.00105371 -0.00439084  -0.0024587 0.000464773 -0.00590689  -0.0102462 -0.00173391 -0.00446842 0.01054       0       0 0
             74.2781 -0.372776   31.3804 -0.275964   0.0143996 -0.00603798  -0.0146761 -0.00262281 0.000427481 -0.00160223 -0.00246225 0.000461948 -0.00591917  -0.0102635 -0.00174614 -0.00450253 0.0105393         0         0 20064
             74.2781 -0.372776   31.3804 -0.275964   0.0144043 -0.00602894  -0.0146763 -0.00258896 0.000489472 -0.00160241 -0.00246224 0.000461939 -0.00591918  -0.0102637 -0.00174664 -0.00450268 0.0104398         0         0 0
             74.3779 -0.360074   31.3884 -0.290901   0.0122876 -0.00591094   -0.013779  -0.0164448 0.000760873  0.00613696 -0.00246952 0.000461941 -0.00592458  -0.0101511 -0.00174885 -0.00450387 0.0104422         0         0 19968
             74.3779 -0.360074   31.3884 -0.290901   0.0122908 -0.00590962  -0.0137774  -0.0164227 0.000770929  0.00614879 -0.00246951 0.000461941 -0.00592457  -0.0101512 -0.00174892 -0.00450405 0.00997448          0          0 0
             74.4778 -0.411109   31.3868 -0.314458   0.0114731 -0.00583988  -0.0135796 -0.0123829 0.00149666 0.00416172 -0.00246409 0.000462968 -0.00592801  -0.0102051 -0.00175401 -0.00451254 0.00997322          0          0 19968
             74.4778 -0.411109   31.3868 -0.314458   0.011479 -0.0058276 -0.0135788 -0.0123401 0.00157954 0.00416894 -0.00246408 0.000462967 -0.00592803  -0.0102054 -0.00175468 -0.00451277 0.0106933         0         0 0
             74.5781 -0.360182   31.3792 -0.289461    0.012772 -0.00457213  -0.0130518 0.00390178 0.00929849 0.00583794 -0.00247582 0.000463977  -0.0059395  -0.0103253 -0.00182264 -0.00460084 0.0106841         0         0 20064
             74.5781 -0.360182   31.3792 -0.289461  0.0127738 -0.0045629  -0.013054 0.00391766 0.00936188 0.00582297 -0.00247581  0.00046397 -0.00593951  -0.0103255 -0.00182315 -0.00460081 0.0118702         0         0 0
              74.678 -0.378558   31.3949 -0.304526   0.0136134 -0.00496873  -0.0139165  0.00486703 0.000367418  -0.0035464 -0.00247702 0.000461468 -0.00594581  -0.0103927 -0.00175192 -0.00454471 0.0118677         0         0 19968
              74.678 -0.378558   31.3949 -0.304526   0.0136176 -0.00495995  -0.0139156  0.00489637  0.00042804 -0.00353794 -0.00247702 0.000461467 -0.00594582  -0.0103929 -0.00175241 -0.00454489 0.00991985          0          0 0
             74.7778 -0.358238   31.3954 -0.289784   0.0136206 -0.00397255  -0.0130477 0.000538156  0.00657938  0.00529029 -0.00248265 0.000462373 -0.00595633  -0.0103387  -0.0018068 -0.00459685 0.00991965          0          0 19968
             74.7778 -0.358238   31.3954 -0.289784   0.0136227 -0.00396822  -0.0130456 0.000553952  0.00660877  0.00530571 -0.00248264 0.000462372 -0.00595634  -0.0103387 -0.00180704 -0.00459703 0.0103921         0         0 0
             74.8781 -0.392638    31.395 -0.327413   0.0142107 -0.00460577  -0.0125326  0.00342145 -0.00255239  0.00532691 -0.00248201 0.000463697 -0.00595798  -0.0103656 -0.00173987 -0.00461448 0.0103912         0         0 20064
             74.8781 -0.392638    31.395 -0.327413   0.0142137 -0.00459839  -0.0125295  0.00344379 -0.00250126  0.00534901   -0.002482 0.000463693 -0.00595798  -0.0103657 -0.00174028 -0.00461473 0.00991493          0          0 0
              74.978 -0.368752   31.3971 -0.284132   0.0125845 -0.00528773  -0.0138835  -0.0116246 -0.00669504   -0.008486 -0.00248712 0.000465797 -0.00597359  -0.0103345 -0.00171411 -0.00446402 0.00991725          0          0 19968
              74.978 -0.368752   31.3971 -0.284132   0.0125881 -0.00528374  -0.0138808  -0.0115982 -0.00666666 -0.00846634  -0.0024871 0.000465797 -0.00597358  -0.0103346 -0.00171433 -0.00446427 0.0101056         0         0 0
             75.0778 -0.388977   31.3924 -0.285905   0.0134234 -0.00772813   -0.012488 0.000540966  -0.0190808  0.00755512 -0.00248662 0.000466826 -0.00598161  -0.0103674 -0.00161937 -0.00463693 0.0101024         0         0 19968
             75.0778 -0.388977   31.3924 -0.285905   0.0134282 -0.00771782  -0.0124858 0.000575788    -0.01901  0.00757161 -0.00248661 0.000466825 -0.00598163  -0.0103676 -0.00161994  -0.0046372 0.0100813         0         0 0
             75.1781 -0.388569   31.3639 -0.283336   0.0154114 -0.00924364  -0.0132556   0.0123566  -0.0164366 -0.00378663 -0.00248839  0.00047224 -0.00599041  -0.0105061 -0.00164089 -0.00462052 0.0100787         0         0 20064
             75.1781 -0.388569   31.3639 -0.283336   0.0154206 -0.00923666  -0.0132532   0.0124215  -0.0163872 -0.00376825 -0.00248837 0.000472234 -0.00599042  -0.0105065 -0.00164128 -0.00462093 0.01053       0       0 0
              75.278 -0.387891   31.3745 -0.292169   0.0147743 -0.00666026   -0.013095  -0.00128081    0.0119324 -0.000799377 -0.00249219 0.000471464 -0.00599465  -0.0104138 -0.00187124 -0.00459648 0.010531        0        0 19968
              75.278 -0.387891   31.3745 -0.292169    0.014777 -0.00665427  -0.0130922  -0.00126133    0.0119741 -0.000778965 -0.00249218 0.000471462 -0.00599464  -0.0104139 -0.00187157 -0.00459671 0.00980633          0          0 0
             75.3778 -0.345181   31.3925 -0.292869  0.0136604 -0.0061481 -0.0143029 -0.00976744  0.00625893 -0.00937199 -0.00250564 0.000468505 -0.00600196   -0.010408 -0.00183377 -0.00450724 0.00980937          0          0 19968
             75.3778 -0.345181   31.3925 -0.292869   0.0136654 -0.00613814  -0.0143018 -0.00972971  0.00632807 -0.00936274 -0.00250562 0.000468505 -0.00600198  -0.0104082 -0.00183433 -0.00450746 0.0105804         0         0 0
             75.4781 -0.381007   31.3505 -0.307272   0.0127873 -0.00527774  -0.0135597 -0.0101333 0.00768842 0.00207595 -0.00250316 0.000478512  -0.0060071  -0.0103701  -0.0018478 -0.00459633 0.0105809         0         0 20064
             75.4781 -0.381007   31.3505 -0.307272  0.0127928 -0.0052744 -0.0135579 -0.0100957 0.00771213  0.0020895 -0.00250315 0.000478511 -0.00600712  -0.0103703   -0.001848 -0.00459659 0.00957701          0          0 0
              75.578 -0.381962   31.3691 -0.322738   0.0130733 -0.00528885   -0.013378 -0.00310531  0.00279152   0.0020857 -0.00250836 0.000474456 -0.00601227 -0.0104389 -0.0018074 -0.0046343 0.00957459          0          0 19968
              75.578 -0.381962   31.3691 -0.322738    0.013076 -0.00528106  -0.0133766 -0.00308459  0.00284505  0.00209653 -0.00250836 0.000474455 -0.00601228   -0.010439 -0.00180783 -0.00463447 0.0102889         0         0 0
             75.6778 -0.373429   31.3947  -0.28301    0.013379 -0.00584058  -0.0130354 -0.000630323  -0.00253562   0.00354587 -0.00250896 0.000470105 -0.00602748  -0.0104681 -0.00176665 -0.00466009 0.010288        0        0 19968
             75.6778 -0.373429   31.3947  -0.28301  0.0133828 -0.0058383 -0.0130329 -0.000602766  -0.00251878   0.00356361 -0.00250893 0.000470104 -0.00602748  -0.0104682 -0.00176678 -0.00466034 0.0109742         0         0 0
             75.7781 -0.377711   31.3912 -0.263318   0.0134972 -0.00579942  -0.0132932 -0.000689451 -0.000361295 -0.000208603 -0.00250934 0.000471498 -0.00603887  -0.0104981   -0.001787 -0.00463701 0.0109741         0         0 20064
             75.7781 -0.377711   31.3912 -0.263318  0.0135009 -0.0057928 -0.0132902 -0.000663295 -0.000315828 -0.000187423 -0.00250933 0.000471497 -0.00603888  -0.0104982 -0.00178737 -0.00463727 0.0105091         0         0 0
              75.878 -0.391051   31.3925 -0.308816   0.0129224 -0.00586785  -0.0136217  -0.00539184 -0.000496629  -0.00159909 -0.00251378 0.000472337 -0.00603876  -0.0104883 -0.00178823  -0.0046095 0.0105096         0         0 19968
              75.878 -0.391051   31.3925 -0.308816   0.0129228 -0.00586484  -0.0136244  -0.00538906 -0.000476124  -0.00161791 -0.00251378 0.000472336 -0.00603876  -0.0104884  -0.0017884 -0.00460937 0.0103038         0         0 0
             75.9778 -0.367228   31.4264 -0.328738   0.0110572 -0.00549635  -0.0143306 -0.0155622 0.00171921 -0.0046828 -0.00252472 0.000466682 -0.00604286  -0.0104471  -0.0018122 -0.00454787 0.0103047         0         0 19968
             75.9778 -0.367228   31.4264 -0.328738   0.0110618 -0.00548582   -0.014331  -0.0155282  0.00179059 -0.00468468  -0.0025247 0.000466682 -0.00604288  -0.0104473 -0.00181278   -0.004548 0.0112038         0         0 0
             76.0781 -0.407362   31.3903  -0.32115   0.0122031 -0.00598957  -0.0140514  0.00105051 -0.00212692  0.00192481 -0.00251836 0.000474209 -0.00605261   -0.010555 -0.00178043 -0.00467247 0.0112005         0         0 20064
             76.0781 -0.407362   31.3903  -0.32115   0.0122045 -0.00598295  -0.0140555  0.00106045 -0.00208216  0.00189679 -0.00251835 0.000474201 -0.00605261  -0.0105552  -0.0017808 -0.00467231 0.0115479         0         0 0
              76.178 -0.385662   31.3687 -0.314042   0.0143863 -0.00636556  -0.0125436   0.0140795 -0.00333513   0.0121024 -0.00252536 0.000477259 -0.00606178  -0.0106149 -0.00177706 -0.00480715 0.0115435         0         0 19968
              76.178 -0.385662   31.3687 -0.314042   0.0143879 -0.00635777  -0.0125424   0.0140918 -0.00328165   0.0121111 -0.00252534 0.000477261  -0.0060618  -0.0106149 -0.00177749 -0.00480726 0.0110952         0         0 0
             76.2778 -0.398848   31.3821  -0.29868   0.0148985 -0.00787784  -0.0117607 0.00670575 -0.0113444 0.00982953 -0.00252628 0.000475697 -0.00607267   -0.010589 -0.00170877 -0.00476168 0.0110951         0         0 19968
             76.2778 -0.398848   31.3821  -0.29868   0.0148988 -0.00786927  -0.0117691 0.00670757 -0.0112865 0.00977121 -0.00252629 0.000475689 -0.00607267  -0.0105893 -0.00170925 -0.00476127 0.0107728         0         0 0
             76.3781 -0.402469   31.3721 -0.287082   0.0153129 -0.00802686  -0.0119715  0.00421808 -0.00519258  0.00208132 -0.00252865 0.000480592 -0.00608034   -0.010619 -0.00176287 -0.00469975 0.0107748         0         0 20064
             76.3781 -0.402469   31.3721 -0.287082  0.0153156 -0.0080179 -0.0119812 0.00423696 -0.0051322  0.0020144 -0.00252865 0.000480583 -0.00608035  -0.0106194 -0.00176337 -0.00469936 0.0109289         0         0 0
              76.478 -0.394799   31.3987 -0.308832   0.0134914 -0.00730723  -0.0138039  -0.012505 0.00359584 -0.0123537 -0.00253447 0.000477198 -0.00608489  -0.0105831 -0.00182676 -0.00453783 0.0109385         0         0 19968
              76.478 -0.394799   31.3987 -0.308832   0.0134946 -0.00729982  -0.0138045 -0.0124822 0.00364594 -0.0123567 -0.00253446 0.000477199 -0.00608491  -0.0105833 -0.00182717 -0.00453791 0.0110668         0         0 0
             76.5778 -0.398408   31.4111 -0.268352   0.0136448 -0.00617088  -0.0140741 -0.00423588   0.0101944 -0.00470231 -0.00253119 0.000474324 -0.00609949  -0.0106291 -0.00187214 -0.00463417 0.0110661         0         0 19968
             76.5778 -0.398408   31.4111 -0.268352   0.0136482 -0.00616357  -0.0140724 -0.00421121   0.0102452 -0.00468934 -0.00253119 0.000474325  -0.0060995  -0.0106292 -0.00187255 -0.00463437 0.0107031         0         0 0
             76.6781 -0.369295   31.3993 -0.306357   0.0125715 -0.00534394  -0.0143317  -0.0101826  0.00850789 -0.00353564 -0.00254467 0.000476752 -0.00610085  -0.0105953 -0.00186326 -0.00462879 0.0107036         0         0 20064
             76.6781 -0.369295   31.3993 -0.306357   0.0125727 -0.00533823  -0.0143298  -0.0101732  0.00854665 -0.00352223 -0.00254466 0.000476756 -0.00610085  -0.0105953 -0.00186358 -0.00462893 0.0106601         0         0 0
              76.778 -0.402286   31.3947  -0.33423   0.0127783 -0.00620005  -0.0133586 -0.00245345 -0.00360077  0.00560021 -0.00254453 0.000478102 -0.00610466  -0.0106162 -0.00177331 -0.00473174 0.0106573         0         0 19968
              76.778 -0.402286   31.3947  -0.33423  0.0127834 -0.0061966 -0.0133574 -0.00241665  -0.0035759  0.00560962 -0.00254451 0.000478099 -0.00610465  -0.0106164  -0.0017735 -0.00473196 0.0110167         0         0 0
             76.8778  -0.36821   31.3881 -0.297942   0.0133635 -0.00578087  -0.0121265 0.00261119 0.00124412 0.00989881 -0.00255099 0.000480984  -0.0061191  -0.0106421 -0.00181663  -0.0047936 0.0110138         0         0 19968
             76.8778  -0.36821   31.3881 -0.297942   0.0133658 -0.00577166  -0.0121275  0.0026284 0.00130714 0.00989248 -0.00255098 0.000480978 -0.00611911  -0.0106422 -0.00181715 -0.00479363 0.0111269         0         0 0
             76.9781 -0.388971   31.3635 -0.304874   0.0143055 -0.00716146  -0.0132035   0.0051176 -0.00986672 -0.00517774  -0.0025518 0.000487648 -0.00612584  -0.0107436  -0.0017315 -0.00470812 0.0111228         0         0 20064
             76.9781 -0.388971   31.3635 -0.304874   0.0143125 -0.00715217  -0.0131998 0.00516803 -0.0098016 -0.0051504 -0.00255178 0.000487645 -0.00612585  -0.0107439 -0.00173203 -0.00470853 0.0109726         0         0 0
              77.078 -0.370154   31.3902  -0.30937   0.0145966 -0.00689161  -0.0143694  0.00181452  -0.0015568 -0.00994187  -0.0025595 0.000482335 -0.00613196  -0.0107611  -0.0017986 -0.00466959 0.0109725         0         0 19968
              77.078 -0.370154   31.3902  -0.30937   0.0146029 -0.00688254  -0.0143676     0.00186 -0.00149361 -0.00992747 -0.00255948 0.000482332 -0.00613197  -0.0107614 -0.00179911 -0.00466989 0.0117157         0         0 0
             77.1778 -0.366351   31.3943 -0.312398     0.01377 -0.00605157  -0.0141456 -0.00622461  0.00527434 -0.00218881 -0.00256319 0.000482019 -0.00613972  -0.0106832 -0.00185465 -0.00470304 0.0117189         0         0 19968
             77.1778 -0.366351   31.3943 -0.312398   0.0137712 -0.00604485  -0.0141434 -0.00621665  0.00532065 -0.00217236 -0.00256318 0.000482016 -0.00613971  -0.0106832 -0.00185502  -0.0047032 0.0101859         0         0 0
             77.2781 -0.413036    31.375 -0.310379   0.0136603 -0.00666696  -0.0134123 -0.00450523 -0.00281894  0.00449174  -0.0025556 0.000485901 -0.00614843  -0.0106841 -0.00179527 -0.00476577 0.0101828         0         0 20064
             77.2781 -0.413036    31.375 -0.310379   0.0136637 -0.00665937  -0.0134092 -0.00447833 -0.00276639   0.0045154 -0.00255559 0.000485901 -0.00614843  -0.0106842  -0.0017957 -0.00476606 0.0110927         0         0 0
              77.378  -0.37775   31.3779 -0.286892   0.0131664 -0.00564409  -0.0135027 -0.00609015  0.00644458 0.000800214  -0.0025637 0.000486482 -0.00615976  -0.0107028 -0.00186726 -0.00473861 0.0110923         0         0 19968
              77.378  -0.37775   31.3779 -0.286892   0.0131691 -0.00563765  -0.0134999 -0.00607097  0.00648856 0.000820131 -0.00256369 0.000486483 -0.00615977  -0.0107029 -0.00186762 -0.00473884 0.00986172          0          0 0
             77.4778 -0.386646   31.3824  -0.29683  0.0138654   -0.00529 -0.0128141 0.00151949 0.00511382 0.00623449 -0.00256495 0.000485583 -0.00616548  -0.0107516 -0.00185761 -0.00481145 0.00986076          0          0 19968
             77.4778 -0.386646   31.3824  -0.29683   0.0138724 -0.00528258  -0.0128114 0.00157029 0.00516583 0.00625498 -0.00256493 0.000485579 -0.00616548  -0.0107518 -0.00185803 -0.00481181 0.0110347         0         0 0
             77.5781 -0.393855   31.3897   -0.3193   0.0134101 -0.00635644  -0.0128838  -0.0049378 -0.00527173  0.00172573 -0.00257067 0.000484518 -0.00616896  -0.0107467  -0.0017753 -0.00476088 0.0110347         0         0 20064
             77.5781 -0.393855   31.3897   -0.3193   0.0134096 -0.00635127  -0.0128843  -0.0049416 -0.00523691  0.00172256 -0.00257067 0.000484521 -0.00616896  -0.0107467 -0.00177559 -0.00476084 0.00995338          0          0 0
              77.678 -0.373048   31.4141 -0.320163  0.0132675 -0.0056596 -0.0136323 -0.00432675  0.00436807 -0.00338695 -0.00257785  0.00047921 -0.00617594  -0.0107948 -0.00184956 -0.00472907 0.00995175          0          0 19968
              77.678 -0.373048   31.4141 -0.320163   0.0132712 -0.00564815  -0.0136298 -0.00429919  0.00444717 -0.00336841 -0.00257784 0.000479208 -0.00617595  -0.0107949 -0.00185021 -0.00472932 0.0100954         0         0 0
             77.7778 -0.367966   31.3795   -0.2977   0.0130149 -0.00603439  -0.0153614 -0.00597274 -0.00283227  -0.0120456 -0.00258005 0.000487868 -0.00618834  -0.0108423 -0.00181359 -0.00466767 0.0100943         0         0 19968
             77.7778 -0.367966   31.3795   -0.2977  0.0130192 -0.0060262 -0.0153605  -0.0059413 -0.00277634  -0.0120386 -0.00258004 0.000487866 -0.00618835  -0.0108424 -0.00181405 -0.00466786 0.0107247         0         0 0
             77.8781  -0.38287   31.4102 -0.304073   0.0128424 -0.00503352  -0.0140484 -0.00404685  0.00549276  0.00584831 -0.00258247 0.000481758 -0.00619367  -0.0107848   -0.001881 -0.00481409 0.010723        0        0 20064
             77.8781  -0.38287   31.4102 -0.304073   0.0128507 -0.00502735  -0.0140466 -0.00398876   0.0055362  0.00586226 -0.00258245 0.000481756 -0.00619367  -0.0107851 -0.00188136 -0.00481444 0.0109559         0         0 0
              77.978 -0.396795   31.3619 -0.306482   0.0130646 -0.00597511  -0.0127421 -0.000705274  -0.00360653    0.0120472 -0.00258336 0.000493708 -0.00620084   -0.010792 -0.00179626 -0.00486817 0.0109549         0         0 19968
              77.978 -0.396795   31.3619 -0.306482   0.0130654 -0.00597474  -0.0127445 -0.000700566  -0.00360365    0.0120304 -0.00258335 0.000493707 -0.00620083  -0.0107921 -0.00179628 -0.00486807 0.0106161         0         0 0
             78.0778 -0.349271   31.3803 -0.285208     0.01317 -0.00659153   -0.013189 -0.00109467 -0.00559686  0.00115268 -0.00259325 0.000490947 -0.00621215  -0.0108551 -0.00178833 -0.00479564 0.0106158         0         0 19968
             78.0778 -0.349271   31.3803 -0.285208   0.0131724 -0.00658473  -0.0131852 -0.00107737 -0.00554986  0.00117989 -0.00259324 0.000490948 -0.00621215  -0.0108551 -0.00178872 -0.00479591 0.00943319          0          0 0
             78.1781 -0.351315   31.3818  -0.30144   0.0138289 -0.00671135  -0.0145779  0.00281111  -0.0021674 -0.00876441 -0.00259439 0.000490358 -0.00621774  -0.0109408 -0.00181688  -0.0047477 0.00943214          0          0 20064
             78.1781 -0.351315   31.3818  -0.30144    0.013835 -0.00670708  -0.0145775  0.00285384 -0.00213724 -0.00876045 -0.00259437 0.000490358 -0.00621774  -0.0109411 -0.00181712 -0.00474792 0.00992778          0          0 0
              78.278 -0.353864   31.3837 -0.291106   0.0127273 -0.00705055  -0.0139676 -0.00747523 -0.00361092   0.0011611 -0.00259627 0.000492284 -0.00622695  -0.0108364 -0.00181591 -0.00478796 0.00992932          0          0 19968
              78.278 -0.353864   31.3837 -0.291106   0.0127341 -0.00704252  -0.0139676 -0.00742673 -0.00355659  0.00116271 -0.00259625 0.000492277 -0.00622695  -0.0108368 -0.00181636 -0.00478818 0.0109253         0         0 0
             78.3778 -0.378477   31.3775  -0.32078   0.0131795 -0.00570444  -0.0143717 -0.000298415   0.00770525  -0.00239076   -0.002597 0.000493546 -0.00622936  -0.0109164 -0.00191641 -0.00480341 0.0109259         0         0 19968
             78.3778 -0.378477   31.3775  -0.32078   0.0131852 -0.00569614  -0.0143697 -0.000257874   0.00776327  -0.00237572 -0.00259699 0.000493547 -0.00622937  -0.0109167 -0.00191689  -0.0048037 0.0104762         0         0 0
             78.4781 -0.378155   31.3935 -0.318224   0.0134891 -0.00679751  -0.0142578 0.000573396 -0.00538607  1.4642e-07 -0.00259911 0.000489924  -0.0062381  -0.0109272  -0.0018152 -0.00483098 0.0104764         0         0 20064
             78.4781 -0.378155   31.3935 -0.318224   0.0134952 -0.00678794  -0.0142549 0.000618535 -0.00531962 2.19374e-05 -0.00259909 0.000489922  -0.0062381  -0.0109275 -0.00181574 -0.00483133 0.011433        0        0 0
              78.578  -0.35926   31.3943 -0.286799   0.0134815 -0.00766509  -0.0144047 -0.00161787 -0.00890905 -0.00136841  -0.0026023 0.000490357 -0.00625188  -0.0109338  -0.0017976 -0.00482291 0.0114326         0         0 19968
              78.578  -0.35926   31.3943 -0.286799   0.0134889 -0.00765873  -0.0144007 -0.00156689 -0.00886446 -0.00133887 -0.00260229 0.000490361  -0.0062519  -0.0109341 -0.00179796 -0.00482334 0.0108554         0         0 0
             78.6778  -0.37724   31.3947 -0.307021   0.0143526 -0.00675308  -0.0140432 0.00414868 0.00295513 0.00117555 -0.00260398 0.000489893 -0.00625513   -0.010973 -0.00189858 -0.00488143 0.0108516         0         0 19968
             78.6778  -0.37724   31.3947 -0.307021   0.0143591 -0.00674404  -0.0140401 0.00419514 0.00301827 0.00119874 -0.00260396 0.000489895 -0.00625514 -0.0109732 -0.0018991 -0.0048818 0.0108942         0         0 0
             78.7782 -0.383865   31.4049 -0.326492   0.0136828 -0.00483375  -0.0137592 -0.00400346   0.0129908  0.00125576 -0.00260795 0.000488522 -0.00625892  -0.0109228 -0.00198529 -0.00485209 0.0108951         0         0 20064
             78.7782 -0.383865   31.4049 -0.326492   0.0136857 -0.00482707   -0.013756 -0.00398196   0.0130364  0.00127901 -0.00260794 0.000488524 -0.00625892  -0.0109228 -0.00198566 -0.00485236 0.0100974         0         0 0
              78.878 -0.376902   31.3994 -0.287698   0.0123723 -0.00614853  -0.0135762  -0.0121788 -0.00453385  0.00122878 -0.00260937 0.000491161 -0.00627351  -0.0108846 -0.00183465 -0.00482062 0.0100959         0         0 19968
              78.878 -0.376902   31.3994 -0.287698   0.0123759 -0.00613854  -0.0135748 -0.0121522 -0.0044652 0.00123974 -0.00260936 0.000491162 -0.00627353  -0.0108847 -0.00183522 -0.00482082 0.0101629         0         0 0
             78.9778 -0.384552   31.3742  -0.27399   0.0141265 -0.00756297  -0.0132031  0.0059799 -0.0106015 0.00332552 -0.00260858 0.000496694 -0.00628353  -0.0110215 -0.00178871 -0.00492319 0.0101589         0         0 19968
             78.9778 -0.384552   31.3742  -0.27399   0.0141328 -0.00755878  -0.0132026 0.00602351 -0.0105722 0.00332997 -0.00260857 0.000496688 -0.00628353  -0.0110218 -0.00178895 -0.00492341 0.0102789         0         0 0
             79.0782 -0.385559   31.3736 -0.319799   0.0136934 -0.00659519  -0.0132604 -0.00299581  0.00265727  0.00081958 -0.00261817 0.000498609 -0.00628125  -0.0109885 -0.00190485 -0.00487402 0.0102803         0         0 20064
             79.0782 -0.385559   31.3736 -0.319799   0.0136967 -0.00658563  -0.0132573 -0.00297109   0.0027233 0.000842381 -0.00261816  0.00049861 -0.00628127 -0.0109886 -0.0019054 -0.0048743 0.00984415          0          0 0
              79.178 -0.38114  31.4015 -0.29739   0.0131412 -0.00596596  -0.0137361  -0.0063952  0.00499942 -0.00252786 -0.00262076 0.000493289 -0.00629269  -0.0109966 -0.00192428 -0.00483819 0.00984396          0          0 19968
              79.178 -0.38114  31.4015 -0.29739   0.0131428 -0.00595746  -0.0137338 -0.00638201  0.00505761 -0.00251107 -0.00262075  0.00049329  -0.0062927  -0.0109966 -0.00192476 -0.00483837 0.010584        0        0 0
             79.2778 -0.395467   31.3659 -0.322104   0.0130153 -0.00640602  -0.0140752  -0.0046294  -0.0011835 -0.00234119 -0.00262439 0.000501304  -0.0062951  -0.0110261 -0.00187327 -0.00485112 0.0105829         0         0 19968
             79.2778 -0.395467   31.3659 -0.322104   0.0130196 -0.00640069  -0.0140739 -0.00459991 -0.00114668  -0.0023303 -0.00262438 0.000501301 -0.00629509  -0.0110262 -0.00187357 -0.00485133 0.00961691          0          0 0
             79.3782  -0.37985   31.3864 -0.309724   0.0136069 -0.00622966  -0.0146068 0.000771751   0.0015114 -0.00317501 -0.00263001 0.000497575  -0.0063051   -0.011088 -0.00189191 -0.00487228 0.00961676          0          0 20064
             79.3782  -0.37985   31.3864 -0.309724   0.0136095 -0.00622134  -0.0146077 0.000790807  0.00156797 -0.00318031    -0.00263 0.000497575 -0.00630512  -0.0110882 -0.00189238 -0.00487233 0.0106394         0         0 0
              79.478 -0.395361   31.3882 -0.310832   0.0134294 -0.00576834  -0.0137083 -0.00196091  0.00392168   0.0063927 -0.00262873 0.000498405 -0.00631099  -0.0110418 -0.00191326 -0.00493388 0.0106395         0         0 19968
              79.478 -0.395361   31.3882 -0.310832   0.0134329 -0.00575652  -0.0137061 -0.00193349  0.00400187   0.0064095 -0.00262872 0.000498407   -0.006311  -0.0110419 -0.00191393 -0.00493412 0.0114003         0         0 0
             79.5778 -0.342396   31.4042 -0.283878   0.0130494 -0.00577076  -0.0138434 -0.00438017 0.000804604  0.00192448 -0.00264116  0.00049613 -0.00632325  -0.0110589 -0.00189429 -0.00489421 0.0114001         0         0 19968
             79.5778 -0.342396   31.4042 -0.283878   0.0130508 -0.00576329  -0.0138414 -0.00437068 0.000856081  0.00194017 -0.00264116 0.000496133 -0.00632325  -0.0110589 -0.00189471 -0.00489436 0.0097483         0         0 0
             79.6782 -0.365067   31.4016 -0.297882  0.0128566 -0.0054704 -0.0138095 -0.00362547  0.00148071  0.00168803 -0.00264214 0.000496554 -0.00632741  -0.0110786 -0.00190955 -0.00490014 0.00974794          0          0 20064
             79.6782 -0.365067   31.4016 -0.297882   0.0128566 -0.00547077  -0.0138076 -0.00362499  0.00147856  0.00170131 -0.00264213 0.000496557  -0.0063274  -0.0110785 -0.00190953 -0.00490024 0.0100477         0         0 0
              79.778 -0.378285   31.3899 -0.308236   0.0137537 -0.00683129  -0.0130052  0.00356618 -0.00848496  0.00690723 -0.00264086 0.000498472 -0.00633526  -0.0111236 -0.00182558 -0.00497609 0.0100423         0         0 19968
              79.778 -0.378285   31.3899 -0.308236   0.0137566 -0.00682071  -0.0130015  0.00358907 -0.00841239  0.00693468 -0.00264085 0.000498474 -0.00633527  -0.0111237 -0.00182618 -0.00497639 0.0107405         0         0 0
             79.8778 -0.398418   31.3822 -0.297557   0.0147731 -0.00685451  -0.0126434  0.00685006 -0.00300441  0.00547868 -0.00263777 0.000500782 -0.00634415  -0.0111683 -0.00187394  -0.0049863 0.0107399         0         0 19968
             79.8778 -0.398418   31.3822 -0.297557   0.0147774 -0.00684747  -0.0126374  0.00688208 -0.00295504  0.00552147 -0.00263776 0.000500782 -0.00634414  -0.0111683 -0.00187434 -0.00498676 0.0104247         0         0 0
             79.9782 -0.375049   31.3561 -0.293373   0.0151088 -0.00590199  -0.0128766  0.00337356  0.00552062 0.000412269 -0.00264468 0.000507092 -0.00635213  -0.0111799 -0.00194418 -0.00494172 0.0104263         0         0 20064
             79.9782 -0.375049   31.3561 -0.293373    0.015114 -0.00589296  -0.0128731  0.00341059  0.00558273 0.000437895 -0.00264467 0.000507089 -0.00635214    -0.01118 -0.00194469 -0.00494206 0.0102897         0         0 0
              80.078 -0.365078   31.3483 -0.320426    0.013746 -0.00461065  -0.0145929 -0.00988333   0.0095597  -0.0123008 -0.00265111 0.000510227 -0.00635471  -0.0111574 -0.00198704 -0.00480424 0.0102926         0         0 19968
              80.078 -0.365078   31.3483 -0.320426   0.0137472 -0.00460109  -0.0145904 -0.00987291  0.00962496  -0.0122824 -0.00265111 0.000510227 -0.00635472  -0.0111574 -0.00198758 -0.00480442 0.0102794         0         0 0
             80.1778 -0.400065   31.4044 -0.318206  0.0132324 -0.0041333 -0.0139599 -0.00740846  0.00587875 0.000330471 -0.00264766 0.000498414 -0.00636271  -0.0111328 -0.00196104 -0.00491949 0.0102793         0         0 19968
             80.1778 -0.400065   31.4044 -0.318206   0.0132377 -0.00412479  -0.0139568 -0.00736944  0.00593766 0.000353206 -0.00264764 0.000498412 -0.00636271   -0.011133 -0.00196153 -0.00491982 0.0111825         0         0 0
             80.2782 -0.358558    31.383 -0.277702   0.0130859 -0.00536213  -0.0130838 -0.00420346 -0.00682838  0.00552591 -0.00265535 0.000503557 -0.00637706  -0.0111428 -0.00185761 -0.00498049 0.0111815         0         0 20064
             80.2782 -0.358558    31.383 -0.277702    0.013087 -0.00535369  -0.0130804  -0.0041947 -0.00677058  0.00555081 -0.00265535 0.000503557 -0.00637706  -0.0111427 -0.00185809 -0.00498072 0.00980379          0          0 0
              80.378 -0.406688   31.3896 -0.310039   0.0130278 -0.00634028  -0.0129456 -0.00297453 -0.00941352  0.00202383 -0.00265203 0.000503501 -0.00637787   -0.011183 -0.00184104 -0.00496964 0.0098031         0         0 19968
              80.378 -0.406688   31.3896 -0.310039   0.0130322 -0.00633161  -0.0129433 -0.00294187 -0.00935461  0.00204116 -0.00265203 0.000503503 -0.00637787  -0.0111831 -0.00184153 -0.00496991 0.0108475         0         0 0
             80.4778 -0.344481   31.4096 -0.297137   0.0119177 -0.00627695  -0.0138294 -0.00984583 -0.00331932 -0.00639305 -0.00266725 0.000499432 -0.00638819  -0.0111878 -0.00189339 -0.00488819 0.0108489         0         0 19968
             80.4778 -0.344481   31.4096 -0.297137   0.0119189 -0.00626678  -0.0138298 -0.00983727 -0.00325058 -0.00639525 -0.00266725 0.000499433  -0.0063882  -0.0111879 -0.00189396 -0.00488821 0.0101063         0         0 0
             80.5782 -0.378263   31.4012 -0.304363   0.0118401 -0.00698884  -0.0147111 -0.00482467 -0.00638242 -0.00861388 -0.00266263 0.000500811 -0.00639512  -0.0112465 -0.00187453 -0.00490084 0.0101043         0         0 20064
             80.5782 -0.378263   31.4012 -0.304363   0.0118443 -0.00697739  -0.0147108  -0.0047933 -0.00630382  -0.0086104 -0.00266263  0.00050081 -0.00639513  -0.0112467 -0.00187519   -0.004901 0.0104182         0         0 0
              80.678 -0.398271   31.3821 -0.317054  0.0134596 -0.0071759 -0.0141611 0.00838617 -0.0030228 0.00120334 -0.00266262 0.000504713 -0.00640053  -0.0113116 -0.00190182 -0.00503684 0.010415        0        0 19968
              80.678 -0.398271   31.3821 -0.317054   0.0134657 -0.00716665  -0.0141594  0.00842979 -0.00296007  0.00121651  -0.0026626 0.000504714 -0.00640055  -0.0113119 -0.00190234 -0.00503712 0.0110445         0         0 0
             80.7779 -0.366601   31.3711 -0.309876   0.0135611 -0.00566596  -0.0142645   0.00262793   0.00897987 -0.000398681 -0.00267175 0.000508292 -0.00640949  -0.0112904 -0.00200495 -0.00500323 0.011046        0        0 19968
             80.7779 -0.366601   31.3711 -0.309876   0.0135628 -0.00565733  -0.0142622   0.00264038   0.00903993 -0.000382729 -0.00267175 0.000508295 -0.00640949  -0.0112904 -0.00200545  -0.0050034 0.00942748          0          0 0
             80.8782 -0.383976   31.3879 -0.303055   0.0144722 -0.00491893  -0.0132969 0.00570296 0.00800306 0.00707986 -0.00266885 0.000504726 -0.00642004  -0.0112999 -0.00199794 -0.00507772 0.00942548          0          0 20064
             80.8782 -0.383976   31.3879 -0.303055   0.0144751 -0.00491163   -0.013295 0.00572517 0.00805336 0.00709427 -0.00266885 0.000504721 -0.00642004     -0.0113 -0.00199835 -0.00507792 0.0100483         0         0 0
              80.978 -0.398694   31.3893 -0.307897   0.0146704 -0.00470739  -0.0119229 0.00139663 0.00455938  0.0122702  -0.0026703 0.000505559 -0.00642609  -0.0112654 -0.00196589 -0.00510323 0.0100484         0         0 19968
              80.978 -0.398694   31.3893 -0.307897   0.0146795 -0.00470048  -0.0119187 0.00146151 0.00460731  0.0123014 -0.00267028 0.000505553 -0.00642609  -0.0112657 -0.00196628 -0.00510374 0.0113342         0         0 0
             81.0779 -0.373492   31.3805 -0.324491  0.0135003  -0.003957 -0.0118299 -0.00939125  0.00651593  0.00490323 -0.00267974  0.00050882 -0.00643051  -0.0112377 -0.00198409 -0.00500626 0.0113365         0         0 19968
             81.0779 -0.373492   31.3805 -0.324491   0.0135038 -0.00395155  -0.0118386 -0.00936897   0.0065524  0.00484253 -0.00267975 0.000508815 -0.00643052  -0.0112381  -0.0019844 -0.00500591 0.0101123         0         0 0
             81.1782  -0.38581   31.3898 -0.303519   0.0149065 -0.00626823  -0.0123007   0.00475273   -0.0129949 -0.000266758 -0.00267766 0.000506064 -0.00644261  -0.0113789 -0.00182368 -0.00503157 0.0101102         0         0 20064
             81.1782  -0.38581   31.3898 -0.303519   0.0149108 -0.00626206  -0.0123004   0.00478483   -0.0129516 -0.000263049 -0.00267764 0.000506061 -0.00644261  -0.0113791 -0.00182404 -0.00503174 0.0113196         0         0 0
              81.278 -0.352041   31.3768 -0.296082   0.0140862 -0.00737204  -0.0138812 -0.00625311  -0.0120539  -0.0106042 -0.00268496  0.00050994 -0.00645107  -0.0113641 -0.00183752 -0.00491938 0.0113258         0         0 19968
              81.278 -0.352041   31.3768 -0.296082   0.0140924 -0.00736182  -0.0138788 -0.00621028  -0.0119836  -0.0105868 -0.00268495 0.000509935 -0.00645108  -0.0113643 -0.00183811  -0.0049197 0.0108211         0         0 0
             81.3779  -0.38976   31.3998 -0.328741   0.0129729 -0.00752173  -0.0146865  -0.0109344 -0.00497482 -0.00764966 -0.00268069 0.000505971 -0.00645325   -0.011335 -0.00189873 -0.00492471 0.0108224         0         0 19968
             81.3779  -0.38976   31.3998 -0.328741   0.0129786 -0.00751129  -0.0146858  -0.0108943 -0.00490365 -0.00764405 -0.00268068  0.00050597 -0.00645327  -0.0113352 -0.00189932 -0.00492492 0.0105887         0         0 0
             81.4782 -0.371052   31.4052 -0.302441     0.01296 -0.00589976  -0.0140199 -0.00410179   0.0100644   0.0046629 -0.00268409 0.000504769 -0.00646538  -0.0113502  -0.0020219 -0.00503695 0.0105877         0         0 20064
             81.4782 -0.371052   31.4052 -0.302441   0.0129635 -0.00589281  -0.0140154 -0.00407491   0.0101132  0.00469475 -0.00268407 0.000504771 -0.00646537 -0.0113503 -0.0020223 -0.0050373 0.0107797         0         0 0
              81.578  -0.36182   31.3837 -0.308929   0.0124777 -0.00526065  -0.0141265 -0.00593316  0.00722752  0.00134419 -0.00268778 0.000509812 -0.00647229  -0.0113641 -0.00200391 -0.00501072 0.0107795         0         0 19968
              81.578  -0.36182   31.3837 -0.308929   0.0124829 -0.00525449   -0.014126 -0.00589632  0.00727077  0.00134899 -0.00268777  0.00050981 -0.00647231  -0.0113643 -0.00200427 -0.00501091 0.0097405         0         0 0
             81.6779 -0.390527   31.4042 -0.327277   0.0121982 -0.00631971  -0.0124517 -0.00521129  -0.0050508   0.0125593 -0.00268743  0.00050688 -0.00647602  -0.0113342 -0.00190614 -0.00510566 0.00973768          0          0 19968
             81.6779 -0.390527   31.4042 -0.327277   0.0122046 -0.00631079  -0.0124492 -0.00516582 -0.00498967   0.0125782 -0.00268742 0.000506879 -0.00647604  -0.0113345 -0.00190665   -0.005106 0.0103609         0         0 0
             81.7777 -0.359096   31.3827 -0.308062   0.0136993 -0.00524456  -0.0132909  0.00733595  0.00567673 -0.00142417 -0.00269501 0.000511507 -0.00648672  -0.0115008 -0.00200155 -0.00506654 0.0103609         0         0 19968
             81.7777 -0.359096   31.3827 -0.308062   0.0137067 -0.00523951  -0.0132845  0.00738894  0.00571328 -0.00137757 -0.00269499 0.000511511 -0.00648672  -0.0115009 -0.00200185 -0.00506712 0.00988101          0          0 0
              81.878 -0.363567    31.392 -0.287461   0.0148473 -0.00622929  -0.0133998  0.00910441 -0.00584885 -0.00131577 -0.00269513 0.000509501 -0.00649747   -0.011524 -0.00191443 -0.00508431 0.00988053          0          0 20064
              81.878 -0.363567    31.392 -0.287461   0.0148537 -0.00622156  -0.0133959  0.00915163 -0.00579436 -0.00128663 -0.00269511 0.000509498 -0.00649746  -0.0115243 -0.00191488 -0.00508474 0.0113584         0         0 0
             81.9779 -0.371913   31.3874 -0.310444    0.014676 -0.00713029  -0.0135393 0.000771483 -0.00890881 -0.00190504 -0.00269787 0.000511414 -0.00650183  -0.0114782 -0.00189461 -0.00505276 0.0113592         0         0 19968
             81.9779 -0.371913   31.3874 -0.310444   0.0146793 -0.00712321  -0.0135359  0.00079457 -0.00885987 -0.00188033 -0.00269786 0.000511414 -0.00650183  -0.0114783 -0.00189502 -0.00505304 0.00911589          0          0 0
             82.0777 -0.381204   31.4054  -0.30435   0.0126414 -0.00679453  -0.0135272   -0.0148695  -0.00181934 -0.000804467 -0.00269713 0.000509778 -0.00651031  -0.0113778 -0.00195997 -0.00499981 0.00911858          0          0 19968
             82.0777 -0.381204   31.4054  -0.30435   0.0126434 -0.00678699  -0.0135266   -0.0148535  -0.00176882 -0.000799465 -0.00269713 0.000509778 -0.00651032  -0.0113779  -0.0019604 -0.00499992 0.0109024         0         0 0
              82.178 -0.352344   31.4111 -0.301509   0.0119262 -0.00550719  -0.0133241 -0.00998319  0.00759773 0.000507173 -0.00270566 0.000508663 -0.00651853  -0.0114131 -0.00204281 -0.00504361 0.010897        0        0 20064
              82.178 -0.352344   31.4111 -0.301509   0.0119313 -0.00549662  -0.0133217 -0.00994672  0.00767034 0.000525276 -0.00270565 0.000508665 -0.00651855  -0.0114133 -0.00204342 -0.00504391 0.0103878         0         0 0
             82.2779 -0.34239   31.414 -0.29268   0.0115362 -0.00467778  -0.0147246 -0.00746962  0.00718634  -0.0100714 -0.00271003 0.000507987  -0.0065285  -0.0114948  -0.0020469 -0.00498374 0.0103863         0         0 19968
             82.2779 -0.34239   31.414 -0.29268  0.0115367 -0.0046712 -0.0147252 -0.00746583  0.00723134  -0.0100753 -0.00271002 0.000507986 -0.00652851  -0.0114949 -0.00204728 -0.00498373 0.0104523         0         0 0
             82.3777 -0.370106    31.396 -0.315161   0.0119659 -0.00559707  -0.0139531 -0.000645167   -0.0040379   0.00217223 -0.00271071 0.000512227 -0.00653157  -0.0115018 -0.00195395 -0.00510958 0.0104477         0         0 19968
             82.3777 -0.370106    31.396 -0.315161   0.0119721 -0.00559062  -0.0139506 -0.000601968  -0.00399309   0.00219111 -0.00271069 0.000512226 -0.00653157   -0.011502 -0.00195432 -0.00510991 0.0104122         0         0 0
              82.478 -0.359815   31.3793 -0.305928   0.0129694 -0.00513375  -0.0138717 0.00545875 0.00147488 0.00126535 -0.00271445  0.00051625 -0.00654116  -0.0115652 -0.00200559 -0.00513592 0.0104113         0         0 20064
              82.478 -0.359815   31.3793 -0.305928   0.0129736 -0.00512463  -0.0138687 0.00548958 0.00153794 0.00128719 -0.00271444  0.00051625 -0.00654118  -0.0115653 -0.00200612 -0.00513622 0.0103485         0         0 0
             82.5779  -0.39283   31.3621 -0.291479   0.0144257 -0.00715572  -0.0135743 0.00948432 -0.0132812 0.00277661 -0.00270999 0.000520404 -0.00655194  -0.0116096 -0.00188241 -0.00517066 0.0103469         0         0 19968
             82.5779  -0.39283   31.3621 -0.291479  0.0144285 -0.0071465 -0.0135789 0.00950358 -0.0132184 0.00274591 -0.00270999 0.000520401 -0.00655196  -0.0116098 -0.00188295 -0.00517052 0.00930074          0          0 0
             82.6777 -0.401558   31.3684 -0.323849   0.0142454 -0.00762648  -0.0131692 8.54357e-05 -0.00738869  0.00416374 -0.00271547 0.000519933 -0.00655303  -0.0115571 -0.00192953 -0.00514502 0.0093032         0         0 19968
             82.6777 -0.401558   31.3684 -0.323849    0.014253 -0.00761778  -0.0131665  0.00013997 -0.00732854  0.00418402 -0.00271546 0.000519932 -0.00655304  -0.0115574 -0.00193003 -0.00514541 0.00997716          0          0 0
              82.778 -0.367279   31.3701  -0.29781   0.0138274 -0.00736528  -0.0143523  -0.00481374 -0.000449099  -0.00637706 -0.00272264 0.000520125 -0.00656522  -0.0115885 -0.00198641 -0.00505136 0.00997865          0          0 20064
              82.778 -0.367279   31.3701  -0.29781   0.0138344 -0.00735701  -0.0143496  -0.00476421 -0.000391991  -0.00635642 -0.00272263 0.000520127 -0.00656523  -0.0115888  -0.0019869 -0.00505173 0.00992622          0          0 0
             82.8779 -0.377748    31.386 -0.306597   0.0144001 -0.00655912  -0.0147494  0.00117076  0.00527806 -0.00372249 -0.00272484 0.000517462 -0.00656963  -0.0116366 -0.00204012 -0.00510069 0.00992468          0          0 19968
             82.8779 -0.377748    31.386 -0.306597   0.0144044 -0.00655151   -0.014747  0.00120267  0.00533094 -0.00370453 -0.00272483  0.00051746 -0.00656962  -0.0116367 -0.00204056 -0.00510097 0.0100957         0         0 0
             82.9777 -0.364877   31.3701 -0.293581   0.0136609 -0.00619225  -0.0138185 -0.00609691  0.00429372  0.00588572 -0.00272962 0.000522443 -0.00657896  -0.0115538 -0.00203415 -0.00514849 0.0100975         0         0 19968
             82.9777 -0.364877   31.3701 -0.293581   0.0136669 -0.00618583   -0.013816 -0.0060539 0.00433895 0.00590459 -0.00272961 0.000522437 -0.00657896   -0.011554 -0.00203452 -0.00514882 0.0102413         0         0 0
              83.078 -0.395547    31.402 -0.301345   0.0131604 -0.00625552  -0.0123864 -0.00688782  0.00123276   0.0128065 -0.00272703 0.000515593 -0.00658467  -0.0115342 -0.00200999 -0.00520255 0.0102401         0         0 20064
              83.078 -0.395547    31.402 -0.301345   0.0131642 -0.00625249  -0.0123856 -0.00686137  0.00125389   0.0128133 -0.00272702 0.000515596 -0.00658468  -0.0115343 -0.00201016 -0.00520272 0.010556        0        0 0
             83.1779 -0.388479   31.4153 -0.319522   0.0126917 -0.00519255  -0.0114204 -0.00671333  0.00776507   0.0114646 -0.00273246 0.000513224 -0.00658839   -0.011555 -0.00206689 -0.00519878 0.0105569         0         0 19968
             83.1779 -0.388479   31.4153 -0.319522   0.0126962 -0.00518326  -0.0114171 -0.00668072  0.00782992   0.0114889 -0.00273245  0.00051322 -0.00658838  -0.0115551 -0.00206743  -0.0051991 0.0102218         0         0 0
             83.2777 -0.353722   31.3838 -0.280495   0.0119925 -0.00459796  -0.0129105 -0.00872504  0.00623352 -0.00638163 -0.00273747 0.000521265 -0.00660361  -0.0116335 -0.00205851 -0.00506326 0.0102221         0         0 19968
             83.2777 -0.353722   31.3838 -0.280495    0.011996 -0.00459066  -0.0129115 -0.00870023   0.0062837 -0.00638785 -0.00273747 0.000521265 -0.00660363  -0.0116337 -0.00205894 -0.00506332 0.00953922          0          0 0
              83.378 -0.367155   31.3776 -0.269716   0.0130494 -0.00573562  -0.0136503  0.00302382 -0.00561945 -0.00632029 -0.00273683 0.000522724 -0.00661213  -0.0117313 -0.00196384  -0.0051203 0.00953591          0          0 20064
              83.378 -0.367155   31.3776 -0.269716   0.0130557 -0.00572982   -0.013647  0.00306824  -0.0055794 -0.00629626 -0.00273682 0.000522726 -0.00661214  -0.0117315 -0.00196417 -0.00512068 0.0101659         0         0 0
             83.4779 -0.379606   31.3688  -0.30062    0.013924 -0.00690901  -0.0142209 0.00577488 -0.0101661 -0.0056643 -0.00273991  0.00052566   -0.006614  -0.0117622 -0.00193117 -0.00514606 0.0101648         0         0 19968
             83.4779 -0.379606   31.3688  -0.30062   0.0139318 -0.00689723  -0.0142202  0.00583071  -0.0100845 -0.00565697 -0.00273989 0.000525657 -0.00661402  -0.0117626 -0.00193186 -0.00514636 0.0101916         0         0 0
             83.5777 -0.351671   31.3596 -0.289325   0.0140007 -0.00717994  -0.0153607   0.0010247 -0.00584843 -0.00970559 -0.00274707 0.000528812 -0.00662366  -0.0117627 -0.00197384  -0.0051057 0.0101908         0         0 19968
             83.5777 -0.351671   31.3596 -0.289325    0.014008 -0.00717065  -0.0153588   0.0010771 -0.00578354 -0.00969099 -0.00274706  0.00052881 -0.00662367   -0.011763 -0.00197439 -0.00510604 0.0104385         0         0 0
             83.6781 -0.349464   31.3959 -0.293564   0.0135162 -0.00607604  -0.0153161 -0.00387977  0.00509279 -0.00278136 -0.00274974 0.000522021 -0.00663005  -0.0117116 -0.00207115 -0.00514643 0.0104396         0         0 20064
             83.6781 -0.349464   31.3959 -0.293564   0.0135207 -0.00606808  -0.0153171 -0.00384675  0.00514786 -0.00278719 -0.00274972 0.000522018 -0.00663005  -0.0117118 -0.00207162 -0.00514653 0.0110941         0         0 0
             83.7779 -0.381373   31.4034 -0.300668   0.0126842 -0.00654617  -0.0144149  -0.0075964 -0.00280669  0.00468163 -0.00274723 0.000521295 -0.00663617   -0.011658  -0.0020168 -0.00519424 0.0110936         0         0 19968
             83.7779 -0.381373   31.4034 -0.300668   0.0126892 -0.00653494   -0.014414 -0.00755986 -0.00273078  0.00468844 -0.00274722 0.000521294 -0.00663619  -0.0116582 -0.00201745 -0.00519446 0.0114761         0         0 0
             83.8777 -0.380547   31.3628 -0.310103   0.0136272 -0.00502757  -0.0138359 0.00319892 0.00915097 0.00532137 -0.00275136 0.000529413  -0.0066422  -0.0117465 -0.00211931 -0.00525537 0.0114754         0         0 19968
             83.8777 -0.380547   31.3628 -0.310103   0.0136331 -0.00501519  -0.0138333 0.00324136 0.00923658 0.00534093 -0.00275134 0.000529413 -0.00664223  -0.0117467 -0.00212003 -0.00525571 0.0107051         0         0 0
             83.9781 -0.339609   31.4043 -0.293737   0.0129343 -0.00467968  -0.0145459 -0.00515022  0.00426522 -0.00406465 -0.00276319 0.000521469  -0.0066524  -0.0117424 -0.00208279 -0.00515497 0.0107057         0         0 20064
             83.9781 -0.339609   31.4043 -0.293737   0.0129362 -0.00467067  -0.0145449 -0.00513566  0.00432672 -0.00405679 -0.00276319  0.00052147 -0.00665241  -0.0117425 -0.00208331  -0.0051551 0.0100878         0         0 0
             84.0779 -0.351352   31.3805 -0.297167   0.0131744 -0.00528143  -0.0142037 -0.00113165  -0.0031816  0.00100641 -0.00276439 0.000526985 -0.00665916  -0.0117646 -0.00202517 -0.00521699 0.0100869         0         0 19968
             84.0779 -0.351352   31.3805 -0.297167    0.013177 -0.00527425   -0.014202 -0.00111314 -0.00313257   0.0010194 -0.00276439 0.000526986 -0.00665917  -0.0117647 -0.00202559 -0.00521717 0.00897199          0          0 0
             84.1777 -0.396903   31.3878 -0.301529   0.0134153 -0.00531591  -0.0133539 -0.000135039  -0.00114179   0.00628713 -0.00275767 0.000526584 -0.00666559  -0.0117648 -0.00204393 -0.00526851 0.00897133          0          0 19968
             84.1777 -0.396903   31.3878 -0.301529   0.0134213 -0.00531078  -0.0133511 -9.13843e-05  -0.00110554   0.00630827 -0.00275766 0.000526585 -0.00666559   -0.011765 -0.00204423 -0.00526886 0.0101519         0         0 0
             84.2781 -0.408391   31.3679 -0.298585   0.0141973 -0.00636553  -0.0123068  0.00360688 -0.00760708  0.00966513 -0.00275834 0.000529533 -0.00667497  -0.0117971 -0.00199036 -0.00531455 0.0101518         0         0 20064
             84.2781 -0.408391   31.3679 -0.298585   0.0142031 -0.00635872   -0.012301   0.0036489 -0.00755916  0.00970684 -0.00275832 0.000529533 -0.00667497  -0.0117972 -0.00199076 -0.00531505 0.010146        0        0 0
             84.3779 -0.390203    31.379    -0.291   0.0152565 -0.00569114  -0.0136311 0.00674731 0.00241008 -0.0057407 -0.00276482 0.000527514 -0.00668333  -0.0119071 -0.00207193   -0.005219 0.0101448         0         0 19968
             84.3779 -0.390203    31.379    -0.291     0.01526 -0.00568387  -0.0136294  0.00677313  0.00246016 -0.00572742 -0.00276481  0.00052751 -0.00668332  -0.0119072 -0.00207236 -0.00521921 0.0104719         0         0 0
             84.4777 -0.409904   31.3706 -0.308272   0.0140826 -0.00720468  -0.0135252 -0.00717319  -0.0102126  -0.0016106  -0.0027658 0.000530973 -0.00668802  -0.0117977 -0.00197227 -0.00519835 0.010471        0        0 19968
             84.4777 -0.409904   31.3706 -0.308272   0.0140898 -0.00719624  -0.0135219 -0.00712228  -0.0101539 -0.00158583 -0.00276579 0.000530975 -0.00668804  -0.0117979 -0.00197277 -0.00519876 0.0103656         0         0 0
             84.5781 -0.358515   31.3933 -0.284619   0.0122453 -0.00537232  -0.0144767  -0.0156065  0.00924107 -0.00658308 -0.00277639 0.000527428 -0.00669876  -0.0117738 -0.00213521 -0.00512988 0.0103648         0         0 20064
             84.5781 -0.358515   31.3933 -0.284619   0.0122489 -0.00536325  -0.0144747  -0.0155796  0.00930419 -0.00656792 -0.00277638 0.000527425 -0.00669876  -0.0117739 -0.00213574 -0.00513011 0.0109011         0         0 0
             84.6779 -0.344651   31.3831 -0.282071   0.0120744 -0.00569525  -0.0149884 -0.00770922 0.000180774 -0.00508935 -0.00278244 0.000530183  -0.0067051  -0.0118393 -0.00207247 -0.00518768 0.0108991         0         0 19968
             84.6779 -0.344651   31.3831 -0.282071   0.0120795 -0.00568799  -0.0149875 -0.00767366 0.000230735 -0.00508156 -0.00278243 0.000530184 -0.00670511  -0.0118396 -0.00207289  -0.0051879 0.00962152          0          0 0
             84.7777 -0.358042   31.3821  -0.27928  0.0123378 -0.0056483 -0.0138771 -0.00188812 0.000734825  0.00776324 -0.00278163 0.000531645 -0.00671202  -0.0118455 -0.00207666 -0.00530979 0.00962023          0          0 19968
             84.7777 -0.358042   31.3821  -0.27928   0.0123416 -0.00563896  -0.0138752 -0.00185979   0.0007986  0.00777737 -0.00278162 0.000531644 -0.00671204  -0.0118456  -0.0020772 -0.00531002 0.0100846         0         0 0
             84.8781 -0.406127   31.3908 -0.311046   0.0123185 -0.00693022  -0.0129299 -0.00188951 -0.00975455  0.00878374 -0.00277895 0.000530158 -0.00671393  -0.0118517 -0.00199869  -0.0053294 0.010083        0        0 20064
             84.8781 -0.406127   31.3908 -0.311046   0.0123252 -0.00692475  -0.0129276 -0.00184117 -0.00971594  0.00880148 -0.00277893 0.000530154 -0.00671393  -0.0118519 -0.00199902 -0.00532975 0.0103665         0         0 0
             84.9779 -0.359581   31.3893 -0.273913  0.0129281 -0.0069486  -0.013293  0.00256212 -0.00330809  0.00116179 -0.00278704 0.000531164  -0.0067273  -0.0119359 -0.00205162 -0.00529058 0.0103634         0         0 19968
             84.9779 -0.359581   31.3893 -0.273913   0.0129334 -0.00694416  -0.0132901  0.00260001 -0.00327656  0.00118315 -0.00278703 0.000531162  -0.0067273  -0.0119361 -0.00205188  -0.0052909 0.00998747          0          0 0
             85.0777 -0.384812   31.3583 -0.302077   0.0141563 -0.00584252  -0.0137205  0.00770993  0.00651325 -0.00174151   -0.002786 0.000538672 -0.00672912  -0.0120057 -0.00214034  -0.0053007 0.00998633          0          0 19968
             85.0777 -0.384812   31.3583 -0.302077   0.0141623 -0.00583337  -0.0137173  0.00775359  0.00657704 -0.00171771 -0.00278599 0.000538672 -0.00672915  -0.0120059 -0.00214089 -0.00530107 0.0100475         0         0 0
             85.1781 -0.375154    31.377 -0.306152   0.0135163 -0.00544392  -0.0138643 -0.00362413  0.00402207 -0.00191771 -0.00279291 0.000534462 -0.00673568  -0.0119388 -0.00212488  -0.0052624 0.0100494         0         0 20064
             85.1781 -0.375154    31.377 -0.306152   0.0135194 -0.00543262  -0.0138652  -0.0036016  0.00409849 -0.00192327 -0.00279291 0.000534461 -0.00673571   -0.011939 -0.00212553 -0.00526246 0.00999831          0          0 0
             85.2779 -0.364598     31.38 -0.289731     0.01382 -0.00557531  -0.0143234  -0.00024068 -0.000331239  -0.00355604 -0.00279522 0.000533741 -0.00674551  -0.0119838 -0.00209633 -0.00527046 0.00999702          0          0 19968
             85.2779 -0.364598     31.38 -0.289731   0.0138219 -0.00556975  -0.0143177 -0.000226352 -0.000292313  -0.00351579 -0.00279521 0.000533748 -0.00674551  -0.0119837 -0.00209665 -0.00527083 0.00956913          0          0 0
             85.3777 -0.374563   31.3764  -0.29861   0.0138425 -0.00638108  -0.0144347 -0.00104472 -0.00590852 -0.00232591 -0.00279608 0.000534908 -0.00675231  -0.0119841 -0.00205145 -0.00528644 0.00956888          0          0 19968
             85.3777 -0.374563   31.3764  -0.29861   0.0138492 -0.00637282  -0.0144338 -0.00099675 -0.00585121  -0.0023181 -0.00279607 0.000534909 -0.00675232  -0.0119844 -0.00205193 -0.00528671 0.0098539         0         0 0
             85.4781 -0.373226   31.3857 -0.288389   0.0139603 -0.00461797  -0.0132812 -4.33462e-05   0.00968153   0.00713315 -0.00279744 0.000534044 -0.00676093  -0.0119614 -0.00218775 -0.00536999 0.00985544          0          0 20064
             85.4781 -0.373226   31.3857 -0.288389  0.0139629 -0.0046164 -0.0132785 -2.58996e-05   0.00969289   0.00715329 -0.00279744 0.000534045 -0.00676093  -0.0119615 -0.00218785 -0.00537022 0.00923551          0          0 0
             85.5779 -0.372031   31.4179 -0.301445   0.0125134 -0.00365372   -0.012617 -0.0105303 0.00862565 0.00581135 -0.00280255 0.000527795 -0.00676529  -0.0118993 -0.00218533 -0.00532106 0.00923771          0          0 19968
             85.5779 -0.372031   31.4179 -0.301445   0.0125168 -0.00364644  -0.0126144 -0.0105048 0.00867599 0.00583095 -0.00280255 0.000527796 -0.00676529  -0.0118994 -0.00218576 -0.00532132 0.00985436          0          0 0
             85.6778 -0.373368   31.3767 -0.295725  0.0125567 -0.0055135 -0.0136282 -0.00491525  -0.0101831 -0.00573349 -0.00280516 0.000537669 -0.00677427  -0.0120082 -0.00203004 -0.00526828 0.00985343          0          0 19968
             85.6778 -0.373368   31.3767 -0.295725   0.0125613 -0.00550701  -0.0136271 -0.00488149  -0.0101382 -0.00572483 -0.00280515 0.000537663 -0.00677426  -0.0120084 -0.00203042  -0.0052685 0.0105055         0         0 0
             85.7781 -0.382056   31.3781 -0.291586   0.0135455 -0.00669553  -0.0144584  0.00371959  -0.0116909 -0.00775176 -0.00280551 0.000538608  -0.0067825  -0.0120971 -0.00202213 -0.00530182 0.0105036         0         0 20064
             85.7781 -0.382056   31.3781 -0.291586   0.0135493 -0.00668402  -0.0144573  0.00374732  -0.0116121 -0.00774333  -0.0028055  0.00053861 -0.00678252  -0.0120973  -0.0020228 -0.00530201 0.011126        0        0 0
             85.8779 -0.368362   31.3589 -0.295281   0.0145985 -0.00590225   -0.013564 0.00724795 0.00131426 0.00425729 -0.00281021 0.000543777 -0.00678919  -0.0120873 -0.00213731  -0.0054136 0.0111247         0         0 19968
             85.8779 -0.368362   31.3589 -0.295281   0.0146025 -0.00589649  -0.0135731 0.00727345  0.0013526 0.00419421 -0.00281023  0.00054377 -0.00678921  -0.0120877 -0.00213765 -0.00541324 0.0102473         0         0 0
             85.9778 -0.351939   31.3766 -0.286824   0.0147826 -0.00607295  -0.0141259  0.00171691 -0.00134606 -0.00246672 -0.00281505 0.000539927 -0.00679839  -0.0120969 -0.00211991 -0.00534454 0.0102487         0         0 19968
             85.9778 -0.351939   31.3766 -0.286824    0.014786 -0.00606526  -0.0141241  0.00174142 -0.00129268 -0.00245281 -0.00281505 0.000539933  -0.0067984   -0.012097 -0.00212037 -0.00534475 0.0104368         0         0 0
             86.0781 -0.396847   31.3798  -0.29483   0.0147091 -0.00537151  -0.0138966 -0.00121445  0.00445195  0.00124758  -0.0028085 0.000540384 -0.00680411  -0.0120751 -0.00216992 -0.00536527 0.0104364         0         0 20064
             86.0781 -0.396847   31.3798  -0.29483   0.0147134 -0.00536357  -0.0138974 -0.0011815 0.00450746 0.00124324 -0.00280849 0.000540374 -0.00680411  -0.0120754  -0.0021704 -0.00536539 0.011731        0        0 0
             86.1779 -0.371703   31.3966 -0.289786   0.0129941 -0.00505487  -0.0126217 -0.0134075 0.00345562 0.00914287 -0.00281627 0.000537596 -0.00681205  -0.0119637 -0.00216353 -0.00538077 0.0117342         0         0 19968
             86.1779 -0.371703   31.3966 -0.289786   0.0129977 -0.00504795  -0.0126279 -0.0133848 0.00350214 0.00909992 -0.00281629 0.000537591 -0.00681206   -0.011964 -0.00216394 -0.00538055 0.010554        0        0 0
             86.2778 -0.380065    31.388 -0.284146   0.0125994 -0.00631591  -0.0123633 -0.00822301 -0.00795245  0.00468636 -0.00281702 0.000540126 -0.00682087  -0.0120281  -0.0020768 -0.00537973 0.0105537         0         0 19968
             86.2778 -0.380065    31.388 -0.284146  0.0126015 -0.0063042 -0.0123652  -0.0082068 -0.00787243  0.00467344 -0.00281702 0.000540123 -0.00682089  -0.0120283 -0.00207749  -0.0053797 0.0108219         0         0 0
             86.3781 -0.384316   31.3894 -0.317735   0.0123545 -0.00476897  -0.0126219 -0.00549573  0.00801419  0.00062624 -0.00282017 0.000539046 -0.00682218  -0.0120846 -0.00221624 -0.00536582 0.0108171         0         0 20064
             86.3781 -0.384316   31.3894 -0.317735   0.0123576 -0.00476074  -0.0126193 -0.00547324  0.00807066  0.00064532 -0.00282016 0.000539048 -0.00682218  -0.0120847 -0.00221673 -0.00536606 0.010706        0        0 0
             86.4779  -0.37996   31.3757 -0.283946   0.0132395 -0.00415293   -0.012916   0.00293616   0.00716508 -0.000630739 -0.00282005  0.00054273 -0.00683536  -0.0121714 -0.00220781 -0.00539616 0.0107037         0         0 19968
             86.4779  -0.37996   31.3757 -0.283946   0.0132424 -0.00414565   -0.012913   0.00295698   0.00721634 -0.000607868 -0.00282005 0.000542729 -0.00683537  -0.0121714 -0.00220825 -0.00539642 0.00928262          0          0 0
             86.5778 -0.385799   31.3953 -0.317183   0.0135543 -0.00484542  -0.0128404 0.00179721 -0.0021803   0.001047  -0.0028254  0.00053904 -0.00683609  -0.0121686 -0.00212906 -0.00540786 0.00928239          0          0 19968
             86.5778 -0.385799   31.3953 -0.317183   0.0135601 -0.00483591  -0.0128403 0.00183923 -0.0021156 0.00104902  -0.0028254 0.000539037  -0.0068361  -0.0121689 -0.00212962 -0.00540807 0.0103754         0         0 0
             86.6781 -0.355239   31.3872 -0.294472  0.0153341 -0.0052815 -0.0147271   0.0112837 -0.00383569  -0.0119226 -0.00283287 0.000541198 -0.00684745   -0.012312 -0.00212084 -0.00535694 0.0103724         0         0 20064
             86.6781 -0.355239   31.3872 -0.294472   0.0153381 -0.00527406  -0.0147282   0.0113127 -0.00378383  -0.0119288 -0.00283287 0.000541199 -0.00684747  -0.0123123 -0.00212129 -0.00535703 0.0109242         0         0 0
             86.7779 -0.380936   31.3938 -0.315615   0.0137614 -0.00539734  -0.0156601 -0.00844881 -0.00243891  -0.0101397 -0.00283274 0.000542074 -0.00685055  -0.0121706 -0.00213416 -0.00528821 0.0109257         0         0 19968
             86.7779 -0.380936   31.3938 -0.315615   0.0137662 -0.00538686  -0.0156597 -0.00841342  -0.0023669  -0.0101361 -0.00283273 0.000542073 -0.00685056  -0.0121708 -0.00213478  -0.0052884 0.0113334         0         0 0
             86.8778 -0.379751   31.3967 -0.319547   0.0130368 -0.00413594   -0.013612 -0.00760791  0.00750721   0.0113994 -0.00283655 0.000543138 -0.00685614  -0.0120862  -0.0022255 -0.00546234 0.0113371         0         0 19968
             86.8778 -0.379751   31.3967 -0.319547   0.0130456 -0.00412916  -0.0136105 -0.00754638  0.00755488    0.011412 -0.00283653 0.000543137 -0.00685615  -0.0120866 -0.00222591 -0.00546271 0.0112164         0         0 0
             86.9781 -0.351769     31.39 -0.294792   0.0122654 -0.00514662  -0.0123123  -0.0081786 -0.00511464   0.0123149 -0.00284161 0.000545053 -0.00686787  -0.0120852  -0.0021226 -0.00547207 0.011217        0        0 20064
             86.9781 -0.351769     31.39 -0.294792    0.012266 -0.00513941  -0.0123101 -0.00817322 -0.00506492   0.0123308  -0.0028416 0.000545057 -0.00686788  -0.0120851 -0.00212303 -0.00547222 0.0110939         0         0 0
             87.0779 -0.371169   31.3784 -0.297405   0.0129966 -0.00656501  -0.0134578 0.000753201  -0.0120211 -0.00427359 -0.00284108 0.000548399 -0.00687399  -0.0122452 -0.00207203  -0.0053969 0.0110886         0         0 19968
             87.0779 -0.371169   31.3784 -0.297405   0.0130003 -0.00655799  -0.0134642 0.000777465  -0.0119735 -0.00431676  -0.0028411 0.000548397   -0.006874  -0.0122456 -0.00207245 -0.00539669 0.00992705          0          0 0
             87.1778 -0.380305   31.3896 -0.288299   0.0139544 -0.00576091  -0.0140377  0.00576008  0.00114215 -0.00570494 -0.00284094 0.000546786 -0.00688194  -0.0123019 -0.00219038 -0.00542177 0.00992402          0          0 19968
             87.1778 -0.380305   31.3896 -0.288299   0.0139594 -0.00575554  -0.0140391  0.00579631  0.00117987 -0.00571423 -0.00284093  0.00054678 -0.00688194  -0.0123022  -0.0021907 -0.00542186 0.0108665         0         0 0
             87.2781 -0.359954   31.3957  -0.30462   0.0128455 -0.00558188  -0.0139994 -0.00668886 0.000867243 -0.00236597 -0.00285022 0.000546747  -0.0068855  -0.0122072 -0.00219096 -0.00539984 0.0108685         0         0 20064
             87.2781 -0.359954   31.3957  -0.30462   0.0128487 -0.00557606  -0.0140001 -0.00666553 0.000906749 -0.00236945 -0.00285021 0.000546745  -0.0068855  -0.0122073  -0.0021913 -0.00539992 0.0113806         0         0 0
             87.3779 -0.351384   31.3836 -0.294569    0.014223 -0.00513647  -0.0142672 0.00610203 0.00290277 -0.0026453 -0.00285475 0.000549387 -0.00689446  -0.0123196 -0.00221432  -0.0054634 0.0113754         0         0 19968
             87.3779 -0.351384   31.3836 -0.294569   0.0142275 -0.00512692  -0.0142648  0.00613484  0.00296833 -0.00262686 -0.00285474 0.000549388 -0.00689448  -0.0123197 -0.00221488 -0.00546368 0.0106011         0         0 0
             87.4778 -0.376586   31.3958 -0.318598   0.0140897 -0.00536151  -0.0135949 -0.000426614 -0.000681853   0.00339359  -0.0028554 0.000548452 -0.00689591  -0.0122581 -0.00218477 -0.00548734 0.0106021         0         0 19968
             87.4778 -0.376586   31.3958 -0.318598   0.0140969 -0.00535398   -0.013589 -0.000373045  -0.00062848   0.00343593 -0.00285538 0.000548454 -0.00689591  -0.0122583 -0.00218522  -0.0054879 0.0120056         0         0 0
             87.5781 -0.361593    31.398 -0.293829   0.0136383 -0.00538416  -0.0128046  -0.00478393 -0.000351472   0.00656669 -0.00285964 0.000549479 -0.00690783  -0.0122283  -0.0021898 -0.00549536 0.0120066         0         0 20064
             87.5781 -0.361593    31.398 -0.293829   0.0136452 -0.00537694  -0.0128029 -0.00473562 -0.00030106  0.00657993 -0.00285962 0.000549476 -0.00690783  -0.0122286 -0.00219023 -0.00549568 0.0119201         0         0 0
             87.6779 -0.383093   31.3832 -0.311159   0.0136951 -0.00554879  -0.0132456 -0.00297773 -0.00115273 -0.00133515 -0.00285933 0.000552494 -0.00691131  -0.0122917  -0.0021858 -0.00545331 0.0119198         0         0 19968
             87.6779 -0.383093   31.3832 -0.311159    0.013699 -0.00554137  -0.0132514 -0.00295131 -0.00110202 -0.00137549 -0.00285935  0.00055249 -0.00691132  -0.0122921 -0.00218625 -0.00545312 0.0106949         0         0 0
             87.7778 -0.347556   31.3678 -0.289895  0.0126363 -0.0058354 -0.0151403 -0.00975127 -0.00327858  -0.0137197 -0.00286768 0.000556485 -0.00692246  -0.0123116 -0.00217623 -0.00533431 0.0106958         0         0 19968
             87.7778 -0.347556   31.3678 -0.289895   0.0126402 -0.00583023  -0.0151367  -0.009723  -0.003242 -0.0136937 -0.00286767 0.000556489 -0.00692245  -0.0123117 -0.00217654 -0.00533464 0.0108194         0         0 0
             87.8781 -0.338446   31.3781 -0.304542   0.0131024 -0.00638021   -0.014773 -0.00112994  -0.0049775 -0.00150099 -0.00287225   0.0005545 -0.00692632  -0.0123309 -0.00216993  -0.0054775 0.0108181         0         0 20064
             87.8781 -0.338446   31.3781 -0.304542   0.0131073 -0.00637681    -0.01477 -0.00109616 -0.00495352 -0.00147939 -0.00287224 0.000554508 -0.00692632   -0.012331 -0.00217013 -0.00547782 0.0106748         0         0 0
             87.9779 -0.368434   31.3931 -0.294904   0.0131855 -0.00509954  -0.0147072 -0.00118564  0.00676497 0.000526866 -0.00286703 0.000552089 -0.00693548  -0.0123389  -0.0022804 -0.00550167 0.0106748         0         0 19968
             87.9779 -0.368434   31.3931 -0.294904   0.0131878 -0.00509395  -0.0147044 -0.00116884  0.00680405 0.000547359 -0.00286702 0.000552093 -0.00693548  -0.0123389 -0.00228073  -0.0055019 0.0107375         0         0 0
             88.0778 -0.371105   31.3881 -0.324817   0.0117452 -0.00463679   -0.014083 -0.0116337 0.00492373 0.00491322 -0.00287228 0.000554158 -0.00693743  -0.0122562 -0.00226747 -0.00549348 0.010739        0        0 19968
             88.0778 -0.371105   31.3881 -0.324817   0.0117495 -0.00462696  -0.0140822 -0.0116019 0.00499137 0.00491943 -0.00287227 0.000554158 -0.00693744  -0.0122564 -0.00226806 -0.00549367 0.0114453         0         0 0
             88.1781  -0.36348   31.3906 -0.284213   0.0111882 -0.00549423  -0.0145092   -0.0091311  -0.00391187 -0.000810524 -0.00287305 0.000554564 -0.00695218  -0.0123175    -0.00219 -0.00546635 0.011443        0        0 20064
             88.1781  -0.36348   31.3906 -0.284213   0.0111907 -0.00548228   -0.014508  -0.00911281  -0.00383048 -0.000800502 -0.00287305 0.000554563 -0.00695219  -0.0123176 -0.00219071 -0.00546651 0.0110016         0         0 0
             88.3778 -0.408029   31.4045 -0.324907   0.0121245 -0.00665191  -0.0127898 0.00362783 -0.0055496 0.00979673 -0.00287226 0.000552156   -0.006958  -0.0123811 -0.00218142 -0.00560904 0.0110002         0         0 39936
             88.3778 -0.408029   31.4045 -0.324907  0.0121301 -0.0066394 -0.0127924  0.00365695 -0.00548638   0.0097842 -0.00287226 0.000552157 -0.00695802  -0.0123814 -0.00218194 -0.00560907 0.0115147         0         0 0
             88.4781 -0.397303   31.3964 -0.300285    0.013928 -0.00656314  -0.0125637   0.0131332 -0.00058722  0.00530894 -0.00287493 0.000554203 -0.00696931   -0.012474 -0.00221853 -0.00561881 0.0115103         0         0 20064
             88.4781 -0.397303   31.3964 -0.300285   0.0139286 -0.00655095  -0.0125684   0.0131393 -0.00050103  0.00527574 -0.00287493 0.000554191 -0.00696932  -0.0124742 -0.00221921 -0.00561858 0.012096        0        0 0
             88.5779 -0.368093   31.4087 -0.300283   0.0135559 -0.00577389  -0.0126868 0.000941467  0.00493945 0.000881768 -0.00288336 0.000552745 -0.00697629  -0.0124176  -0.0022658 -0.00553843 0.0120984         0         0 19968
             88.5779 -0.368093   31.4087 -0.300283   0.0135572 -0.00576772  -0.0126887 0.000947818  0.00498027 0.000870419 -0.00288336 0.000552745  -0.0069763  -0.0124177 -0.00226614 -0.00553837 0.0102526         0         0 0
             88.6778 -0.375354   31.4089 -0.307993   0.0140947 -0.00497435  -0.0131076  0.00316537  0.00692485 -0.00263986 -0.00288491  0.00055294  -0.0069813  -0.0124602 -0.00228557 -0.00553063 0.0102517         0         0 19968
             88.6778 -0.375354   31.4089 -0.307993   0.0140984 -0.00496705  -0.0131084  0.00319312  0.00697514 -0.00264535 -0.00288491 0.000552934 -0.00698132  -0.0124604   -0.002286 -0.00553071 0.0110102         0         0 0
             88.8779 -0.400763   31.4124 -0.326247   0.0130231 -0.00548227  -0.0140421 -0.00712099 -0.00249941  -0.0055385 -0.00288748  0.00055361 -0.00699094  -0.0124234 -0.00220631 -0.00548365 0.0110123         0         0 40032
             88.8779 -0.400763   31.4124 -0.326247   0.0130256 -0.00547589  -0.0140465 -0.00710926 -0.00246862 -0.00555909 -0.00288749  0.00055361 -0.00699095  -0.0124236 -0.00220657 -0.00548355 0.00953046          0          0 0
             88.9778 -0.370294   31.3622 -0.262857   0.0131915 -0.00738219  -0.0134718 -0.00193013   -0.014528  0.00194936 -0.00289002 0.000565158 -0.00700967  -0.0124353 -0.00212031 -0.00556798 0.00952894          0          0 19968
             88.9778 -0.370294   31.3622 -0.262857   0.0131978 -0.00737539  -0.0134722 -0.00188323  -0.0144796  0.00194763 -0.00289003  0.00056515  -0.0070097  -0.0124356  -0.0021207 -0.00556815 0.00991386          0          0 0
             89.0781  -0.37084   31.3741 -0.326716   0.0137152 -0.00573361  -0.0140484  0.00185395  0.00627893 -0.00398068 -0.00290053 0.000563611 -0.00700308 -0.0125042 -0.0022976 -0.0055513 0.00990767          0          0 20064
             89.0781  -0.37084   31.3741 -0.326716   0.0137201 -0.00572362  -0.0140494   0.0018893  0.00634831 -0.00398679 -0.00290053 0.000563604  -0.0070031  -0.0125044 -0.00229817  -0.0055514 0.00992944          0          0 0
             89.1779 -0.370976   31.4088 -0.322745   0.0134546 -0.00534312  -0.0140398 -0.00299594  0.00381428 -0.00184976 -0.00290189 0.000557055 -0.00700968  -0.0124748 -0.00228176 -0.00555781 0.00993088          0          0 19968
             89.1779 -0.370976   31.4088 -0.322745   0.0134543 -0.00533306  -0.0140448 -0.00299555  0.00388286 -0.00188517 -0.00290189 0.000557045  -0.0070097   -0.012475 -0.00228235 -0.00555754 0.0111998         0         0 0
             89.3781 -0.368747    31.411  -0.31166   0.0115308 -0.00618512  -0.0128824  -0.0116615 -0.00517989  0.00562287 -0.00290673 0.000557757 -0.00702639  -0.0124051 -0.00221192 -0.00558385 0.0112024         0         0 40032
             89.3781 -0.368747    31.411  -0.31166   0.0115372 -0.00618082  -0.0128806  -0.0116278 -0.00515698  0.00563224 -0.00290672 0.000557753 -0.00702639  -0.0124053  -0.0022121 -0.00558406 0.0116337         0         0 0
             89.4779 -0.362077   31.4101 -0.308702   0.0114339 -0.00571345  -0.0135247  -0.0051776  0.00152039 -0.00324858 -0.00290908  0.00055868 -0.00703413  -0.0124969 -0.00226787 -0.00555118 0.0116304         0         0 19968
             89.4779 -0.362077   31.4101 -0.308702   0.0114343 -0.00570386  -0.0135309 -0.00517599  0.00158666 -0.00329197 -0.00290909  0.00055867 -0.00703414  -0.0124971  -0.0022684 -0.00555086 0.0104696         0         0 0
             89.5778 -0.380644     31.39 -0.288596   0.0132932 -0.00490802  -0.0142145  0.00991791  0.00668401 -0.00460136 -0.00290864 0.000564039 -0.00704318  -0.0126299   -0.002308 -0.00560435 0.0104641         0         0 19968
             89.5778 -0.380644     31.39 -0.288596    0.013292 -0.00489868  -0.0142203  0.00990902  0.00674733 -0.00464145 -0.00290865 0.000564032  -0.0070432    -0.01263 -0.00230853 -0.00560401 0.0101553         0         0 0
             89.6781 -0.388176   31.3954 -0.287387   0.0141194 -0.00597336  -0.0136761  0.00704647 -0.00437304  0.00337601 -0.00290958 0.000563131 -0.00705027  -0.0125918 -0.00221066 -0.00565346 0.0101589         0         0 20064
             89.6781 -0.388176   31.3954 -0.287387   0.0141225 -0.00596329  -0.0136767  0.00706889 -0.00430455  0.00337229 -0.00290959 0.000563124  -0.0070503   -0.012592 -0.00221125 -0.00565353 0.0106508         0         0 0
              89.778 -0.384323   31.3644 -0.321505   0.0135132 -0.00610523  -0.0136519 -0.00383869   -0.002464   0.0018001 -0.00291553 0.000570394 -0.00705155  -0.0125391 -0.00223008 -0.00559411 0.0106522         0         0 19968
              89.778 -0.384323   31.3644 -0.321505   0.013516 -0.0060982 -0.0136593 -0.00382011  -0.0024164  0.00174956 -0.00291553 0.000570389 -0.00705158  -0.0125395 -0.00223051 -0.00559381 0.0104683         0         0 0
             89.8778 -0.387836   31.3975 -0.324183   0.0114685 -0.00580803   -0.013028    -0.01654 0.000879988  0.00557743 -0.00291699 0.000564014 -0.00705816  -0.0124428 -0.00226216 -0.00556958 0.0104718         0         0 19968
             89.8778 -0.387836   31.3975 -0.324183   0.0114714 -0.00579699  -0.0130337  -0.0165199 0.000954569  0.00553927 -0.00291699 0.000564008 -0.00705819  -0.0124431 -0.00226282 -0.00556939 0.0102906         0         0 0
             89.9781 -0.362214   31.3992  -0.29161   0.0105637 -0.00588113  -0.0131238   -0.0126794 -0.000202784   0.00215118 -0.00292093 0.000564074  -0.0070717   -0.012502 -0.00225548 -0.00556397 0.010288        0        0 20064
             89.9781 -0.362214   31.3992  -0.29161   0.0105686 -0.00587134  -0.0131248    -0.012644 -0.000135834   0.00214649 -0.00292094 0.000564066 -0.00707172  -0.0125023 -0.00225607  -0.0055641 0.0100173         0         0 0
              90.078 -0.365353    31.387 -0.318483   0.014317 -0.0046722 -0.0138182  0.0203845 0.00890911 -0.0024643 -0.00292591 0.000566253 -0.00707308   -0.012784 -0.00233876 -0.00568569 0.0100033         0         0 19968
              90.078 -0.365353    31.387 -0.318483   0.0143215 -0.00466561  -0.0138173   0.0204178  0.00895491 -0.00245752 -0.00292591 0.000566251  -0.0070731  -0.0127842 -0.00233916  -0.0056859 0.0107963         0         0 0
             90.1778 -0.375711   31.3935 -0.315151   0.0139371 -0.00533095  -0.0140938   0.0021644 -0.00241469  -0.0025601 -0.00292448 0.000566225 -0.00708208  -0.0126633 -0.00224613    -0.00561 0.0108039         0         0 19968
             90.1778 -0.375711   31.3935 -0.315151   0.0139367 -0.00532072  -0.0140993  0.00216124 -0.00234623 -0.00259735 -0.0029245 0.00056622 -0.0070821  -0.0126634 -0.00224674  -0.0056097 0.0100584         0         0 0
             90.2781 -0.327645   31.3859 -0.272036     0.01471 -0.00667788  -0.0147144  0.00474419   -0.010373 -0.00449284 -0.00293281 0.000569031 -0.00709711   -0.012705 -0.00218323 -0.00561311 0.0100577         0         0 20064
             90.2781 -0.327645   31.3859 -0.272036   0.0147151 -0.00667028  -0.0147165  0.00478015   -0.010321 -0.00450547 -0.00293281 0.000569026 -0.00709713  -0.0127053 -0.00218369 -0.00561318 0.0100457         0         0 0
              90.378 -0.372606   31.3947 -0.296721   0.0140981 -0.00638637  -0.0133198 -0.00267244 -0.00194957  0.00852558 -0.00292789 0.000567594 -0.00709735  -0.0125972 -0.00226255 -0.00568466 0.0100489         0         0 19968
              90.378 -0.372606   31.3947 -0.296721    0.014102 -0.00637737  -0.0133255 -0.00264503 -0.00188876   0.0084865  -0.0029279  0.00056759 -0.00709737  -0.0125976 -0.00226309 -0.00568449 0.0104051         0         0 0
             90.4778 -0.36226  31.4113   -0.312   0.0124487 -0.00678643  -0.0140161  -0.0129622 -0.00400019  -0.0026785 -0.00293369 0.000564349 -0.00710167  -0.0125814 -0.00224762 -0.00555931 0.0104055         0         0 19968
             90.4778 -0.36226  31.4113   -0.312    0.012452 -0.00677662   -0.014017  -0.0129377 -0.00393273 -0.00268371 -0.00293369 0.000564342  -0.0071017  -0.0125816 -0.00224821 -0.00555938 0.0105997         0         0 0
             90.5781 -0.336599   31.4237 -0.284567    0.011614 -0.00586971  -0.0145962  -0.0102239  0.00430283 -0.00518538 -0.00293914 0.000563189  -0.0071131  -0.0126236 -0.00232728  -0.0055631 0.010598        0        0 20064
             90.5781 -0.336599   31.4237 -0.284567   0.0116162 -0.00586231  -0.0146021   -0.010208  0.00435316 -0.00522569 -0.00293914 0.000563179 -0.00711313  -0.0126239 -0.00232773 -0.00556286 0.0107312         0         0 0
              90.678 -0.355749   31.3905 -0.301493   0.0130546 -0.00547417  -0.0149839  0.00569614  0.00359408 -0.00446355 -0.00293877 0.000570538 -0.00711672  -0.0127505 -0.00232824 -0.00565014 0.0107252         0         0 19968
              90.678 -0.355749   31.3905 -0.301493  0.0130592 -0.0054689 -0.0149847  0.00572921  0.00363037 -0.00446872 -0.00293876 0.000570524 -0.00711673  -0.0127508 -0.00232856 -0.00565025 0.0113154         0         0 0
             90.7778 -0.342201   31.3681  -0.28947   0.0137724 -0.00442915  -0.0146748  0.00575669  0.00822408 1.37124e-05 -0.00294235 0.000575808 -0.00712686  -0.0127431 -0.00237018 -0.00569675 0.0113147         0         0 19968
             90.7778 -0.342201   31.3681  -0.28947   0.0137717 -0.00442974    -0.01468   0.00574892    0.0082186 -2.26596e-05 -0.00294236 0.000575809 -0.00712687  -0.0127432 -0.00237014 -0.00569644 0.00992582          0          0 0
             90.8781 -0.374713     31.37 -0.313654    0.014834 -0.00587545  -0.0135102  0.00766979 -0.00761569  0.00764725 -0.00294227  0.00057494 -0.00712857  -0.0127407 -0.00223754 -0.00577229 0.00992721          0          0 20064
             90.8781 -0.374713     31.37 -0.313654   0.0148333 -0.00587253  -0.0135168  0.00766551 -0.00759578  0.00760074 -0.00294227 0.000574927 -0.00712858  -0.0127409 -0.00223772 -0.00577191 0.0110131         0         0 0
              90.978 -0.379131   31.3798 -0.302566   0.0142917 -0.00664026  -0.0127219  -0.0026943 -0.00819501  0.00726195 -0.00294205 0.000573717 -0.00713802  -0.0126829 -0.00223551  -0.0057299 0.011016        0        0 19968
              90.978 -0.379131   31.3798 -0.302566   0.0142923 -0.00662858   -0.012729 -0.00269173  -0.0081176  0.00721362 -0.00294207 0.000573704 -0.00713805  -0.0126832  -0.0022362 -0.00572955 0.00985398          0          0 0
             91.0778 -0.398898   31.3798 -0.320218   0.0131319 -0.00692699  -0.0127891  -0.0100668 -0.00524299  0.00079489 -0.00294269 0.000574597 -0.00714149  -0.0126702  -0.0022637 -0.00565837 0.0098559         0         0 19968
             91.0778 -0.398898   31.3798 -0.320218   0.0131319 -0.00691946  -0.0127935  -0.0100657 -0.00519229 0.000763998  -0.0029427 0.000574597 -0.00714151  -0.0126703 -0.00226415 -0.00565814 0.010712        0        0 0
             91.1781 -0.388961   31.3979 -0.293387   0.0117848 -0.00631407  -0.0132759  -0.0136594  0.00224791 -0.00430288 -0.00294529 0.000571698 -0.00715275  -0.0126798 -0.00232745 -0.00561767 0.0107096         0         0 20064
             91.1781 -0.388961   31.3979 -0.293387   0.0117849 -0.00630892  -0.0132772   -0.013658  0.00228377 -0.00431173 -0.00294529 0.000571692 -0.00715275  -0.0126798 -0.00232776 -0.00561761 0.0111362         0         0 0
              91.278 -0.339982   31.3959 -0.262513   0.0116105 -0.00586735  -0.0149942 -0.0070096 0.00333859 -0.0135886 -0.00295625 0.000572375 -0.00716469   -0.012786 -0.00234321 -0.00558665 0.0111304         0         0 19968
              91.278 -0.339982   31.3959 -0.262513   0.0116112 -0.00585742  -0.0149992 -0.00700494  0.00340547  -0.0136228 -0.00295626 0.000572365 -0.00716471  -0.0127862 -0.00234381 -0.00558641 0.0105445         0         0 0
             91.3778 -0.36756  31.3928 -0.31851    0.012457 -0.00503402   -0.013805 0.00261584 0.00680264 0.00465371 -0.00295748 0.000572689 -0.00716095  -0.0127872 -0.00237756 -0.00577663 0.0105432         0         0 19968
             91.3778 -0.36756  31.3928 -0.31851   0.0124616 -0.00502626  -0.0138045 0.00264904 0.00685575 0.00465748 -0.00295748 0.000572686 -0.00716097  -0.0127875 -0.00237803 -0.00577681 0.0107412         0         0 0
             91.4781 -0.373758   31.3592 -0.309379  0.0139198 -0.0047147 -0.0133232 0.00943419 0.00443676 0.00562411  -0.0029564 0.000580646 -0.00716983  -0.0128505 -0.00236063 -0.00581689 0.0107392         0         0 20064
             91.4781 -0.373758   31.3592 -0.309379   0.0139222 -0.00471023  -0.0133311 0.00945013  0.0044669 0.00556944 -0.00295641  0.00058064 -0.00716986  -0.0128509  -0.0023609 -0.00581655 0.0107886         0         0 0
              91.578 -0.399241   31.3984 -0.320192   0.0137749 -0.00586145  -0.0127252 -3.18209e-05  -0.00618331   0.00650447  -0.0029534 0.000572333 -0.00717498  -0.0127964 -0.00226556 -0.00578452 0.0107927         0         0 19968
              91.578 -0.399241   31.3984 -0.320192    0.013773 -0.00585821  -0.0127317 -4.45073e-05  -0.00616122   0.00645805  -0.0029534 0.000572319 -0.00717499  -0.0127965 -0.00226576  -0.0057841 0.0116625         0         0 0
             91.6778 -0.351884    31.379 -0.299917   0.0146653 -0.00537098   -0.013194  0.00457569  0.00180862 2.44361e-05 -0.00296342 0.000577347 -0.00718491  -0.0128777 -0.00233639 -0.00575782 0.0116567         0         0 19968
             91.6778 -0.351884    31.379 -0.299917    0.014667 -0.00536451  -0.0131948  0.00458543  0.00185215 2.03656e-05 -0.00296342 0.000577336 -0.00718491  -0.0128778 -0.00233677 -0.00575783 0.0102914         0         0 0
             91.7781 -0.373202   31.3983 -0.305642   0.0148425 -0.00576344  -0.0140474  0.00118915 -0.00234053 -0.00512396 -0.00296272 0.000574098 -0.00719033  -0.0128915  -0.0023072 -0.00570802 0.0102908         0         0 20064
             91.7781 -0.373202   31.3983 -0.305642  0.0148397 -0.0057567 -0.0140513  0.00116986 -0.00229577 -0.00515191 -0.00296273 0.000574093 -0.00719034  -0.0128915  -0.0023076 -0.00570772 0.010203        0        0 0
              91.878 -0.352874   31.4001 -0.292124   0.0139433 -0.00509471  -0.0141379 -0.00693923  0.00354543  -0.0013958 -0.00296818 0.000575119 -0.00719933   -0.012828  -0.0023626 -0.00570572 0.0102048         0         0 19968
              91.878 -0.352874   31.4001 -0.292124   0.0139435 -0.00509022  -0.0141397 -0.00693704  0.00357635 -0.00140825 -0.00296817 0.000575113 -0.00719934  -0.0128281 -0.00236287 -0.00570564 0.0104959         0         0 0
             92.0781 -0.363282   31.3833 -0.317128   0.0125425 -0.00498329  -0.0146951 -0.00892524 0.000195194 -0.00208141 -0.00297145 0.000580715 -0.00720834  -0.0128413  -0.0023447 -0.00570611 0.0104958         0         0 40032
             92.0781 -0.363282   31.3833 -0.317128   0.0125452 -0.00497559  -0.0146992 -0.00891144 0.000233721 -0.00210124 -0.00297146 0.000580716 -0.00720836  -0.0128415 -0.00234503 -0.00570602 0.0103714         0         0 0
              92.178 -0.349885   31.3729 -0.297732   0.0124377 -0.00403814  -0.0145715 -0.00426524  0.00611796 0.000480914  -0.0029739 0.000583194 -0.00721969  -0.0128716 -0.00239995 -0.00575497 0.0103686         0         0 19968
              92.178 -0.349885   31.3729 -0.297732  0.0124364 -0.0040301 -0.0145759 -0.00427523  0.00617291  0.00045031 -0.00297391 0.000583186 -0.00721971  -0.0128717  -0.0024004 -0.00575469 0.00989759          0          0 0
             92.2778 -0.353509   31.3988 -0.300453    0.012828 -0.00394546  -0.0144379 0.000234788  0.00169592 0.000982699 -0.00297636 0.000577448 -0.00722607  -0.0129134 -0.00237173 -0.00578698 0.00989642          0          0 19968
             92.2778 -0.353509   31.3988 -0.300453   0.0128259 -0.00393807   -0.014442 0.000220995  0.00174604 0.000953841 -0.00297637 0.000577442 -0.00722609  -0.0129134 -0.00237215  -0.0057867 0.0102026         0         0 0
              92.478 -0.393212   31.4226 -0.315512   0.0106628 -0.00539427   -0.012999  -0.0117755 -0.00797801  0.00638347 -0.00297747 0.000574383 -0.00723558  -0.0128179 -0.00229389 -0.00578827 0.0102061         0         0 40032
              92.478 -0.393212   31.4226 -0.315512    0.010667 -0.00538709  -0.0130043  -0.0117535 -0.00794146   0.0063568 -0.00297748 0.000574378 -0.00723558  -0.0128182 -0.00229419 -0.00578816 0.0110225         0         0 0
             92.5778 -0.382704   31.4029 -0.301893   0.0112757 -0.00538377  -0.0123455 0.000435266 -0.00221134  0.00632592 -0.00298058 0.000579062 -0.00724457   -0.012911 -0.00234044 -0.00584598 0.0110184         0         0 19968
             92.5778 -0.382704   31.4029 -0.301893   0.0112741 -0.00537608  -0.0123497 0.000423084 -0.00215808  0.00629568 -0.00298058 0.000579054 -0.00724458   -0.012911 -0.00234087  -0.0058457 0.010539        0        0 0
             92.6781 -0.320368   31.3965 -0.265293  0.0125226 -0.0044466 -0.0148332 0.00708288 0.00534192 -0.0157496 -0.00299275 0.000581082 -0.00725845  -0.0130776 -0.00240904 -0.00571076 0.0105295         0         0 20064
             92.6781 -0.320368   31.3965 -0.265293   0.0125227 -0.00444131  -0.0148395 0.00708259 0.00537744 -0.0157935 -0.00299275 0.000581075 -0.00725848  -0.0130778 -0.00240935 -0.00571042 0.0100941         0         0 0
              92.778 -0.356176   31.3692 -0.290012   0.0138097 -0.00544691  -0.0146068   0.0104137 -0.00609283 -0.00422374 -0.00299268 0.000587816  -0.0072592  -0.0130535 -0.00232278 -0.00582717 0.0100946         0         0 19968
              92.778 -0.356176   31.3692 -0.290012   0.0138116 -0.00544017  -0.0146126   0.0104282 -0.00604713 -0.00426431 -0.00299269   0.0005878 -0.00725921  -0.0130538 -0.00232318 -0.00582692 0.010782        0        0 0
             92.8778 -0.392748   31.3545 -0.313451   0.0140546 -0.00553136  -0.0139695  0.00391242 -0.00269355   0.0028763 -0.00299156  0.00059149 -0.00725996  -0.0129877 -0.00235366 -0.00586013 0.0107826         0         0 19968
             92.8778 -0.392748   31.3545 -0.313451   0.0140534 -0.00552285  -0.0139744  0.00390425 -0.00263604  0.00284214 -0.00299157 0.000591481 -0.00725999  -0.0129878 -0.00235418 -0.00585983 0.0103672         0         0 0
             92.9781 -0.367642   31.3663 -0.286305   0.0131796 -0.00589005  -0.0145323 -0.00636228 -0.00330469 -0.00273638 -0.00299733 0.000589684 -0.00727164  -0.0129601 -0.00234468 -0.00577077 0.010368        0        0 20064
             92.9781 -0.367642   31.3663 -0.286305   0.0131781 -0.00588989  -0.0145345 -0.00637429 -0.00330511 -0.00275069 -0.00299733 0.000589684 -0.00727165  -0.0129601 -0.00234468  -0.0057706 0.0087602         0         0 0
              93.078 -0.380829   31.3674 -0.302057   0.0134129 -0.00664613  -0.0138386 -0.00184581 -0.00625339  0.00417599 -0.00299988 0.000589488 -0.00727551  -0.0129783 -0.00232442 -0.00585583 0.00875855          0          0 19968
              93.078 -0.380829   31.3674 -0.302057   0.0134162 -0.00663832  -0.0138436 -0.00182096 -0.00619953  0.00414077 -0.00299988 0.000589475 -0.00727552  -0.0129787  -0.0023249 -0.00585568 0.0106798         0         0 0
             93.1778 -0.369434   31.3565 -0.298061   0.0129471 -0.00547539  -0.0145179 -0.00556074  0.00581016 -0.00383858 -0.00300431 0.000593055 -0.00728179   -0.013003 -0.00243689 -0.00578996 0.0106794         0         0 19968
             93.1778 -0.369434   31.3565 -0.298061   0.0129527 -0.00546803  -0.0145183 -0.00552086  0.00586127 -0.00383963 -0.00300431 0.000593051 -0.00728182  -0.0130033 -0.00243735 -0.00579013 0.0104606         0         0 0
             93.2781 -0.356264    31.373 -0.298852   0.0137959 -0.00475449  -0.0146247   0.00273601   0.00668135 -0.000844544 -0.00301104 0.000589897 -0.00728776  -0.0130713 -0.00245071 -0.00585043 0.0104578         0         0 20064
             93.2781 -0.356264    31.373 -0.298852    0.013796 -0.00474662  -0.0146245  0.00273768  0.00673411 -0.00084233 -0.00301104 0.000589894 -0.00728777  -0.0130713 -0.00245118 -0.00585045 0.0099425         0         0 0
              93.378 -0.412823   31.3444 -0.333104   0.0141721 -0.00515573  -0.0146917   0.00181387 -0.000821286  0.000147776 -0.00300344 0.000597341 -0.00728774  -0.0130776 -0.00238946 -0.00585644 0.00994345          0          0 19968
              93.378 -0.412823   31.3444 -0.333104   0.0141742 -0.00515049  -0.0146912   0.00182892 -0.000785672  0.000152309 -0.00300345 0.000597338 -0.00728775  -0.0130776 -0.00238978 -0.00585654 0.00976651          0          0 0
             93.4778 -0.381007   31.3934 -0.308368   0.0136777 -0.00553483  -0.0135964 -0.00379681 -0.00288474  0.00851146 -0.00301056 0.000587906 -0.00729854  -0.0130115 -0.00237046   -0.005898 0.0097675         0         0 19968
             93.4778 -0.381007   31.3934 -0.308368   0.0136778 -0.00552738   -0.013601 -0.00379584 -0.00283461  0.00847933 -0.00301057 0.000587904 -0.00729856  -0.0130117 -0.00237091 -0.00589775 0.00976839          0          0 0
             93.5781 -0.381972   31.3616 -0.313284   0.0130266 -0.00555789  -0.0132395 -0.00709992 -0.00111582  0.00591448 -0.00301316 0.000596413 -0.00730399  -0.0130169 -0.00238753 -0.00586791 0.0097674         0         0 20064
             93.5781 -0.381972   31.3616 -0.313284    0.013029 -0.00554846  -0.0132449 -0.00708281 -0.00105164  0.00587754 -0.00301317 0.000596404 -0.00730401 -0.0130172 -0.0023881 -0.0058677 0.00975748          0          0 0
              93.678 -0.355567   31.3885 -0.292289   0.0115111 -0.00516251  -0.0138094  -0.0139706  0.00153575 -0.00165781 -0.00301879 0.000591455 -0.00731485  -0.0130151 -0.00241889 -0.00578361 0.009756        0        0 19968
              93.678 -0.355567   31.3885 -0.292289   0.0115149 -0.00515261  -0.0138108  -0.0139426   0.0016035 -0.00166601 -0.00301879 0.000591447 -0.00731487  -0.0130153 -0.00241949 -0.00578367 0.00981905          0          0 0
             93.7778 -0.334469   31.3882 -0.295625   0.0117068 -0.00564509  -0.0131548  -0.0042022 -0.00310133  0.00460683 -0.00302667 0.000591132 -0.00732124  -0.0130731 -0.00238437 -0.00588501 0.00981683          0          0 19968
             93.7778 -0.334469   31.3882 -0.295625   0.0117101 -0.00563834  -0.0131595 -0.00417841 -0.00305534  0.00457445 -0.00302667 0.000591124 -0.00732124  -0.0130734 -0.00238478 -0.00588487 0.0106486         0         0 0
             93.8781 -0.372536   31.3814 -0.315888   0.0118906 -0.00500046  -0.0132977 -0.00113976  0.00284353 0.000540864 -0.00302338 0.000593077 -0.00732319  -0.0131278 -0.00244532 -0.00587594 0.010646        0        0 20064
             93.8781 -0.372536   31.3814 -0.315888    0.011892 -0.00499373  -0.0133021 -0.00112958  0.00288957 0.000510471 -0.00302337 0.000593069  -0.0073232   -0.013128 -0.00244573 -0.00587575 0.0108671         0         0 0
              93.978 -0.375114   31.3844 -0.287679    0.013441 -0.00486581  -0.0133124  0.00941236  0.00140227 9.89639e-05 -0.00302258 0.000592864 -0.00733503  -0.0132195 -0.00243949 -0.00592903 0.0108633         0         0 19968
              93.978 -0.375114   31.3844 -0.287679   0.0134424 -0.00485985   -0.013312  0.00942248  0.00144273 0.000102614 -0.00302258 0.000592855 -0.00733504  -0.0132195 -0.00243985  -0.0059291 0.00994916          0          0 0
             94.0778 -0.378496   31.3583 -0.307668   0.0149359 -0.00616502  -0.0145419   0.0117442 -0.00905014 -0.00869945 -0.00302866 0.000600503 -0.00733652  -0.0132947 -0.00235168 -0.00587845 0.0099473         0         0 19968
             94.0778 -0.378496   31.3583 -0.307668   0.0149394 -0.00615844  -0.0145419   0.0117695 -0.00900532 -0.00869896 -0.00302866   0.0006005 -0.00733654  -0.0132949 -0.00235208 -0.00587857 0.00976778          0          0 0
             94.1781 -0.372904   31.3962 -0.306997   0.0141068 -0.00635339  -0.0148857 -0.00298306 -0.00451042 -0.00581729 -0.00303129 0.000592576 -0.00734375  -0.0131854 -0.00239037 -0.00584428 0.00976952          0          0 20064
             94.1781 -0.372904   31.3962 -0.306997   0.0141088 -0.00634858  -0.0148826 -0.00296815 -0.00447708 -0.00579561 -0.00303128 0.000592578 -0.00734376  -0.0131854 -0.00239067 -0.00584452 0.0100191         0         0 0
              94.278 -0.348165   31.3816 -0.290852    0.013674 -0.00405112  -0.0150625 -0.00462068    0.014066 -0.00340817 -0.00303697 0.000596651 -0.00735236   -0.013176 -0.00255774 -0.00586421 0.010017        0        0 19968
              94.278 -0.348165   31.3816 -0.290852    0.013673 -0.00404303  -0.0150669 -0.00462824   0.0141206 -0.00343865 -0.00303698 0.000596646 -0.00735239  -0.0131761 -0.00255823 -0.00586394 0.00934529          0          0 0
             94.3778 -0.363256   31.3892   -0.3037    0.012887 -0.00370884  -0.0151956 -0.00788024  0.00564901 -0.00263106 -0.00303735 0.000595717 -0.00735665 -0.0131588 -0.0024948 -0.0058625 0.00934696          0          0 19968
