                   0  0 -0  0 0 0 0 0 0 0 0 0 0 0 0 0 1 0 0
                   0  0 -0  0 0 0 0 0 0 0 0 0 0 0 0 0 1 0 0
                   0  0 -0  0 0 0 0 0 0 0 0 0 0 0 0 0 1 0 0
                   0  0 -0  0 0 0 0 0 0 0 0 0 0 0 0 0 1 0 0
                   0  0 -0  0 0 0 0 0 0 0 0 0 0 0 0 0 1 0 0
                   0  0 -0  0 0 0 0 0 0 0 0 0 0 0 0 0 1 0 0
                   0  0 -0  0 0 0 0 0 0 0 0 0 0 0 0 0 1 0 0
                   0  0 -0  0 0 0 0 0 0 0 0 0 0 0 0 0 1 0 0
                   0  0 -0  0 0 0 0 0 0 0 0 0 0 0 0 0 1 0 0
                   0  0 -0  0 0 0 0 0 0 0 0 0 0 0 0 0 1 0 0
                   0  0 -0  0 0 0 0 0 0 0 0 0 0 0 0 0 1 0 0
                   0  0 -0  0 0 0 0 0 0 0 0 0 0 0 0 0 1 0 0
                   0 -0.749526   31.6624 -0.212522 0 0 0 0 0 0 0 0 0 0 0 0 1 0 0
               0.678 -0.749526   31.6624 -0.212522 0 0 0 0 0 0 0 0 0 0 0 0 1 0 0
             0.77784 -0.811012    31.665 -0.285418 -2.46484e-07  4.88334e-05  1.70875e-05  0.00026748 0.000126494 -0.00036283 0 0 0 0 0 0 1 0 0
             0.77784 -0.811012    31.665 -0.285418 -2.46484e-07  4.88334e-05  1.70875e-05  0.00026748 0.000126494 -0.00036283 0 0 0 0 0 0 1 0 0
             0.87768 -0.867006    31.666 -0.359741 1.47419e-05  0.00016277 2.35392e-05 0.000364066  0.00122968 -0.00087572 0 0 0 0 0 0 1 0 0
             0.87768 -0.183088   31.6755 -0.467367  0.00591329 -0.00456396  0.00243528   0.00177658   -0.0187157 -0.000383383 -2.40207e-06  1.07645e-07  3.41113e-07 -7.00034e-08  5.42829e-08  -9.5356e-08 1 0 0
            0.978009 -0.246623   31.6778   -0.5407  0.00607927 -0.00678435  0.00245261   0.00214776   -0.0263844 -0.000737505 -2.40207e-06  1.07645e-07  3.41113e-07 -7.00034e-08  5.42829e-08  -9.5356e-08 1 0 0
            0.978009 -0.405722   31.4017 -0.361063  0.00295687 -0.00651032  0.00231361  -0.0111043  -0.0196767 -0.00112128  3.30462e-06  3.47793e-06 -4.05537e-06  9.01333e-08 -2.80499e-07  1.04574e-07 1 0 0
             1.07785 -0.463567   31.4035 -0.434042  0.00159406 -0.00867518  0.00226245  -0.0157241  -0.0242849 -0.00130802  3.30462e-06  3.47793e-06 -4.05537e-06  9.01333e-08 -2.80499e-07  1.04574e-07 1 0 0
             1.07785  -0.39851   31.5967 -0.439333  0.00218107 -0.00580591  0.00237619   -0.0101154   -0.0135688 -0.000517788 -2.85235e-06 -6.27083e-06 -5.24782e-06 -1.92866e-07 -3.39414e-06 -3.83374e-07 1 0 0
             1.17769  -0.46466   31.6005 -0.510465  0.00109661 -0.00735361  0.00239912   -0.0114457   -0.0178279 -0.000289873 -2.85235e-06 -6.27083e-06 -5.24782e-06 -1.92866e-07 -3.39414e-06 -3.83374e-07 1 0 0
             1.17769 -0.458593   31.6546 -0.351429  0.00334239 -0.00497483  0.00179915 -0.00285528 -0.00549668 -0.00284913 -1.02968e-06 -7.47041e-06  -1.5963e-05 -2.85641e-06 -7.85072e-06 -9.01474e-07 1 0 0
             1.27801 -0.513996   31.7063 -0.421153  0.00271776 -0.00521893 0.000226652 -0.00286059  -0.0073728 -0.00649291 -1.54042e-06 -1.08398e-05 -1.67681e-05 -3.50189e-06 -8.39787e-06  6.70501e-07 0.997548        0        0
             1.27801 -0.263086   31.6089 -0.452928   0.0048406 -0.00364668  0.00234547  0.00516893 -0.00106384  0.00317013 -2.13626e-05 -1.80493e-06 -1.59949e-05 -3.43749e-06 -1.29182e-05 -6.50951e-06 0.997524        0        0
             1.37785 -0.381413    30.861 -0.436278   0.0121253 -0.00336761   0.0189098 0.00794254 -0.0042008  0.0532084 -1.53252e-05  5.49259e-05 -2.01442e-05  4.78297e-06 -1.41952e-05 -3.73892e-05 0.859108        0        0
             1.37785 -0.361765   31.5573 -0.367685  0.00428251 -0.00289193  0.00961198  -0.0232988 -0.00208878  0.00710681 -1.47353e-05 -2.14149e-06 -2.56866e-05 -2.67849e-06 -1.49906e-05  1.59129e-05 0.858585        0        0
             1.47769 -0.513679    31.026 -0.613359  0.0495296 -0.0330724  0.0194044   0.12052 -0.105593  0.037808  6.68325e-06  8.02732e-05 -4.16615e-06 -6.59087e-05  8.16284e-05 -5.82268e-05 0.714032        0        0
             1.47769 -0.512617   31.4134 -0.406461 0.0272233 -0.017721 0.0131629  0.0269824 -0.0325196 0.00736551  4.52501e-06  2.97212e-05 -2.12803e-05 -2.07921e-05   -2.146e-05  2.18634e-05 0.713209        0        0
             1.57801 -0.587179   31.3562 -0.480183  0.0298504 -0.0218803  0.0181935  0.0214792 -0.0368191  0.0232206  5.40909e-06  3.42215e-05 -2.01826e-05 -6.21642e-06 -1.91695e-05  -1.1169e-06 0.717932        0        0
             1.57801 -0.452721   31.4735 -0.435377  0.012209 -0.012061 0.0111725 -0.0415893 0.00763161  -0.021503 -3.68763e-06  1.36159e-05 -2.38913e-05  2.50849e-06 -0.000102898  0.000118285 0.717809        0        0
             1.67785 -0.537411   31.2498  -0.52985  0.0121754 -0.0128375   0.013224    -0.037073 -0.000858034  -0.00145517 -1.82715e-06   3.0743e-05 -2.22497e-05  1.80742e-05 -9.22847e-05  7.23568e-05 0.48367       0       0
             1.67785 -0.349525   31.5088 -0.435446     0.00691 -0.00534192    0.009427 -0.0545384  0.0341441 -0.0270407 -9.64662e-06   1.1414e-05 -2.68503e-05   1.1954e-05 -0.000171567  0.000139724 0.483183        0        0
             1.77769  -0.44331   31.3283 -0.529069   0.014936 -0.0116392  0.0136687  -0.0242689 -0.00101545  0.00314098 -9.44615e-06  2.69289e-05 -2.62658e-05 -2.29891e-07  -0.00010294  5.04995e-05 0.351159        0        0
             1.77769 -0.417079   31.5348 -0.369388 0.00853223 -0.0078912 0.00939245 -0.0480788  0.0179437 -0.0238657 -3.90355e-06  1.32348e-05 -3.45998e-05  8.68763e-06 -0.000148439  0.000132698 0.350716        0        0
             1.87801 -0.492593   31.5117 -0.448028  0.00328168 -0.00683449   0.0118937 -0.0527231  0.0129308 -0.0034294 -3.29561e-06  1.52274e-05 -3.41459e-05  3.68835e-05 -0.000144392  9.29249e-05 0.363781        0        0
             1.87801 -0.439785   31.5518 -0.407766  0.00204611 -0.00499144  0.00819111 -0.0563991  0.0220921 -0.0322287 -4.50403e-06  1.28061e-05 -3.58946e-05  7.62931e-06 -0.000167923  0.000157401 0.363286        0        0
             1.97786 -0.509321   31.5063 -0.491199 -0.00372249 -0.00377994    0.011279  -0.0606249   0.0162049 -0.00347088  -4.7213e-06  1.61846e-05 -3.55297e-05  4.51959e-05 -0.000161254  0.000100594 0.375798        0        0
             1.97786  -0.39208   31.5796 -0.480582 0.000986377  -0.0037014  0.00779578 -0.0379046  0.0150665 -0.0338118  -1.2291e-05  8.88983e-06 -3.61723e-05 -3.84753e-05 -0.000161512  0.000135606 0.375088        0        0
              2.0777 -0.471867   31.5361 -0.549153 -0.00327922 -0.00227095   0.0123478 -0.0428673   0.012391 0.00328533 -1.07121e-05  1.23843e-05  -3.6265e-05  1.37335e-05 -0.000163309   6.2513e-05 0.323523        0        0
              2.0777 -0.414251   31.5352 -0.464286 -0.00195792  -0.0035902   0.0102351 -0.0360185   0.003981 -0.0135908 -1.22827e-05  1.17385e-05 -4.16433e-05 -2.19002e-05 -0.000144998  8.89506e-05 0.322985        0        0
             2.17802 -0.490951   31.4758 -0.546111 -0.00596894 -0.00416324   0.0174133  -0.0415307 -0.00188079   0.0246179 -1.11944e-05  1.60232e-05 -4.11791e-05  3.05417e-05 -0.000139978  1.22582e-05 0.282568        0        0
             2.17802 -0.337286   31.5061  -0.50039 0.000396298 -0.00567212   0.0119876 -0.00999535   -0.013149  -0.0186006 -2.08876e-05  1.06053e-05 -4.43708e-05 -8.9586e-05 -0.00011736 6.34191e-05 0.281649        0        0
             2.27786 -0.399907   31.5231  -0.56978 -0.000832114   -0.0072102   0.00972306 -0.0129283 -0.0186749 -0.0204508 -2.07886e-05  9.82204e-06  -4.4458e-05 -9.14527e-05 -0.000117601  6.76825e-05 0.2929      0      0
             2.27786 -0.496245   31.5086 -0.474994  0.00282111 -0.00843979  0.00745639  0.0047192 -0.0258822 -0.0391614 -1.12909e-05  9.02018e-06 -5.04225e-05 -0.000151976  -9.9993e-05  8.47617e-05 0.292705        0        0
              2.3777 -0.571296   31.4812 -0.558191 0.00287536 -0.0120292 0.00943545 3.09243e-05  -0.0316597  -0.0140926  -1.0888e-05  1.12467e-05 -4.98359e-05 -0.000116403 -9.27653e-05  3.35385e-05 0.303164        0        0
              2.3777 -0.376182   31.4517 -0.408305  0.00513106 -0.00751902  0.00810385   0.0108538 -0.00654854  -0.0245125 -1.70232e-05  1.23059e-05 -5.75077e-05 -0.000151869 -0.000154961  4.16109e-05 0.302771        0        0
             2.47802 -0.428061   31.4381 -0.451833 0.00518153 -0.0041351 0.00617006 0.00421811 0.00422984 -0.0214865 -1.54467e-05  1.37511e-05 -5.82748e-05 -0.000141125  -0.00019229  3.81288e-05 0.274858        0        0
             2.47802 -0.391393   31.5447 -0.468067  0.00595001 -0.00396563  0.00620998 0.00894846 0.00481465 -0.0217765 -1.85017e-05  5.99663e-06 -5.73456e-05 -0.000149488  -0.00019426  3.38684e-05 0.274924        0        0
             2.57786 -0.458372   31.5077 -0.535709   0.00428016 -0.000592153    0.0102117 -0.00481145   0.0129366  0.00898265 -1.68432e-05  9.77697e-06 -5.70066e-05 -8.51527e-05 -0.000223745 -1.93017e-05 0.25961       0       0
             2.57786  -0.44409   31.5566 -0.423113  0.00487191 -0.00487804   0.0086751  0.00262026  -0.0167554 -0.00725434 -1.60822e-05  5.73502e-06 -6.52095e-05 -0.000120926 -0.000154181  6.64121e-06 0.259772        0        0
              2.6777 -0.499141   31.5455 -0.480413  0.00295553 -0.00276102  0.00999588 -0.00830125 -0.00428386  0.00259687 -1.46325e-05  7.42345e-06 -6.52058e-05 -8.89819e-05 -0.000193139 -4.54625e-06 0.269393        0        0
              2.6777  -0.35355    31.471 -0.460564  0.00415723 -0.00422369  0.00953254 -0.00087827  -0.0155499 -0.00337927 -2.50183e-05  1.19732e-05 -6.68712e-05 -0.000113256 -0.000168746 -1.62514e-06 0.269557        0        0
             2.77802  -0.40773   31.4771 -0.521861  0.00266521 -0.00271579  0.00853109 -0.00929044 -0.00730032 -0.00680336 -2.40543e-05  1.19398e-05 -6.69742e-05 -0.000107103 -0.000200864  1.14488e-05 0.27978       0       0
             2.77802 -0.406339   31.5245 -0.510113 0.00338214 -0.0045535 0.00843607 -0.00367556  -0.0203232 -0.00875045 -2.47373e-05  8.10805e-06 -6.83362e-05 -0.000120716 -0.000169721  9.17514e-06 0.27996       0       0
             2.87786  -0.45923   31.5055 -0.573436  0.00232095 -0.00412639  0.00863279 -0.00846741  -0.0138369 -0.00325109 -2.39179e-05  9.59076e-06 -6.84997e-05 -0.000108253 -0.000195115   2.6382e-07 0.26038       0       0
             2.87786 -0.450951   31.5309 -0.490951  0.00361097 -0.00798006  0.00807863 0.00125858 -0.0407854  -0.010635 -2.35779e-05  6.92316e-06 -7.48203e-05 -0.000138077 -0.000130735   4.3069e-06 0.260637        0        0
             2.97771 -0.505688   31.5154 -0.552148  0.00274739 -0.00949746  0.00839771 -0.00487426  -0.0331444 -0.00312203 -2.27437e-05  8.61529e-06 -7.50349e-05 -0.000121831 -0.000156931 -6.97284e-06 0.238028        0        0
             2.97771 -0.370632   31.5141 -0.399088  0.00464216 -0.00703146  0.00804702  0.00491662  -0.0187757 -0.00740665 -2.54895e-05  7.87609e-06 -8.36572e-05 -0.000147514 -0.000193887 -1.02013e-05 0.237997        0        0
             3.07803 -0.431216   31.4907  -0.47953  0.00510763 -0.00944348   0.0113434 0.00125712 -0.0243501  0.0115491 -2.51154e-05  9.48005e-06 -8.34705e-05 -0.000120339 -0.000191766  -5.1059e-05 0.241052        0        0
             3.07803 -0.399513    31.511 -0.472629  0.00713773 -0.00760226  0.00961593   0.0123079   -0.013755 -0.00201185 -2.62692e-05   7.0565e-06 -8.33721e-05 -0.000160941  -0.00021849 -3.53304e-05 0.240715        0        0
             3.17787 -0.471066   31.5019 -0.543545  0.00808156 -0.00934404   0.0119704 0.00831554 -0.0179271 0.00926028 -2.59551e-05  7.91891e-06  -8.3217e-05 -0.000145159 -0.000217369  -5.7384e-05 0.24982       0       0
             3.17787 -0.438724   31.5105 -0.471233  0.00792352 -0.00779932  0.00867947 0.00839146 -0.0091868 -0.0156065 -2.48379e-05  7.34471e-06 -8.72477e-05 -0.000178265 -0.000239821 -2.99172e-06 0.249203        0        0
             3.27771 -0.501689   31.5022 -0.532605 0.00748392 -0.0065269 0.00823301    0.001172 -0.00295262 -0.00931776 -2.40762e-05  8.46368e-06 -8.72038e-05 -0.000162996 -0.000262305 -9.55249e-06 0.238901        0        0
             3.27771 -0.465559   31.6197 -0.421919  0.00499055 -0.00776879  0.00669856 -0.00972452  -0.0107524  -0.0221906 -2.31002e-05  1.07249e-06  -9.4513e-05 -0.000155903 -0.000243942   3.3926e-05 0.238682        0        0
             3.37803 -0.531065   31.5865 -0.495411  0.00196914 -0.00685299   0.0101068   -0.020754 -0.00432973   0.0067359 -2.22041e-05  4.49967e-06 -9.37904e-05 -9.82387e-05 -0.000266164 -1.59713e-05 0.237623        0        0
             3.37803 -0.376487   31.4865 -0.445261  0.00187554 -0.00579031  0.00909538  -0.0215175  0.00175921 -0.00258285 -3.09632e-05   1.1788e-05 -9.64975e-05  -0.00011087 -0.000283794  4.65545e-06 0.237456        0        0
             3.47787 -0.433321   31.4815 -0.519715 -0.00291937 -0.00282749   0.0105404 -0.0352432  0.0103502  0.0072296 -3.00637e-05  1.33452e-05 -9.60127e-05 -7.68756e-05  -0.00031554 -1.95744e-06 0.251576        0        0
             3.47787 -0.414874   31.5282 -0.493067  0.00120403 -0.00337244  0.00919054  -0.0100494  0.00428261 -0.00960701  -3.0876e-05   7.5401e-06 -9.80138e-05 -0.000152394 -0.000301437   3.1844e-06 0.251827        0        0
             3.57771 -0.473313    31.521 -0.561931 -0.00134287  -0.0013093   0.0104734 -0.0194004 0.00869636 0.00303579 -3.01669e-05  8.98781e-06 -9.76348e-05 -0.000123382 -0.000321358 -1.41541e-05 0.263978        0        0
             3.57771 -0.426574   31.5214 -0.466916  0.00125143 -0.00494525  0.00900796 -0.00193912   -0.017877  -0.0144915 -3.20857e-05  7.33088e-06 -0.000104933 -0.000184933 -0.000256681  2.47256e-06 0.264296        0        0
             3.67803 -0.483184   31.4976 -0.532949 -0.000206256  -0.00483799    0.0105246 -0.0098558 -0.0127424 0.00188364 -3.14039e-05  9.64268e-06 -0.000104841 -0.000153236 -0.000278414 -2.60518e-05 0.247614        0        0
             3.67803 -0.361775   31.5429 -0.394524  0.00320351 -0.00697945  0.00961889  0.0114478 -0.0293114 -0.0100264 -3.62704e-05  4.37736e-06 -0.000114325 -0.000214811 -0.000239415 -2.65298e-05 0.247847        0        0
             3.77787 -0.421537   31.5333 -0.465316  0.00259033 -0.00799155     0.01065 0.00251306 -0.0252789 0.00155765 -3.55388e-05  6.00526e-06 -0.000113937 -0.000185663 -0.000261944 -4.29568e-05 0.228484        0        0
             3.77787 -0.415865   31.5089 -0.467902  0.00426392 -0.00793616  0.00923321  0.0130527 -0.0259547 -0.0131121 -3.61074e-05   6.7609e-06 -0.000113799 -0.000228777 -0.000260771 -2.41272e-05 0.228484        0        0
             3.87771 -0.472153   31.5056 -0.539386   0.0032748 -0.00845937  0.00982778 0.00127471 -0.0203378 -0.0025463 -3.52792e-05  8.11333e-06 -0.000113372 -0.000195983 -0.000285342 -3.52535e-05 0.239034        0        0
             3.87771 -0.435894   31.5334 -0.436532 0.00258228   -0.00759 0.00835896 -0.00163794  -0.0146206  -0.0160471 -3.34828e-05  6.39665e-06 -0.000119634 -0.000207925 -0.000300528 -7.05417e-07 0.238847        0        0
             3.97804 -0.490155   31.5286  -0.50182  0.00127938 -0.00717135  0.00780028 -0.00858255 -0.00992649  -0.0102134   -3.287e-05  7.50569e-06 -0.000119454 -0.000190232 -0.000322692 -7.91247e-06 0.242745        0        0
             3.97804 -0.330505   31.5522 -0.442114  0.00249265 -0.00523944  0.00670648 -0.00132992  0.00163509   -0.021422 -4.14064e-05  5.08831e-06 -0.000122618 -0.000221084 -0.000354827  8.11954e-06 0.2426      0      0
             4.07788 -0.386804   31.5299 -0.518369  0.00114293 -0.00400329   0.0087772  -0.00869159   0.00144277 -0.000416692 -4.07792e-05  7.43695e-06 -0.000122072  -0.00017973 -0.000369017 -3.42529e-05 0.228276        0        0
             4.07788 -0.321197   31.5691 -0.387794  0.00347765 -0.00531069  0.00788635  0.00638885 -0.00910049  -0.0111535 -4.14195e-05  3.09414e-06 -0.000130968 -0.000226949 -0.000343734 -2.94222e-05 0.228413        0        0
             4.17772 -0.381383   31.5533 -0.458845  0.00294878 -0.00488988  0.00942207 1.75437e-05  -0.0084973  0.00177305 -4.08154e-05  4.92948e-06 -0.000130616 -0.000198028  -0.00036026 -5.40929e-05 0.21693       0       0
             4.17772 -0.404927   31.5551 -0.449916  0.00433813 -0.00451033  0.00748929   0.0095594 -0.00688854  -0.0176529  -3.8559e-05  3.87215e-06 -0.000131148 -0.000246094  -0.00036444 -2.23431e-05 0.216828        0        0
             4.27804 -0.466997   31.5439 -0.519825  0.00368073 -0.00366583  0.00874317 0.000841756 -0.00405299 -0.00331257 -3.78273e-05  5.76739e-06 -0.000130629 -0.000210496 -0.000383225 -4.76014e-05 0.224787        0        0
             4.27804  -0.3272  31.5584 -0.41593  0.00167806 -0.00488098  0.00746536 -0.00907675    -0.01276  -0.0142296 -4.49081e-05  5.71997e-06 -0.000137692 -0.000204153   -0.0003633 -8.98045e-06 0.224595        0        0
             4.37788 -0.386772   31.5515 -0.485713 -0.000474269  -0.00454514   0.00808709  -0.0162053  -0.0104678 -0.00494811 -4.42834e-05  7.06571e-06 -0.000137427 -0.000178882 -0.000383311 -2.54856e-05 0.2317      0      0
             4.37788 -0.345545   31.4693 -0.452142  0.00159158 -0.00732934  0.00802322  -0.0036288  -0.0306309 -0.00790604 -4.77621e-05  1.19982e-05 -0.000140613 -0.000212331 -0.000332423 -3.63282e-05 0.232012        0        0
             4.47772 -0.408151   31.4545 -0.525477 -0.000994004  -0.00878328    0.0103041 -0.0158558 -0.0280887 0.00722006 -4.70499e-05  1.40392e-05 -0.000140012 -0.000172274  -0.00035209 -6.08255e-05 0.224195        0        0
             4.47772 -0.382551   31.5319  -0.43288  0.00147559 -0.00559777  0.00831231 -0.000567504  -0.00773638   -0.0127563 -4.35622e-05  6.67147e-06  -0.00014505 -0.000232766 -0.000405525 -3.44945e-05 0.224045        0        0
             4.57804 -0.446785   31.5169 -0.513953 -0.000608131  -0.00493117    0.0105219  -0.0109837 -0.00492408  0.00433977 -4.27987e-05  8.70486e-06 -0.000144451 -0.000190836 -0.000423395 -6.35556e-05 0.21981       0       0
             4.57804 -0.396942   31.5447 -0.407517  0.00257486 -0.00495442  0.00871013  0.00928568 -0.00703325  -0.0152477 -4.24948e-05  4.64673e-06 -0.000151534  -0.00026362 -0.000419302 -4.48883e-05 0.219837        0        0
             4.67788 -0.454866   31.5383 -0.475032  0.00239717 -0.00428006  0.00851107  0.00278427 -0.00468917  -0.0085994 -4.19339e-05  5.63736e-06 -0.000151338 -0.000245256 -0.000436614 -5.34794e-05 0.230448        0        0
             4.67788 -0.364206   31.5737 -0.431026  0.00203071 -0.00528457  0.00758765 0.00212946 -0.0122777 -0.0175484  -4.7729e-05  3.03527e-06 -0.000154605 -0.000256179 -0.000418536 -3.13029e-05 0.230402        0        0
             4.77772 -0.422949   31.5658 -0.506215 0.00113881 -0.0050292 0.00783434  -0.0046368 -0.00991385 -0.00749766 -4.70587e-05  4.38896e-06 -0.000154282  -0.00023182 -0.000437674  -4.7977e-05 0.235388        0        0
             4.77772 -0.356136   31.5448 -0.436063  0.00264531 -0.00523018  0.00749549 0.00441054 -0.0124037 -0.0120674  -4.9554e-05  5.13399e-06 -0.000159005 -0.000259021 -0.000432458 -4.98672e-05 0.235467        0        0
             4.87804 -0.419804   31.5261 -0.507358  0.00200418 -0.00532335  0.00934298 -0.00235149  -0.0114675  0.00342366 -4.89093e-05  7.00186e-06 -0.000158621 -0.000227388 -0.000447525 -8.00114e-05 0.22204       0       0
             4.87804 -0.371475   31.5249 -0.405349  0.00404186 -0.00427885  0.00813054   0.0101437 -0.00566832 -0.00951056 -4.80005e-05  5.91742e-06  -0.00016506 -0.000274125 -0.000463939 -6.67533e-05 0.222003        0        0
             4.97788  -0.43475   31.5191 -0.479055  0.00450584 -0.00421903  0.00817193  0.00583407  -0.0065363 -0.00389952 -4.77127e-05  6.62822e-06 -0.000164885 -0.000263374 -0.000472822 -7.58343e-05 0.210284        0        0
             4.97788 -0.385724   31.5257 -0.417257  0.00310455 -0.00541734  0.00809651 -0.00190073  -0.0146781 -0.00382691 -4.96998e-05  6.93292e-06  -0.00016941 -0.000245897 -0.000452158 -6.52234e-05 0.210257        0        0
             5.07772 -0.443777   31.5227 -0.482174  0.00199544 -0.00571266  0.00864253 -0.00803589   -0.012915  0.00148676 -4.92392e-05  7.69172e-06 -0.000169204 -0.000231637 -0.000467861   -7.085e-05 0.220877        0        0
             5.07772 -0.345012    31.558 -0.419732  0.00181649 -0.00755165  0.00788745 -0.00758293  -0.0262046 -0.00605653 -5.55143e-05  4.93802e-06 -0.000174069 -0.000243313 -0.000434563  -5.3112e-05 0.220896        0        0
             5.17804 -0.396622   31.5536 -0.492979 -0.000277219  -0.00858228   0.00853185 -0.0150213  -0.022812   0.001329  -5.4802e-05  5.88284e-06 -0.000173775 -0.000222067 -0.000455341 -6.09101e-05 0.229117        0        0
             5.17804 -0.395032   31.5257 -0.466629   0.0021735 -0.00633742  0.00800227 -0.00110685 -0.00818789 -0.00525102 -5.25862e-05  6.66231e-06  -0.00017476 -0.000263641 -0.000494553 -6.49136e-05 0.22909       0       0
             5.27788 -0.452464   31.5204 -0.537831  0.00148071 -0.00631932  0.00851858 -0.00571638 -0.00724212  0.00140836 -5.21897e-05  7.46248e-06 -0.000174576 -0.000251027 -0.000506469 -7.52654e-05 0.221597        0        0
             5.27788  -0.39611   31.5932 -0.409453  0.00203519 -0.00563411  0.00762447 -0.00150312 -0.00317595 -0.00737743 -5.0933e-05 1.42198e-06 -0.00018297 -0.000272198 -0.000518487 -5.94398e-05 0.221498        0        0
             5.37772 -0.455259   31.5772 -0.481623 0.000634166 -0.00462165   0.0097781  -0.00861502 -0.000380499   0.00842164 -5.02758e-05  3.45504e-06 -0.000182661  -0.00023882 -0.000536554 -8.79523e-05 0.209542        0        0
             5.37772 -0.359463   31.5096 -0.428413  0.00212156 -0.00518282  0.00923342 0.000316746 -0.00545844  0.00201073 -5.60494e-05  7.87645e-06 -0.000186465 -0.000269949 -0.000524844 -8.57795e-05 0.209595        0        0
             5.47804 -0.421045   31.5101 -0.499888 9.18224e-05 -0.00400466   0.0107886  -0.010492 -0.0014064  0.0101704 -5.52464e-05  8.93382e-06 -0.000186014  -0.00024098 -0.000548223 -9.19492e-05 0.220929        0        0
             5.47804 -0.358248   31.4994 -0.415168  0.00112051 -0.00577681  0.00919236 -0.00239663  -0.0150998 -0.00638625 -5.78925e-05  9.01233e-06  -0.00019248 -0.000284729 -0.000512869 -6.32729e-05 0.220981        0        0
             5.57788 -0.418334   31.5029 -0.475382 -0.000938586  -0.00554134   0.00963961  -0.0123209  -0.0112533 0.000100172 -5.71138e-05  1.00631e-05 -0.000192113  -0.00025923 -0.000536809 -6.80045e-05 0.232764        0        0
             5.57788 -0.395283    31.555 -0.395843  0.00333925 -0.00571079  0.00863403  0.0145155 -0.0147544 -0.0131318 -5.59218e-05  3.18568e-06  -0.00019775 -0.000339847 -0.000528333 -7.33459e-05 0.232949        0        0
             5.67772 -0.458255   31.5405 -0.472451 0.00281609 -0.0058119  0.0107985 0.00429647 -0.0122737 0.00498084 -5.51283e-05  5.57033e-06 -0.000197071 -0.000294582 -0.000547191 -0.000106028 0.220713        0        0
             5.67772  -0.38382   31.5432 -0.413184  0.00210726 -0.00588158  0.00934368 0.00128053 -0.0132779 -0.0083492 -5.86757e-05  5.73469e-06 -0.000201207 -0.000307514 -0.000546012 -6.92575e-05 0.220568        0        0
             5.77804 -0.440686   31.5366 -0.480512 0.000389263 -0.00554954   0.0105319 -0.00832433  -0.0100733  0.00188125 -5.79093e-05  7.28107e-06 -0.000200768 -0.000274807 -0.000568236 -8.48727e-05 0.222147        0        0
             5.77804 -0.379848   31.5066 -0.411629  0.00102251 -0.00580045  0.00889875 -0.00336101  -0.0128145  -0.0141735   -6.011e-05  9.19326e-06 -0.000205583 -0.000311263 -0.000562194 -5.27851e-05 0.22208       0       0
             5.87788 -0.438363   31.5026 -0.483738 -0.00128846 -0.00533559  0.00917096 -0.0138592 -0.0091283 -0.0059996 -5.93147e-05  1.04366e-05 -0.000205135 -0.000279941 -0.000585253 -6.35526e-05 0.230352        0        0
             5.87788  -0.38363   31.5474 -0.412553  0.00250897 -0.00631493  0.00868382 0.00997115 -0.0182329 -0.0140084 -6.14884e-05  4.42402e-06 -0.000210539 -0.000346955 -0.000561756 -7.75637e-05 0.230591        0        0
             5.97773 -0.443886   31.5362 -0.487231  0.00146617 -0.00655838  0.00998792 -0.000463274   -0.0151723 -0.000778673 -6.07103e-05  6.23919e-06 -0.000209957 -0.000307041 -0.000583244 -9.91616e-05 0.237851        0        0
             5.97773 -0.394633   31.5448 -0.396538  0.00257926 -0.00604518  0.00927564  0.00666538  -0.0123794 -0.00853637 -6.05838e-05  4.85051e-06 -0.000216106 -0.000335248 -0.000591985 -9.02704e-05 0.237842        0        0
             6.07805 -0.446698   31.5248 -0.458103 0.00160752 -0.0056271    0.01101 -0.00200865 -0.00934969  0.00405832 -5.99388e-05  7.07224e-06 -0.000215712 -0.000300641  -0.00061376  -0.00011332 0.226508        0        0
             6.07805 -0.365694   31.5804 -0.415904   0.0016639 -0.00634631  0.00872918 0.000720523  -0.0154134  -0.0177147 -6.52254e-05  2.34416e-06 -0.000218974 -0.000339567 -0.000598946 -6.24841e-05 0.226383        0        0
             6.17789 -0.414613   31.5763 -0.483844 0.000709338 -0.00635378  0.00707616 -0.00425932  -0.0128672  -0.0178544 -6.47772e-05  2.81382e-06 -0.000218719 -0.000329697 -0.000618936 -5.83316e-05 0.232231        0        0
             6.17789  -0.37399   31.5865 -0.431376  0.00239137 -0.00531018   0.0066447  0.00577832 -0.00651832  -0.0231512 -6.52515e-05   9.5135e-07 -0.000222018 -0.000361174 -0.000637404 -5.97241e-05 0.232225        0        0
             6.27773 -0.430101   31.5611 -0.503599 0.000416378 -0.00397394  0.00887135  -0.00673063  -0.00111836 -0.000864844 -6.42665e-05   3.8864e-06 -0.000221128 -0.000301269 -0.000664016 -0.000100089 0.23923       0       0
             6.27773 -0.373636   31.5361 -0.411185  0.00223809 -0.00442304  0.00836918  0.00475628  -0.0055979 -0.00737373 -6.52974e-05  4.75186e-06 -0.000227817 -0.000338975 -0.000652844  -0.00010085 0.239302        0        0
             6.37805 -0.425085   31.5342  -0.48081   0.0024944 -0.00513512  0.00766781  0.00429947   -0.011578 -0.00654415 -6.5412e-05  4.5734e-06 -0.00022788 -0.000339697 -0.000651203 -0.000105403 0.154724        0        0
             6.37805 -0.384074   31.5382 -0.437741  0.00327036 -0.00532419  0.00763413  0.00883841  -0.0132769 -0.00706006 -6.70544e-05  3.78924e-06 -0.000230979 -0.000351246 -0.000647252 -0.000110689 0.154697        0        0
             6.47789 -0.444302   31.5421 -0.508529  0.00397667 -0.00676338  0.00678211  0.00681742  -0.0174075 -0.00808745 -6.70095e-05  3.50165e-06 -0.000231003 -0.000352119  -0.00064782 -0.000107801 0.156725        0        0
             6.47789 -0.335276   31.5162 -0.407672  0.00284236 -0.00762098  0.00692038 0.000402228  -0.0234285 -0.00719081 -7.21509e-05  6.34883e-06 -0.000238391 -0.000336026 -0.000632811 -0.000100927 0.15673       0       0
             6.57773 -0.396563   31.5139  -0.47805 0.00273501 -0.0101371 0.00662613 -0.00200139  -0.0275372 -0.00529375 -7.21531e-05  6.66593e-06  -0.00023834 -0.000334153 -0.000632743 -0.000103971 0.153722        0        0
             6.57773 -0.383225   31.5594 -0.420211  0.00278708 -0.00808608  0.00602217 -0.00161064  -0.0139168 -0.00873686 -6.95107e-05  2.89934e-06  -0.00024172  -0.00033922 -0.000671313  -9.5431e-05 0.153734        0        0
             6.67805 -0.445704   31.5664 -0.491075  0.00248861 -0.00964223  0.00496664 -0.00332081  -0.0176278 -0.00759667 -6.95248e-05  2.67932e-06 -0.000241752 -0.000340596 -0.000671618 -9.23705e-05 0.159195        0        0
             6.67805 -0.415817   31.5512 -0.453468  0.00304167 -0.00714793  0.00622068  -0.00102809 -0.000643544   0.00113808 -6.88544e-05  3.73471e-06 -0.000243462 -0.000332615 -0.000719951 -0.000118258 0.159184        0        0
             6.77789 -0.474716    31.553  -0.52362  0.00286419 -0.00741602  0.00637419 -0.00257751 -0.00432009  0.00136569 -6.88672e-05  3.79404e-06 -0.000243459 -0.000332565 -0.000719836 -0.000118602 0.169949        0        0
             6.77789 -0.349945   31.5334 -0.439692  0.00520983 -0.00673642  0.00745314    0.0101649 -0.000524888   0.00816332 -7.52228e-05  4.11201e-06 -0.000249195 -0.000353152 -0.000732782  -0.00015506 0.169945        0        0
             6.87773  -0.41767   31.5407 -0.507604  0.00612028 -0.00699239  0.00829071  0.00756378 -0.00390399  0.00963351  -7.5241e-05  4.13337e-06 -0.000249171 -0.000353027 -0.000732914 -0.000154517 0.134807        0        0
             6.87773 -0.322359   31.5176 -0.342696  0.00226463 -0.00567428  0.00826202 -0.0141948  0.0051646  0.0106063 -7.51528e-05  8.44082e-06 -0.000260453 -0.000298951 -0.000760106 -0.000124959 0.134787        0        0
             6.97806 -0.377339   31.5192 -0.413987 0.000698206 -0.00548574  0.00918703  -0.0167128 0.000296995    0.011022 -7.51507e-05  8.30529e-06 -0.000260439 -0.000298872 -0.000759891 -0.000123729 0.145499        0        0
             6.97806  -0.30602   31.5368 -0.365365 0.00158955 -0.0042601 0.00741788   -0.0112965   0.00744957 -0.000619666 -7.83204e-05   6.2927e-06 -0.000263511 -0.000329755 -0.000781995  -0.00010179 0.145571        0        0
              7.0779 -0.369769   31.5433 -0.434607 0.000368733 -0.00384791  0.00720264  -0.0128281  0.00248274 0.000571712 -7.8332e-05  6.1486e-06 -0.00026353 -0.000330254 -0.000781737 -0.000100587 0.155955        0        0
              7.0779 -0.378263    31.559 -0.461191  0.00181577 -0.00533899  0.00757302 -0.00448289 -0.00778126  0.00232813  -7.9739e-05   3.9042e-06 -0.000262212 -0.000347838 -0.000752282 -0.000117387 0.155941        0        0
             7.17774 -0.433128   31.5806 -0.529895  0.00130735 -0.00636657  0.00730628 -0.00882912  -0.0133432  0.00234639 -7.97458e-05   3.5913e-06 -0.000262252 -0.000350622 -0.000752952  -0.00011268 0.149281        0        0
             7.17774 -0.324229   31.5695 -0.410229  0.00131536 -0.00629192  0.00639855   -0.008571  -0.0136538 -0.00372288 -8.36736e-05  4.59032e-06  -0.00027091 -0.000360951  -0.00075423 -9.75569e-05 0.149335        0        0
             7.27806 -0.386186   31.5594 -0.486995 0.000578823 -0.00788336  0.00580117 -0.00924615  -0.0173747  -0.0036456 -8.36747e-05  4.45509e-06 -0.000270925 -0.000361601 -0.000754251 -9.61436e-05 0.153826        0        0
             7.27806  -0.35671   31.5364 -0.438158  0.00372147 -0.00532547  0.00595693   0.00825049 -0.000637931  -0.00266187 -8.24472e-05  4.52858e-06 -0.000273501 -0.000403221 -0.000803267 -0.000125498 0.153876        0        0
              7.3779 -0.418828   31.5432  -0.50285  0.00470351 -0.00569187  0.00521432  0.00845092 -0.00565791 -0.00358014 -8.24871e-05  4.25617e-06 -0.000273583 -0.000406395 -0.000803017 -0.000122114 0.163687        0        0
              7.3779 -0.380576   31.5348 -0.445843  0.00546979 -0.00598299  0.00702912   0.0123472 -0.00746014   0.0083652 -8.33479e-05  4.55271e-06 -0.000277819 -0.000397364  -0.00079824 -0.000159113 0.16369       0       0
             7.47774 -0.442728   31.4854 -0.511436 0.00659098 -0.0069203 0.00724918  0.0137488 -0.0125045 0.00564204 -8.33758e-05  4.21975e-06 -0.000277908 -0.000401661 -0.000798572   -0.0001543 0.166532        0        0
             7.47774 -0.342392   31.4733 -0.387254  0.00541448 -0.00642993  0.00724257  0.00691507 -0.00952774  0.00598471 -8.60943e-05  6.06675e-06  -0.00028681  -0.00038436 -0.000808935  -0.00014499 0.166528        0        0
             7.57806 -0.392057   31.5289  -0.44618  0.00605775 -0.00765374  0.00727163 0.00725536 -0.0152692 0.00443318 -8.61432e-05   5.6654e-06 -0.000286923 -0.000389612 -0.000808543 -0.000140329 0.162054        0        0
             7.57806  -0.35743   31.5273 -0.409631  0.00546585 -0.00567177  0.00840815  0.00320261 -0.00143676   0.0127931 -8.61823e-05  6.27312e-06 -0.000288788 -0.000365935 -0.000849277   -0.0001562 0.162084        0        0
              7.6779 -0.416664   31.5509 -0.479366 0.00562388 -0.0060103 0.00899068  0.00148065 -0.00610956  0.00920605 -8.62678e-05  5.85916e-06 -0.000288906 -0.000372128 -0.000848484 -0.000150864 0.167459        0        0
              7.6779 -0.390883   31.5326 -0.413608 0.00291015 -0.0045949 0.00887662 -0.0145006 0.00389521  0.0093779 -8.45914e-05  9.25199e-06 -0.000293164  -0.00033209 -0.000878033 -0.000127141 0.167476        0        0
             7.77774 -0.442413   31.5443 -0.480926 0.00110655 -0.0041602 0.00848398  -0.0184907 0.000279683  0.00395116 -8.46629e-05  8.50028e-06 -0.000293316 -0.000340709 -0.000880165 -0.000113003 0.176549        0        0
             7.77774 -0.363871   31.5642 -0.420472  0.00127611 -0.00582628  0.00837568 -0.0171028 -0.0117114 0.00285049 -8.98226e-05  6.68282e-06 -0.000298457  -0.00034579  -0.00084651 -0.000111923 0.17653       0       0
             7.87806 -0.397347   31.5713 -0.470662  0.00397843 -0.00705994  0.00122495 -0.00163921  -0.0166261  -0.0309242 -9.06988e-05  3.92907e-06 -0.000300066 -0.000441236 -0.000847722  -5.3135e-05 0.178097        0        0
             7.87806 -0.298779   31.5356 -0.404884  0.00391656 -0.00467098  0.00405865 -0.00511783  0.00021881 -0.00727524 -9.46639e-05  7.41295e-06 -0.000303928 -0.000394371 -0.000898736 -0.000110977 0.177547        0        0
             7.97791 -0.353647   31.5275 -0.474423     0.00492 -0.00508703  0.00198746 -0.000626587  -0.00605991   -0.0139701 -9.49692e-05  7.36415e-06 -0.000304373 -0.000421926 -0.000895471  -0.00010242 0.17305       0       0
             7.97791 -0.360331   31.5427 -0.428238  0.00456415 -0.00535329  0.00471102 -0.00389855 -0.00677518  0.00615907 -9.23277e-05  6.37529e-06 -0.000307876   -0.0003808 -0.000892669 -0.000150613 0.172733        0        0
             8.07775 -0.417052   31.5407 -0.493376 0.00405664 -0.0061836 0.00540368 -0.00574489  -0.0113904  0.00294478 -9.22997e-05  6.67866e-06 -0.000307849 -0.000383773 -0.000892905 -0.000145968 0.104623        0        0
             8.07775 -0.382483   31.5041 -0.463052  0.00416563 -0.00512925  0.00752706 -0.00601454 -0.00362923   0.0175087 -9.31935e-05  9.89934e-06 -0.000309638 -0.000360097 -0.000916171 -0.000184886 0.104558        0        0
             8.17807 -0.437926   31.5057  -0.53007 0.00333779 -0.0055959 0.00927894  -0.0086377 -0.00721327   0.0176953 -9.31783e-05  9.77073e-06 -0.000309642 -0.000360344 -0.000916909  -0.00018331 0.111697        0        0
             8.17807 -0.354593   31.5288 -0.410959  0.00274014 -0.00530481  0.00816825  -0.0116719 -0.00582737   0.0105815 -9.48528e-05  8.17441e-06 -0.000318454 -0.000363666 -0.000922779 -0.000159241 0.111677        0        0
             8.27791 -0.410605   31.5338 -0.481471   0.0013579 -0.00596338   0.0091111 -0.0142043 -0.0102925  0.0101966 -9.48558e-05  8.05914e-06 -0.000318468 -0.000364399 -0.000924174 -0.000156475 0.125898        0        0
             8.27791 -0.353554   31.5226 -0.428025  0.00300981 -0.00554597  0.00878992  -0.0048026 -0.00809581  0.00777747 -9.71591e-05  8.00905e-06 -0.000322363 -0.000392461 -0.000932012 -0.000164836 0.12588       0       0
             8.37775 -0.415525   31.5309  -0.49917  0.00208921 -0.00633512  0.00947346 -0.00826817  -0.0117561  0.00687095 -9.71252e-05  7.84597e-06 -0.000322301 -0.000390289 -0.000934209 -0.000161308 0.132308        0        0
             8.37775 -0.368092   31.5921 -0.398137  0.00220019 -0.00444136  0.00716777 -0.00691743 0.000407157 -0.00826692 -9.54563e-05  2.36949e-06 -0.000329262 -0.000417027  -0.00097199 -0.000122095 0.132231        0        0
             8.47807 -0.427164   31.6019 -0.462427  0.00302635 -0.00515162    0.004784 -0.00194614 -0.00622579  -0.0145732 -9.57398e-05  1.14507e-06 -0.000329851 -0.000443383 -0.000964507 -0.000112963 0.132719        0        0
             8.47807 -0.361269   31.5022 -0.433151  0.00263972 -0.00675584   0.0075601 -0.0056011  -0.016681 0.00451415 -0.000101205  1.03318e-05 -0.000332559 -0.000404636 -0.000933688 -0.000159982 0.132611        0        0
             8.57791 -0.421994   31.4967 -0.502868  0.00192067 -0.00862323  0.00854149 -0.00840603   -0.020614  0.00693375 -0.000101261  1.08561e-05 -0.000332556  -0.00040175 -0.000933425 -0.000164453 0.108053        0        0
             8.57791 -0.306413   31.5184  -0.41334  0.00228508 -0.00484173  0.00801946 -0.00664472  0.00434695  0.00417668 -0.000104924  8.80134e-06 -0.000337852  -0.00040992  -0.00101109 -0.000159726 0.108051        0        0
             8.67775 -0.407185   31.6788 -0.530237  0.00171355 -0.00440062  0.00814036 -0.00314773 0.000287737  0.00433979 -0.000104836  8.51542e-06 -0.000337876 -0.000410138  -0.00101309 -0.000155516 0.107251        0        0
             8.67775 -0.357947   31.6764 -0.421041  0.00298904 -0.00385169  0.00774548 0.00416619  0.0034942 0.00155277 -0.000103781  7.96804e-06 -0.000346034 -0.000433618  -0.00102393 -0.000159598 0.107297        0        0
             8.77807 -0.414629   31.6987 -0.489294  0.00278326 -0.00372146  0.00761317 -0.00409162  0.00450813 0.000781577 -0.000103836  7.71151e-06 -0.000346094 -0.000436441  -0.00102349 -0.000156598 0.113198        0        0
             8.77807 -0.419934   31.7099 -0.467856 0.00191724 -0.0060132  0.0081086 -0.00876166  -0.0110447  0.00376715 -0.000103814  7.23724e-06 -0.000348631 -0.000419449 -0.000975836 -0.000157069 0.113179        0        0
             8.87791 -0.275076   31.9083 -0.181255  0.00119633 -0.00747015  0.00826897 -0.0242355  0.0236066 0.00813941  -0.00010384  6.95848e-06 -0.000348707 -0.000422732 -0.000975687 -0.000154123 0.122677        0        0
             8.87791 -0.192263   31.8949 -0.108709  0.00249814 -0.00535201  0.00855732  -0.01735 0.0374853 0.0102935 -0.000106467  7.38747e-06 -0.000353384 -0.000437121  -0.00101967 -0.000171262 0.122685        0        0
             8.97776 -0.287098    31.851   2.97697 -0.00120264   0.0029329  0.00897272 -0.0535525   0.116765 0.00802708 -0.00010648 7.07936e-06 -0.00035345 -0.000440553  -0.00102071 -0.000166641 0.128509        0        0
             8.97776 -0.274863   31.7542   3.20692 -0.00169615   0.0062122   0.0106663 -0.0580403   0.139781  0.0203484 -9.46682e-05  1.63781e-05 -0.000369968 -0.000409957  -0.00109134 -0.000194944 0.128496        0        0
             9.07808 -0.361707   31.7086   7.17641 -0.00770512   0.0201522   0.0121276 -0.0627266   0.135221  0.0189554 -9.47176e-05  1.60104e-05 -0.000370068 -0.000414518  -0.00109153 -0.000189434 0.14316       0       0
             9.07808 -0.249206   31.8119   7.44391 -0.00780464   0.0148234   0.0123416 -0.0616119  0.0997819  0.0192026 -9.51564e-05  6.21476e-06 -0.000392707  -0.00041254 -0.000984301 -0.000188241 0.143215        0        0
             9.17792 -0.264256   31.7364   10.9948 -0.0147573  0.0231704  0.0151572 -0.0675677  0.0618634  0.0227565 -9.50025e-05  6.75395e-06 -0.000392395 -0.000401234 -0.000986728 -0.000194893 0.0804664         0         0
             9.17792 -0.262365    31.804   11.0172 -0.0128839  0.0277823  0.0102679  -0.0567191   0.0905233 -0.00999946 -9.10318e-05 -3.87334e-07 -0.000392159 -0.000489876  -0.00107289 -0.000125539 0.0783978         0         0
             9.27776 -0.28866  31.7293  14.1033 -0.0197952  0.0359656  0.0107157  -0.0685805   0.0706126 -0.00370063 -9.07838e-05  5.67495e-07 -0.000391803 -0.000473715  -0.00107395 -0.000140651 0.0671526         0         0
             9.27776 -0.0890458    31.8034    14.1593 -0.0178547  0.0445563 0.00803342  -0.058901   0.124775 -0.0200334 -0.000100919 -7.65917e-06 -0.000392705  -0.00054612  -0.00124022 -0.000123811 0.0668547         0         0
             9.37808 -0.139635    31.757   16.4874  -0.022889  0.0554678 0.00558438  -0.032072  0.0831142 -0.0213454 -0.000100849 -7.80663e-06 -0.000392726 -0.000546709  -0.00124682 -0.000119407 0.0583619         0         0
             9.37808 -0.114152   31.7119   16.4618 -0.0199736  0.0482185 0.00835463  -0.0164416   0.0363602 -0.00549026 -0.000108997 -5.10138e-06 -0.000393639 -0.000534862  -0.00109547 -0.000172607 0.058104        0        0
             9.47792 -0.144836   31.6704   18.0493 -0.0221043  0.0506673 0.00781204 -0.0244611  0.0193503 -0.0054231  -0.00010897 -5.24598e-06 -0.000393665 -0.000534705  -0.00109523 -0.000173141 0.0486254         0         0
             9.47792 -0.0633115    31.7044      18.09 -0.0235251  0.0508683 0.00610895 -0.0311338  0.0200652 -0.0159056 -0.000114308 -7.67632e-06 -0.000396709 -0.000535102  -0.00110421 -0.000133125 0.0485843         0         0
             9.57776 -0.117811   31.6575   19.8591 -0.0272702  0.0529044 0.00468735 -0.0370587  0.0187542 -0.0152802 -0.000114287 -7.59438e-06 -0.000396672 -0.000534165  -0.00110356  -0.00013501 0.0398429         0         0
             9.57776 -0.0740519     31.617    19.8133 -0.0377198   0.052475 0.00535006  -0.0916962   0.0175591 -0.00943588 -0.000119756  2.17829e-06 -0.000392339 -0.000384753  -0.00114945 -6.52697e-05 0.0398383         0         0
             9.67808 -0.144899   31.5669   21.6406 -0.0474705  0.0532254 0.00553728  -0.0993814   0.0055524 -0.00589035 -0.000119622  2.69623e-06 -0.000392096  -0.00037561  -0.00114434 -7.57881e-05 0.0432889         0         0
             9.67808 -0.0258707     31.592    21.9021 -0.0485444   0.054371 0.00965289  -0.10573 0.0135493 0.0222641 -0.000116938  7.43928e-07 -0.000412044 -0.000317408  -0.00117647 -0.000149192 0.0434392         0         0
             9.77792 -0.0925904    31.5308    23.5278 -0.0581807  0.0543163  0.0130741  -0.0903086 -0.00989985   0.0269078 -0.000116697  1.29791e-06 -0.000411835 -0.000307662  -0.00117406 -0.000161364 0.0425032         0         0
             9.77792 -0.0424163    31.5786    23.4292 -0.0508453  0.0572409  0.0105889 -0.0514289 0.00705069 0.00931516 -0.000125485 -8.07822e-06 -0.000403749 -0.000450922  -0.00118215 -0.000181369 0.0423718         0         0
             9.87776 -0.0953236    31.5603    24.4638 -0.0551636  0.0566938  0.0125588 -0.0403333 -0.0124894  0.0131201 -0.000125306 -7.56372e-06 -0.000403519 -0.000441492   -0.0011816 -0.000191069 0.041361        0        0
             9.87776 0.00797778    31.6711    24.6004 -0.0500498  0.0585806 0.00592734  -0.010805  -0.002453 -0.0329809 -0.000128174 -2.15071e-05 -0.000414402  -0.00060253  -0.00117808 -0.000110944 0.0410771         0         0
             9.97811  -0.113 31.6316 25.9608 -0.0519916  0.0583221  0.0035921 -0.00635252 -0.00846807  -0.0294803 -0.000127962 -2.10683e-05 -0.000414142 -0.000592995  -0.00117808 -0.000120082 0.0417643         0         0
             9.97811 -0.0684631    31.5663    26.0982 -0.0487926  0.0630474 0.00630013 0.00947524  0.0218533 -0.0107263 -0.000123154 -1.80563e-05 -0.000423702 -0.000634499  -0.00124618 -0.000218938 0.041845        0        0
             10.0779 -0.0662898    31.5852    26.1473 -0.0458569  0.0633078 0.00648776   0.0374798 -0.00168628 -0.00475028 -0.000122908 -1.74397e-05 -0.000423281  -0.00062163  -0.00124662 -0.000229606 0.0413528         0         0
             10.0779 0.00211157    31.5598    26.1027 -0.0472356  0.0658901   0.010145 0.0284333  0.015661 0.0220355 -0.000129422 -1.48791e-05 -0.000418476 -0.000573805  -0.00130953 -0.000304802 0.0415657         0         0
             10.1778 -0.0909273    31.5986    25.5564 -0.0438022   0.066359  0.0137432   0.0529292 -0.00936271   0.0279563 -0.000129131 -1.41774e-05 -0.000418044  -0.00055849  -0.00130859 -0.000318948 0.0395898         0         0
             10.1778 -0.0893963    31.5837    25.5265 -0.0454916  0.0645739  0.0109144  0.0442492 -0.0214977 0.00816699 -0.000131525   -1.126e-05  -0.00041607 -0.000557491  -0.00128654 -0.000240774 0.0394263         0         0
             10.2776 -0.123246   31.6081   23.6568 -0.0396352  0.0604222  0.0117446  0.0706565 -0.0613613 0.00778047 -0.000131523  -1.1419e-05  -0.00041603 -0.000555442  -0.00128786  -0.00023972 0.0404293         0         0
             10.2776 -0.0393108    31.6905    23.5958 -0.0428793  0.0555222  0.0112363  0.0540671 -0.0931968  0.0042956 -0.000144717 -1.56985e-05 -0.000412269 -0.000480785  -0.00122195 -0.000180197 0.0404149         0         0
             10.3779 -0.0908065    31.7385    21.2796 -0.0370017  0.0454198  0.0119553  0.0640781  -0.107483 0.00569993 -0.000144703 -1.56676e-05 -0.000412221 -0.000477638  -0.00122133 -0.000182861 0.0359101         0         0
             10.3779 -0.0868874    31.5997    21.2783 -0.0382301  0.0511086  0.0115348  0.0551742 -0.0702124 0.00381471 -0.000141338 -3.70476e-06 -0.000409847 -0.000505373  -0.00134245 -0.000192357 0.0359001         0         0
             10.4778 -0.138646   31.6727   19.0956 -0.032806  0.044303 0.0124921  0.0466271 -0.0660216 0.00676672 -0.000141169 -3.56915e-06 -0.000409817 -0.000504024  -0.00134244 -0.000200992 0.0387179         0         0
             10.4778 -0.0688093    31.7604    19.1873 -0.0330791  0.0479565 0.00878854  0.0456116 -0.0427843 -0.0186983 -0.000141295 -1.28932e-05 -0.000416147 -0.000570398  -0.00141491 -0.000140192 0.0386085         0         0
             10.5776 -0.12076  31.8373  17.4481 -0.029059 0.0442048 0.0068482  0.0283747 -0.0259943 -0.0176797 -0.000141413 -1.29786e-05 -0.000416088 -0.000570401  -0.00141263 -0.000138924 0.0389401         0         0
             10.5776 -0.0299656    31.8157    17.5918 -0.0282291  0.0454047 0.00639967  0.0328407  -0.018809 -0.0207364 -0.000142357 -1.16353e-05 -0.000427517 -0.000595067  -0.00143094 -0.000141879 0.0389085         0         0
             10.6779 -0.0833775     31.825    17.3331 -0.0278124   0.044707 0.00458215   -0.011613 -0.00160422  -0.0194189 -0.000142455 -1.16586e-05 -0.000427405 -0.000589766  -0.00142689 -0.000143177 0.0375627         0         0
             10.6779 -0.0408177     31.765     17.495 -0.0250472  0.0441385 0.00576471  0.00365482 -0.00618251  -0.0117498 -0.000139337 -7.37361e-06 -0.000441165 -0.000613194  -0.00139693 -0.000188521 0.0375996         0         0
             10.7778 -0.160548    31.728   17.4593 -0.0239797  0.0431098 0.00520501    0.012975  -0.0159064 -0.00752801 -0.000139151 -7.11572e-06 -0.000440944 -0.000605518   -0.0013995 -0.000194109 0.0339224         0         0
             10.7778 -0.11685   31.691  17.5727 -0.0207931  0.0422536 0.00556346   0.0309831  -0.0226962 -0.00584556 -0.000138866 -5.26931e-06 -0.000450982 -0.000645128  -0.00136095 -0.000225326 0.0339369         0         0
             10.8776 -0.177025   31.6888   17.5086 -0.0177345  0.0396643 0.00468132   0.0312595  -0.0283794 -0.00698985 -0.000138903 -5.61332e-06 -0.000451003 -0.000645146  -0.00136086 -0.000221776 0.0303775         0         0
             10.8776 -0.115526   31.6577   17.5559 -0.0194011    0.04283 0.00938827   0.0198475 -0.00641394   0.0263246 -0.000140051 -2.18793e-06 -0.000453386 -0.000574035  -0.00144121 -0.000312316 0.0305054         0         0
              10.978 -0.166599   31.6564   17.4967 -0.0172753  0.0417269  0.0116276   0.019911 -0.0130522  0.0248526 -0.000140133 -2.54682e-06 -0.000453511  -0.00057741  -0.00144003 -0.000308299 0.0304424         0         0
              10.978 -0.0576187    31.6779    17.6143 -0.0217527  0.0435378  0.0120824 -0.00579904 -0.00044296   0.0289242 -0.000142727 -2.21633e-06 -0.000461964 -0.000511656  -0.00150719 -0.000284373 0.0304445         0         0
             11.0778 -0.129508   31.6864   17.5428 -0.0222732  0.0430495  0.0145974 -0.00515891 -0.00844719   0.0266832 -0.000142786 -2.67537e-06 -0.000462015 -0.000513425  -0.00150698 -0.000279981 0.0301388         0         0
             11.0778 -0.14108  31.6246  17.5141 -0.0260683  0.0453849  0.0119039 -0.0275309 0.00754278 0.00919916 -0.000140942  5.21591e-06 -0.000458274 -0.000500123  -0.00157951 -0.000200943 0.0300871         0         0
             11.1776 -0.208134   31.6597   17.4543 -0.0287566  0.0457534  0.0125854  -0.0279307 0.000945045  0.00715729 -0.000140964  4.84374e-06 -0.000458306 -0.000501581  -0.00157967 -0.000197387 0.0276356         0         0
             11.1776 -0.0874541    31.8194    17.6089 -0.0246093  0.0444416  0.0067709 -0.00139358  -0.0104879  -0.0335682 -0.000146596 -1.31159e-05  -0.00047236 -0.000633265  -0.00152043 -0.000112672 0.0275265         0         0
              11.278 -0.143873   31.8173   18.3115 -0.0257408  0.0437567 0.00339433   -0.0103485 -0.000648518   -0.0318796 -0.000146593  -1.3571e-05 -0.000472369  -0.00063348  -0.00152016 -0.000109573 0.0288444         0         0
              11.278 -0.108898   31.7758   18.4052 -0.0274041  0.0453049 0.00750444  -0.0213902   0.0108659 -0.00271839 -0.000143804 -8.77001e-06  -0.00047928 -0.000561266  -0.00156803 -0.000184673 0.0289297         0         0
             11.3778 -0.14146  31.8301  20.0715 -0.0301745  0.0484751 0.00717229 -0.0357587  0.0486513 -0.0023894 -0.000143819 -9.07208e-06 -0.000479271 -0.000562152  -0.00156761 -0.000182114 0.030021        0        0
             11.3778 -0.10977  31.7012  20.1316 -0.0296041  0.0514083  0.0090025 -0.034173 0.0679711    0.0109 -0.000142197   2.6326e-06 -0.000483263 -0.000561913  -0.00162761 -0.000236752 0.030033        0        0
             11.4776 -0.166678   31.7173   22.6213 -0.0330585  0.0570084  0.0103428 -0.0282886  0.0440825   0.011302 -0.000142119  2.62327e-06 -0.000483159 -0.000559102   -0.0016276 -0.000239393 0.0302218         0         0
             11.4776 -0.0581225    31.8519     22.814 -0.0343275  0.0570419 0.00803372  -0.0340722   0.0438839 -0.00447047 -0.000142328 -1.00531e-05 -0.000499079  -0.00056927  -0.00163563 -0.000180797 0.0301862         0         0
              11.578 -0.0730599    31.8986    26.0491 -0.0372484  0.0612263  0.0079362  -0.0228287   0.0380014 -0.00340828 -0.000142228 -9.95333e-06  -0.00049902 -0.000566784  -0.00163539 -0.000185007 0.0293378         0         0
              11.578 -0.0537147    31.9059    26.1512 -0.0387006  0.0647845  0.0052723 -0.0313412  0.0618943 -0.0208094 -0.000136271  -1.0533e-05 -0.000505982 -0.000601109   -0.0017209  -0.00013443 0.0292992         0         0
             11.6778 -0.0958503    31.9468    30.0008  -0.042265  0.0704948 0.00345176 -0.0378088  0.0488299 -0.0207929 -0.000136201 -1.03506e-05 -0.000505932 -0.000599619  -0.00172065 -0.000137607 0.0290622         0         0
             11.6778 -0.000715068      31.9183      30.1589 -0.0444494  0.0672536 0.00603051 -0.0501991  0.0275574 -0.0025932 -0.000139026 -5.61708e-06  -0.00052024 -0.000508892  -0.00167413 -0.000156705 0.0291491         0         0
             11.7776 -0.0646867    31.8455    34.1335 -0.0494847  0.0686963 0.00626191   -0.0543839   0.00656171 -0.000879542  -0.00013892 -5.49684e-06   -0.0005202 -0.000505669  -0.00167392 -0.000161769 0.0305289         0         0
             11.7776 -0.0433666    31.8755    34.2025 -0.0443723  0.0689415 0.00565067   -0.024695  0.00669311 -0.00582104 -0.000138268 -1.18557e-05 -0.000526622 -0.000589398  -0.00162935 -0.000193269 0.0305046         0         0
              11.878 -0.0937181    31.7871    38.3305 -0.0474191  0.0690198 0.00520905   -0.033225 -0.00204707 -0.00562974 -0.000138335 -1.20075e-05  -0.00052669 -0.000588338  -0.00162758 -0.000193724 0.0306176         0         0
              11.878 0.00583651    31.8146    38.4111 -0.0456838  0.0714313 0.00786491 -0.0239349  0.0137853  0.0124172 -0.000142723 -1.67216e-05 -0.000532709 -0.000601134  -0.00165865 -0.000277107 0.0306905         0         0
             11.9778 -0.0449754     31.747    42.6144 -0.0481096   0.072591 0.00956144 -0.0287261  0.0122087  0.0140033 -0.000142532 -1.64112e-05 -0.000532529 -0.000598464  -0.00165837 -0.000281856 0.028545        0        0
             11.9778 0.0212284   31.7655   42.7262 -0.0481495  0.0755107 0.00838581 -0.0291173  0.0310788 0.00664028 -0.000141419 -1.94142e-05  -0.00054084 -0.000643152  -0.00171229  -0.00027882 0.0285422         0         0
             12.0776 -0.0599693     31.685    46.9864 -0.0508812  0.0776834 0.00853369 -0.0267474  0.0128463 0.00539842 -0.000141598 -1.95835e-05 -0.000541006 -0.000648383   -0.0017126 -0.000272265 0.0278489         0         0
             12.0776 0.0126704   31.7191   47.1025 -0.0525391  0.0794153 0.00798267 -0.0360539  0.0244155 0.00209629 -0.000141119 -2.29231e-05 -0.000549892 -0.000654919  -0.00176415 -0.000262508 0.0278305         0         0
              12.178 -0.0781171    31.6142    51.1087 -0.0562548  0.0809549 0.00874189 -0.0363602 0.00633601 0.00529907 -0.000140957 -2.27598e-05 -0.000549751 -0.000650275  -0.00176288  -0.00026894 0.0279273         0         0
              12.178 -0.0398011    31.6251    51.1419 -0.0544819    0.08521 0.00838687  -0.026937  0.0333668 0.00319322 -0.000141284 -2.67369e-05 -0.000551465 -0.000729484  -0.00180695 -0.000309022 0.02791       0       0
             12.2778 -0.0863868    31.5479    54.8481  -0.056977  0.0877795 0.00834155 -0.0233514  0.0162741 0.00280029 -0.000141351 -2.67547e-05 -0.000551545 -0.000733723  -0.00180779 -0.000305394 0.0297403         0         0
             12.2778 0.0264668   31.5248    54.852 -0.063225 0.0856675 0.0103937 -0.0582964 0.00358091  0.0172263 -0.000151287 -2.04308e-05 -0.000551033 -0.000611359  -0.00187078 -0.000290677 0.029771        0        0
             12.3776 -0.0516977    31.4459    58.2235 -0.0693042   0.085488  0.0105831  -0.0640414 -0.00941941   0.0125321 -0.000151764 -2.06963e-05 -0.000551455 -0.000625393  -0.00187406  -0.00027479 0.0301473         0         0
             12.3776 0.0772463   31.4596   58.2643 -0.0741644  0.0834054 0.00717131  -0.0899287  -0.0232618 -0.00971433 -0.000161811 -1.89094e-05 -0.000554407 -0.000587575  -0.00191949 -0.000157733 0.030109        0        0
              12.478 0.025355  31.4084  61.4355 -0.0831899  0.0809028 0.00504075 -0.0912339 -0.0330636 -0.0139244 -0.000162161 -1.91011e-05 -0.000554742 -0.000598248  -0.00192122 -0.000146419 0.0303374         0         0
              12.478 0.0627963   31.4742   61.5045 -0.0843124  0.0852013  0.0042836  -0.0981707 -0.00467222  -0.0180245 -0.000159705 -2.78105e-05 -0.000559062 -0.000663952  -0.00199571 -0.000169225 0.0303367         0         0
             12.5778 -0.0982226    31.4015    64.2789 -0.0940052  0.0842934 0.00234554  -0.091132 -0.0128326 -0.0167782 -0.000159753 -2.79383e-05 -0.000559115 -0.000663696   -0.0019963 -0.000168968 0.0303944         0         0
             12.5778 -0.12272  31.2799  64.1934 -0.0912435  0.0899438 0.00435921  -0.0775479   0.0235577 -0.00265749 -0.000160844  -2.0221e-05 -0.000551084 -0.000754443  -0.00201759 -0.000284303 0.0304033         0         0
             12.6776 -0.176688   31.2292   66.9688  -0.100076  0.0912176 0.00319701  -0.0873196  -0.0051157 -0.00752423  -0.00016107 -2.03062e-05 -0.000551305 -0.000762586  -0.00201817 -0.000276804 0.0268463         0         0
             12.6776 0.0181369   31.3582    67.139 -0.0938573  0.0907797 0.00445071   -0.050114 -0.00865047 0.000323833 -0.000174953 -3.59331e-05 -0.000568114 -0.000785419  -0.00190142 -0.000324073 0.026862        0        0
              12.778 -0.00864324     31.2167     68.6969 -0.0956234  0.0892626  0.0041168  0.0335124 -0.0108306 -0.0025496 -0.000175022 -3.60851e-05 -0.000568209 -0.000791023  -0.00190449 -0.000320932 0.025956        0        0
              12.778 -0.0362374    31.1844    68.5116 -0.0986627  0.0897445 0.00561853   0.0152827 -0.00675426  0.00800446 -0.000180206 -3.21371e-05 -0.000550893 -0.00076116 -0.00196781 -0.00034768 0.0259707         0         0
             12.8778 -0.14209  31.2734  68.4596 -0.0955685  0.0889132  0.0059942  0.0299244 -0.0189293 0.00566994 -0.000180299 -3.21709e-05 -0.000550968  -0.00076374   -0.0019678 -0.000345289 0.025465        0        0
             12.8778 -0.0524526    31.3026    68.4288 -0.0961881  0.0831957  0.0071686  0.0277273 -0.0564132  0.0126636 -0.000192653 -3.08178e-05 -0.000548915 -0.000642405  -0.00192872 -0.000301494 0.0254707         0         0
             12.9777 -0.0654251    31.3021    68.3927 -0.0925264  0.0772664 0.00842726  0.0405086 -0.0672816  0.0130515 -0.000192672 -3.07961e-05 -0.000548927 -0.000642892  -0.00192831 -0.000301215 0.025467        0        0
             12.9777 -0.0579719    31.3245    68.4342 -0.0933789  0.0821819 0.00883432  0.0343248 -0.0341428  0.0167348 -0.000189241 -3.65742e-05 -0.000551564 -0.000722439  -0.00198963  -0.00036522 0.0254731         0         0
              13.078 -0.111054   31.3282   68.3824 -0.0896772  0.0787483  0.0100165  0.0398276 -0.0388864  0.0129633 -0.000189405  -3.6653e-05   -0.0005517 -0.000727256  -0.00199044 -0.000360888 0.0226676         0         0
              13.078 -0.0740953    31.2971    68.4017 -0.0982936  0.0850798  0.0093613 -0.0121194 0.00379244   0.010673 -0.000185568  -3.6094e-05 -0.000549364 -0.000798841   -0.0022166 -0.000394581 0.0226531         0         0
             13.1778 -0.131624   31.3053    68.354 -0.0990588   0.084981  0.0101067 -0.00356363  -0.0064773  0.00912861  -0.00018569 -3.61095e-05 -0.000549445 -0.000802034  -0.00221639 -0.000390466 0.0250297         0         0
             13.1778 -0.0539397    31.3459    68.4109 -0.0978315   0.087149  0.0076379  0.00439195  0.00755769 -0.00781771 -0.000190897  -4.2221e-05 -0.000554646 -0.000881803  -0.00220934 -0.000366013 0.0249919         0         0
             13.2777 -0.104332   31.3509   68.3605 -0.0971251  0.0875442 0.00667328   0.0103579 3.04228e-05 -0.00936597 -0.000190977 -4.22273e-05 -0.000554704 -0.000883727  -0.00220918 -0.000363594 0.0270908         0         0
             13.2777 -0.0946667    31.3141    68.4232 -0.0974613  0.0887071 0.00823019 0.00778868  0.0079194  0.0017511  -0.00018801 -3.92245e-05 -0.000559944 -0.000882806  -0.00222756 -0.000411096 0.0271139         0         0
              13.378 -0.149067   31.3141     68.37 -0.0963297  0.0890181 0.00825668   0.0143001  -0.0018068 0.000286692 -0.000188072 -3.91942e-05 -0.000559999 -0.000885472  -0.00222677 -0.000408685 0.0297946         0         0
              13.378 0.0159413   31.2824   68.4796 -0.0995667  0.0942941 0.00685015  -0.0051798   0.0333403 -0.00854964 -0.000196021 -3.90767e-05 -0.000567738 -0.000982658  -0.00234003 -0.000429614 0.0297519         0         0
             13.4778 -0.0454485    31.2907     68.427 -0.0997383  0.0972088 0.00597083  0.00169783   0.0237576 -0.00898572  -0.00019605 -3.90687e-05 -0.000567761 -0.000984157  -0.00234003 -0.000428607 0.0273791         0         0
             13.4778 -0.0574368    31.2926    68.4542 -0.0994759  0.0924438 0.00619897  0.00426868 -0.00836568 -0.00801405 -0.000194782 -3.56866e-05 -0.000571043  -0.00089327   -0.0022908 -0.000377538 0.0273969         0         0
             13.5777 -0.0294308    31.3219     68.451 -0.0985382  0.0912257 0.00524253   0.0131294  -0.0170156 -0.00915748 -0.000194868 -3.57123e-05 -0.000571111  -0.00089655  -0.00229044 -0.000374997 0.0288313         0         0
             13.5777 0.040219  31.3124  68.4896  -0.100624  0.0859368 0.00942479 0.00109596 -0.0517128   0.020245 -0.000200145 -3.02774e-05 -0.000574532 -0.000727314  -0.00228827 -0.000400306 0.0289099         0         0
              13.678 0.101799  31.4361  68.6389 -0.100108 0.0804252 0.0115005 -0.0051578 -0.0596032  0.0195753 -0.000200183 -3.02615e-05 -0.000574546 -0.000727915  -0.00228671 -0.000399198 0.0310875         0         0
              13.678 0.217252  31.5059  68.7428  -0.103866  0.0819377 0.00724073 -0.0272793 -0.0488869 -0.0102712 -0.000204015 -3.77427e-05 -0.000582201 -0.000791617    -0.002378 -0.000306876 0.0309957         0         0
             13.7778 0.0485799   31.4799    72.118  -0.107975  0.0768042 0.00608203 -0.0580887 -0.0642132  -0.010016 -0.000204103 -3.77254e-05 -0.000582295 -0.000794196  -0.00237751 -0.000304223 0.0311184         0         0
             13.7778 0.0766722   31.4165   72.5251 -0.104205 0.0851178  0.004992  -0.0363874 -0.00958227  -0.0176101 -0.000184839 -3.86393e-05 -0.000618852 -0.00099151 -0.00237387 -0.00039113 0.0310488         0         0
             13.8777 -0.0406523    31.3013    78.7401  -0.107614  0.0836013 0.00332899 -0.0320312 -0.0192718 -0.0157029 -0.000184849 -3.86552e-05 -0.000618848 -0.000990771  -0.00237413 -0.000391174 0.0256047         0         0
             13.8777 0.0949054   31.3075   79.1585  -0.103548  0.0851512 0.00675385 -0.00720357 -0.00919597  0.00781147  -0.00017799 -4.24337e-05 -0.000657883 -0.000998237  -0.00230387 -0.000499155 0.0256406         0         0
              13.978 0.00297262    31.2149    86.2311   -0.10355  0.0832222 0.00758892 0.00265478 -0.0313395 0.00848282 -0.000177927 -4.23357e-05 -0.000657832 -0.000997939  -0.00230329 -0.000500078 0.0270618         0         0
              13.978 -0.0303574    31.2684    86.2881  -0.105959  0.0876432 0.00971662   -0.0134127 -0.000324351    0.0240636 -0.000168013 -5.03264e-05 -0.000660849  -0.00104747  -0.00238511 -0.000598931 0.0270662         0         0
             14.0778 -0.0743611    31.1243    91.2744 -0.106278 0.0869268 0.0120552 -0.00614117 -0.00408884   0.0239509 -0.000167984 -5.02599e-05 -0.000660838  -0.00104819  -0.00238565 -0.000598252 0.0282284         0         0
             14.0778 0.0351932   31.1572   91.1709 -0.112801 0.0876214 0.0110463 -0.0456872 0.00181209  0.0177122 -0.000180962 -5.28006e-05 -0.000648632 -0.00105997 -0.00253197 -0.00057775 0.0282298         0         0
             14.1777 -0.0329842    31.1666    94.4377 -0.117187 0.0877749 0.0128507  -0.0359235 -0.00315787   0.0184812 -0.000180909 -5.27937e-05 -0.000648612  -0.00105928  -0.00253186 -0.000579059 0.028524        0        0
             14.1777 0.121719  31.1784  94.3709 -0.122475 0.0877147 0.0067684  -0.0666139 -0.00361843  -0.0233504  -0.00019799 -5.32638e-05 -0.000640451  -0.00113593  -0.00264785 -0.000440135 0.0285443         0         0
              14.278 0.0591294   31.1643   96.5632  -0.129267  0.0869592 0.00430561 -0.0539558 -0.0128441 -0.0232476 -0.000197927 -5.31285e-05 -0.000640397  -0.00113724  -0.00264833 -0.000439557 0.0308348         0         0
              14.278 0.0853305   31.1601   96.5149 -0.125976 0.0878023 0.0111673 -0.0344908 -0.0064853  0.0247923  -0.00020532 -5.38676e-05 -0.000637166  -0.00105916    -0.002575 -0.000606819 0.0309361         0         0
             14.3778 0.0773571   31.1393    98.455 -0.129176 0.0870123 0.0135803  -0.0372486 -0.00691763   0.0238473 -0.000205291 -5.38563e-05 -0.000637145  -0.00105888  -0.00257464 -0.000606665 0.0311034         0         0
             14.3778 0.11102 31.0856 98.5223 -0.130106 0.0855174 0.0123796  -0.042274 -0.0171658  0.0152616 -0.000204713 -4.68913e-05 -0.000643005  -0.00104652  -0.00259848 -0.000560865 0.031109        0        0
             14.4777 0.129966  30.9662   99.482 -0.130567 0.0827354 0.0142749  0.0292888 -0.0314682  0.0198997 -0.000204637  -4.6919e-05 -0.000642963   -0.0010439  -0.00259831 -0.000564669 0.0314901         0         0
             14.4777 0.23445 31.0161 99.4371 -0.133782 0.0817789 0.0093048  0.0103944 -0.0378072  -0.015122 -0.000216292 -5.15889e-05 -0.000637556  -0.00110151  -0.00267398 -0.000443186 0.031465        0        0
              14.578 0.116184    31.06  99.3513  -0.132848  0.0778689 0.00782162  0.0141706 -0.0458281 -0.0148766 -0.000216209 -5.15787e-05 -0.000637498  -0.00110008  -0.00267362 -0.000445054 0.0257411         0         0
              14.578 0.14957 31.0421 99.3325  -0.135362  0.0817456 0.00619292 -0.00168215  -0.0202314  -0.0253018 -0.000219457 -5.31574e-05 -0.000635056  -0.00121064   -0.0027159 -0.000464793 0.0257224         0         0
             14.6778 -0.104459   30.8513   99.1654  -0.135127  0.0789269 0.00386811 0.00472067 -0.0406311 -0.0271357 -0.000219452 -5.31392e-05 -0.000635084  -0.00120991  -0.00271474 -0.000465691 0.0273605         0         0
             14.6778 -0.0920177    30.8355    99.1555 -0.136005 0.0858991 0.0061849  -0.0021211  0.00673877 -0.00960746 -0.000221433 -5.76712e-05 -0.000634333   -0.0013278  -0.00270761 -0.000614791 0.0273401         0         0
             14.7777 -0.461565   30.5186   98.5969  -0.134289  0.0893101 0.00549156  0.0511779  0.0736381 0.00236611 -0.000221507 -5.78286e-05 -0.000634411  -0.00132977   -0.0027073 -0.000614421 0.0305432         0         0
             14.7777 -0.414823   30.4892   98.6323  -0.132701  0.0884519 0.00785333 0.0612532 0.0680404 0.0184767 -0.000225511 -5.37389e-05 -0.000638267  -0.00127482  -0.00267519 -0.000653815 0.0305351         0         0
              14.878 -0.832214   30.3983   98.0638  -0.125394   0.099887 0.00937556 0.0554801   0.12085 0.0208513 -0.000225439 -5.37784e-05 -0.000638217  -0.00127522  -0.00267479 -0.000653332 0.0280045         0         0
              14.878 -0.754129   30.4194   98.1543  -0.124271   0.100056 0.00976952 0.0629106  0.122098 0.0235589 -0.000229699 -5.58994e-05 -0.000647111  -0.00126918  -0.00264834 -0.000661811 0.0280014         0         0
             14.9778 -0.597303   28.9768    99.404 -0.119849  0.111972 0.0162458 0.0292623  0.113912  0.117345 -0.000229711 -5.59806e-05 -0.000647094  -0.00126927  -0.00264752 -0.000660422 0.0257899         0         0
             14.9778 -0.52767  28.8471  99.5984 -0.127243   0.11081 0.0166698 -0.0166219   0.106605    0.12055 -0.000221611 -4.20163e-05 -0.000662433  -0.00126821  -0.00282352 -0.000675702 0.0257906         0         0
             15.0777 0.647547  25.6417  99.2786 -0.124739  0.118298 0.0308665 0.0476538 0.0456738  0.142239  -0.00022153 -4.21049e-05 -0.000662381  -0.00126823  -0.00282321 -0.000676554 0.0273127         0         0
             15.0777 0.773766  25.5132  99.1769 -0.126285  0.122923 0.0279336 0.0380828 0.0757367  0.122646  -0.00023971 -3.23212e-05 -0.000652463  -0.00141083  -0.00284221 -0.000670812 0.0273027         0         0
              15.178 1.89421 23.4315 97.5636 -0.123449  0.131925 0.0367053 0.0114609 0.0998649  0.065757 -0.000239649 -3.24334e-05 -0.000652412  -0.00141017  -0.00284268 -0.000672024 0.0281131         0         0
              15.178 1.86343  23.481 97.5341 -0.123342  0.130845  0.042854 0.0116146 0.0943053  0.107818 -0.000237643  -3.7136e-05   -0.0006493 -0.00131495 -0.00284491 -0.00080681 0.0281051         0         0
             15.2778 1.22716 24.3585 95.1797 -0.124693  0.141876 0.0522975 -0.0401613   0.136445  0.0847841 -0.000237494 -3.71725e-05 -0.000649191   -0.0013139  -0.00284417 -0.000809383 0.0253133         0         0
             15.2778 1.05511 24.5321 95.1527 -0.12314 0.148229 0.047889 -0.0321927   0.178754  0.0549222  -0.00022206 -6.14081e-05 -0.000647333  -0.00149701  -0.00278325 -0.000767831 0.0253154         0         0
             15.3777 -2.95757  28.2616  90.9543 -0.128664  0.168293 0.0548464 -0.0733633   0.215434  0.0933218 -0.000222012 -6.13913e-05 -0.000647307  -0.00149637  -0.00278219 -0.000769061 0.0228694         0         0
             15.3777 -3.2024  28.553  90.854 -0.127154  0.172299 0.0548724 -0.0659711     0.2436  0.0940107 -0.000202693 -9.75104e-05 -0.000639929  -0.00157976   -0.0027356 -0.000810876 0.0228619         0         0
              15.478 -6.56228  32.7086   87.543  -0.13479  0.195472 0.0689652 -0.0727302   0.213846    0.19246 -0.000202587 -9.74623e-05 -0.000639909  -0.00157883  -0.00273514 -0.000812569 0.0227956         0         0
              15.478 -6.50942  32.9343   87.683 -0.143739  0.193494 0.0666747 -0.127342     0.203  0.176546 -0.000193848 -0.000120489 -0.000653096  -0.00157901  -0.00294914 -0.000745035 0.0227665         0         0
             15.5778 -5.57026  34.3469   85.978 -0.155198  0.210862 0.0891661 -0.0964609    0.14623   0.265519 -0.000193867 -0.000120516 -0.000653114  -0.00157851  -0.00294932 -0.000744844 0.0286231         0         0
             15.5778 -4.94621  34.0557  86.2892 -0.159272  0.208075 0.0841013 -0.118145  0.125099  0.229737 -0.000239765 -8.27049e-05 -0.000675977  -0.00159064  -0.00305931 -0.000596977 0.0286015         0         0
             15.6777 -0.998018   32.8386   86.3693 -0.169374  0.217361  0.108258 -0.0880215  0.0621462   0.239979 -0.000239834 -8.27286e-05 -0.000676032  -0.00159055   -0.0030591 -0.000595503 0.0225729         0         0
             15.6777 -0.563056   32.5263   86.5643 -0.167479  0.215875  0.110644 -0.0741677  0.0504128   0.255975   -0.0002776 -4.59481e-05 -0.000693697  -0.00152695  -0.00301181 -0.000626744 0.0225775         0         0
              15.778 2.23165 31.3515  87.521 -0.174839    0.2181   0.13497 -0.0742649 -0.0103956   0.236326 -0.000277542 -4.59526e-05 -0.000693687  -0.00152653  -0.00301148 -0.000628533 0.0245853         0         0
              15.778 2.25629 31.3233 87.7464 -0.174913  0.216899  0.139598 -0.0750704 -0.0177173   0.267922 -0.000266995 -4.26586e-05 -0.000714694  -0.00143383   -0.0030084 -0.000717464 0.0245855         0         0
             15.8778 4.13094  30.398 89.1812 -0.180653  0.211685  0.167681 -0.0330044  -0.090323   0.301348 -0.000266947 -4.27077e-05 -0.000714678  -0.00143499  -0.00300687 -0.000720716 0.0255775         0         0
             15.8778 3.98387 30.4975 89.2796 -0.179289  0.214121  0.171968 -0.0260617 -0.0726208   0.331567 -0.000245463 -5.65285e-05 -0.000724063  -0.00142589  -0.00297934 -0.000855091 0.0255554         0         0
             15.9777 6.28327 28.9843 90.5356 -0.179078   0.20422  0.206781 0.0272813 -0.122739  0.353689 -0.000245369 -5.64696e-05 -0.000724061  -0.00142494  -0.00297701 -0.000859466 0.0273333         0         0
             15.9777 6.37126 28.7675 90.5698 -0.181783   0.20869  0.205592  0.0102075 -0.0937335   0.346153 -0.000251407 -3.65434e-05 -0.000728607  -0.00153998  -0.00304825 -0.000891045 0.0273316         0         0
              16.078   7.755 28.1746  91.933 -0.180221  0.197018  0.239161 0.0210055 -0.138271  0.322787 -0.000251378 -3.65258e-05 -0.000728602  -0.00154031  -0.00304664 -0.000892725 0.0214248         0         0
              16.078 7.67045 28.3211 91.9874 -0.182318  0.200897  0.236564 0.00685407  -0.111397   0.305018  -0.00023733 -5.64175e-05 -0.000730753  -0.00166287  -0.00309661 -0.000875901 0.0214089         0         0
             16.1778 8.42172 28.5273 93.3249 -0.178853  0.189115  0.265651 0.0695892 -0.122769  0.270496 -0.000237328 -5.64432e-05 -0.000730755  -0.00166284  -0.00309662 -0.000876704 0.0228189         0         0
             16.1778  8.3489 28.5263 93.3615 -0.182607  0.190146   0.26528 0.0450254 -0.115231  0.268235  -0.00022463 -5.75341e-05 -0.000732679 -0.00169592 -0.00318896 -0.00087281 0.0228183         0         0
             16.2777 9.69733 28.9154 94.0926 -0.174972  0.176398  0.290001  0.107801 -0.162612  0.217245 -0.000224662 -5.75333e-05 -0.000732713  -0.00169635  -0.00318933 -0.000873408 0.0242956         0         0
             16.2777 9.85038 28.9604 94.1208 -0.177334   0.17795  0.285714  0.093253 -0.152183  0.186294 -0.000238808 -6.41297e-05  -0.00073365  -0.00179306  -0.00323354 -0.000777311 0.0242846         0         0
              16.378 11.2403 28.8209 95.2837 -0.16658 0.159646 0.298846  0.113322 -0.212682 0.0658995 -0.000238754 -6.39924e-05 -0.000733633  -0.00179181   -0.0032335 -0.000778751 0.0226424         0         0
              16.378 11.2761 28.6782 95.3802 -0.16226 0.166167  0.29484  0.140542 -0.170404 0.0379329 -0.000240753 -5.52831e-05 -0.000747578 -0.00198662  -0.0031128 -0.00077545 0.0226384         0         0
             16.4778 10.8425 28.3999 96.2995 -0.147442  0.146997  0.290848 0.153203 -0.20773 -0.11664 -0.000240789 -5.52688e-05 -0.000747615  -0.00198464  -0.00311056 -0.000777663 0.0201171         0         0
             16.4778 10.7789 28.4199 96.3037 -0.152723  0.146353  0.291828  0.118443 -0.211277 -0.109451 -0.000229817 -5.70664e-05 -0.000745432  -0.00197003  -0.00324882 -0.000777456 0.0201176         0         0
             16.5777 9.40343 28.3557 96.9864 -0.140163  0.125638   0.27405  0.130192 -0.200902 -0.246335  -0.00022985 -5.71265e-05 -0.000745475 -0.00196953 -0.00324833  -0.0007797 0.022355        0        0
             16.5777 9.44177 28.3656 97.1419 -0.137178  0.124085  0.278698  0.150063 -0.211116 -0.213131 -0.000227618  -6.0017e-05  -0.00076182  -0.00186144  -0.00319546 -0.000885596 0.02238       0       0
              16.678 7.55554 27.6691 97.3584 -0.122657  0.103958   0.25238  0.139631 -0.185642 -0.300054 -0.000227722  -6.0073e-05 -0.000761885  -0.00186252  -0.00319565 -0.000883699 0.0247026         0         0
              16.678 7.57071 27.7007 97.3985 -0.126728 0.0972281  0.255182  0.114017 -0.230579 -0.280636 -0.000224301 -5.91489e-05 -0.000764753  -0.00167987   -0.0033173 -0.000852838 0.0246962         0         0
             16.7778 6.76474 25.1304 98.3321 -0.115237 0.0772594  0.226775  0.120599 -0.148168 -0.284098 -0.000224373 -5.92181e-05 -0.000764798  -0.00168051   -0.0033173 -0.000851251 0.0217692         0         0
             16.7778  6.8747 24.8882 98.4745 -0.118145 0.0856475  0.222859     0.1012 -0.0913171  -0.311349 -0.000228432 -4.12503e-05 -0.000780511  -0.00194514  -0.00336497 -0.000858185 0.0217521         0         0
             16.8777 7.04659 22.6274 99.3772 -0.107983  0.083586  0.192548 0.0909118  0.052549 -0.304523 -0.000228339 -4.12323e-05 -0.000780491  -0.00194307  -0.00336404 -0.000862705 0.0225028         0         0
             16.8777 7.21627 22.6333 99.4372 -0.112417 0.0905741  0.191214 0.0611818  0.101745 -0.313103 -0.000241946 -4.97008e-05 -0.000784457   -0.0021455  -0.00346081 -0.000912456 0.0224771         0         0
              16.978 5.82495 21.8399 99.6698 -0.109311  0.106728   0.16072 0.00126913   0.211325  -0.281697 -0.000242069 -4.97679e-05 -0.000784564  -0.00214796  -0.00346337 -0.000908998 0.0266304         0         0
              16.978 5.69771  21.964   99.65 -0.10878 0.108487 0.161784 0.00368366   0.224392  -0.273798 -0.000229121 -6.50416e-05 -0.000780841  -0.00217628  -0.00344743 -0.000959893 0.0266291         0         0
             17.0779 3.58279 22.5066 98.4921 -0.110606  0.136304  0.138084 -0.0390269   0.314711  -0.186529 -0.000229187 -6.50318e-05  -0.00078092  -0.00217832  -0.00344925 -0.000957993 0.027655        0        0
             17.0779 3.58095 22.6144 98.4837 -0.113183  0.136608  0.138816 -0.0561545   0.318059  -0.181144 -0.000227233 -7.77959e-05 -0.000778297  -0.00218992  -0.00351582 -0.000979921 0.0276548         0         0
             17.1777 2.82103  23.096 96.1649 -0.120493   0.17079  0.127434 -0.0972099   0.345827 -0.0448331 -0.000227166 -7.76942e-05 -0.000778304  -0.00218936  -0.00351632 -0.000981678 0.0243084         0         0
             17.1777 2.98571 23.1434 96.1314 -0.11924 0.171131 0.131826 -0.0881467   0.349298 -0.0130955 -0.000249068 -8.23701e-05 -0.000774922 -0.00214672 -0.00349446 -0.00110621 0.0243347         0         0
              17.278 3.36994  23.226 92.7746 -0.13006 0.204749 0.137193 -0.116756  0.322096  0.111021 -0.000249108 -8.23584e-05  -0.00077497 -0.00214431 -0.00349312 -0.00110796 0.0239077         0         0
              17.278 3.53802 23.1881 92.7349 -0.12868 0.203684 0.136185 -0.106337  0.314067   0.10359 -0.000270832 -7.58413e-05 -0.000771574 -0.00212335 -0.00345966 -0.00106798 0.0239103         0         0
             17.3779 4.62552 24.1002 89.5029 -0.139837  0.231462  0.152223 -0.108832  0.235931  0.217882 -0.000270877  -7.5925e-05 -0.000771554 -0.00212417 -0.00345989 -0.00106682 0.0239573         0         0
             17.3779 4.76063 24.1958 89.5452 -0.134995  0.230409  0.149939 -0.0755224   0.227936   0.201164 -0.000289143 -8.43819e-05 -0.000777214 -0.00210837 -0.00333355 -0.00099231 0.0239591         0         0
             17.4777 6.87078 25.2237 87.8968 -0.142506  0.248295  0.174148 -0.0748149   0.127795   0.275496 -0.000289135  -8.4401e-05 -0.000777231    -0.002108  -0.00333449 -0.000993549 0.02573       0       0
             17.4777 6.94697 25.2007 88.0668 -0.145419   0.25054  0.176972 -0.0943538   0.144376   0.296656 -0.000287281 -8.68007e-05 -0.000794049 -0.00213589 -0.00341843 -0.00109486 0.0257283         0         0
              17.578 8.29548 26.1333 87.0564 -0.15487 0.259828 0.207673 -0.090727 0.0370419  0.309357  -0.00028726 -8.68008e-05  -0.00079404 -0.00213703  -0.0034194 -0.00109378 0.0203613         0         0
              17.578 8.28056 26.0864 87.1772 -0.163076  0.265936  0.207947 -0.145592 0.0806894  0.312755 -0.000272892 -9.01595e-05 -0.000803596 -0.00228968 -0.00364514 -0.00115677 0.020358        0        0
             17.6779 8.81935 26.9109 86.6236 -0.175361  0.268994  0.237761 -0.0963825 -0.0162189    0.28517 -0.000272832 -9.01351e-05 -0.000803557    -0.00229 -0.00364466  -0.0011571 0.0237893         0         0
             17.6779 8.73913 26.8326 86.7584 -0.175857   0.26978  0.234808 -0.100046 -0.011592  0.263551 -0.000256097 -8.36274e-05 -0.000818607 -0.00234725 -0.00364844 -0.00108409 0.0237781         0         0
             17.7777 9.22124 27.8139 86.7888 -0.182339  0.264702  0.258747 -0.0350807 -0.0921539   0.212338 -0.000256112 -8.36927e-05 -0.000818655 -0.00234805 -0.00364786 -0.00108529 0.0285484         0         0
             17.7777 9.26763  27.863  86.892 -0.182578  0.262208  0.255882 -0.0358478  -0.109842   0.190972 -0.000256045 -8.85004e-05 -0.000828495 -0.00232284 -0.00363269  -0.0009751 0.0285154         0         0
              17.878 9.32871 28.6891 87.0481 -0.183537  0.246637  0.272036 0.0210765 -0.200729  0.134839 -0.000256055  -8.8554e-05 -0.000828507 -0.00232381  -0.0036323 -0.00097683 0.0218265         0         0
              17.878 9.36383 28.6048 87.1539 -0.185767  0.247206  0.271647 0.00647554  -0.196926   0.132086 -0.000252697 -8.09245e-05 -0.000839825 -0.00234249 -0.00369189 -0.00096405 0.021821        0        0
             17.9779 10.3615 28.7555 88.4983 -0.18118 0.224232 0.281015  0.078796 -0.259897 0.0464994 -0.000252703 -8.08768e-05 -0.000839843  -0.00234261  -0.00369322 -0.000963828 0.0229156         0         0
             17.9779 10.5068 28.6733 88.6726 -0.177955   0.22557  0.279217  0.101153  -0.25159 0.0333338 -0.000262365 -7.59873e-05 -0.000860531  -0.00240329  -0.00360408 -0.000948859 0.0229113         0         0
             18.0777 10.9216  28.345 90.3746 -0.16536  0.19937 0.275718  0.140675 -0.268984 -0.104286 -0.000262389 -7.59707e-05 -0.000860554  -0.00240365   -0.0036042 -0.000947846 0.027432        0        0
             18.0777 10.9771 28.2876 90.4808 -0.167779  0.202556  0.278422   0.124448  -0.245957 -0.0836259 -0.000260924 -7.41287e-05 -0.000871224 -0.00244437 -0.00369363 -0.00105415 0.0274427         0         0
              18.178  9.8653 28.1126 92.5308 -0.155989  0.178033  0.263003  0.108968 -0.235105 -0.209992 -0.000260928 -7.41615e-05 -0.000871213   -0.002445 -0.00369437 -0.00105323 0.0261305         0         0
              18.178 9.74359 28.1141 92.5904 -0.158906  0.178687  0.265639 0.0885977  -0.22957 -0.190212 -0.000241248  -7.5566e-05 -0.000875965 -0.00242553 -0.00378907 -0.00112104 0.0261366         0         0
             18.2779 7.81373 28.3933 93.3387 -0.148667  0.160073  0.243239 0.0996055 -0.150446 -0.238668 -0.000241245 -7.55498e-05 -0.000875966 -0.00242556 -0.00378981 -0.00112134 0.0219927         0         0
             18.2779 7.82626 28.4825 93.3002 -0.151454  0.161188  0.240291  0.080834 -0.142147 -0.260106 -0.000242748  -8.6027e-05 -0.000869156 -0.00249831  -0.0038531 -0.00104571 0.0220095         0         0
             18.3777 6.03293 28.0298 93.6025 -0.144777  0.150878   0.21433  0.0507067 -0.0604973  -0.258323 -0.000242796 -8.60088e-05 -0.000869192 -0.00249831  -0.0038523 -0.00104611 0.0201345         0         0
             18.3777 6.12184 27.9844 93.6494 -0.144494  0.152828  0.215453 0.0528541 -0.046753 -0.249631 -0.000250975 -8.29311e-05 -0.000874462 -0.00253135 -0.00385145 -0.00110622 0.0201396         0         0
              18.478 4.33444 26.6568  93.801 -0.142403  0.151744  0.191164 -0.00878207   0.0316329   -0.231998 -0.000251048 -8.29775e-05 -0.000874488 -0.00253259  -0.0038521 -0.00110341 0.0269996         0         0
              18.478 4.37119  26.534 93.9207 -0.14186 0.154173 0.189001 -0.00520064   0.0474936   -0.247547 -0.000249369 -7.20317e-05 -0.000888068 -0.00262344 -0.00382982  -0.0010795 0.0269988         0         0
             18.5779 3.02821 25.0831 93.3428 -0.145182  0.163673   0.16634 -0.0628476   0.136736   -0.20144 -0.000249513 -7.20958e-05 -0.000888136 -0.00262501 -0.00383099 -0.00107753 0.0281242         0         0
             18.5779 3.11951  25.065 93.3532 -0.143345   0.16514  0.165421 -0.0499752   0.146633  -0.207957 -0.000261417 -7.14123e-05 -0.000889922 -0.00267011 -0.00377736 -0.00107454 0.0281222         0         0
             18.6777  2.2699 23.7029  91.399 -0.151107   0.18355  0.147934 -0.107065  0.213736 -0.138475 -0.000261385 -7.14108e-05 -0.000889924 -0.00267046 -0.00377759  -0.0010756 0.0221946         0         0
             18.6777 2.41611 23.7404 91.3442 -0.151075  0.183552  0.151384 -0.106129  0.214701 -0.113315 -0.000281871 -7.50882e-05 -0.000884099 -0.00262665 -0.00378456 -0.00117264 0.0222038         0         0
              18.778 1.66481 22.9447 87.9277 -0.162931  0.207752  0.143889  -0.125286   0.256337 -0.0343117 -0.000281822   -7.514e-05 -0.000884097 -0.00262707 -0.00378476 -0.00117397 0.0215199         0         0
              18.778 1.64191 23.0415 87.8207 -0.165056  0.210912  0.146498  -0.140134   0.279893 -0.0148383 -0.000283143 -8.96263e-05 -0.000871069 -0.00268081 -0.00384525 -0.00128781 0.021521        0        0
             18.8779 1.08173 23.4472 84.0025 -0.178501  0.239223    0.1496 -0.117417  0.280811 0.0759056  -0.00028314 -8.97551e-05  -0.00087105  -0.0026801 -0.00384664  -0.0012871 0.0269831         0         0
             18.8779 1.10296 23.5227 84.0544 -0.179376  0.238822  0.150208 -0.123184  0.278683 0.0802472 -0.000282644    -9.85e-05 -0.000876323 -0.00266275 -0.00387177 -0.00129907 0.0269823         0         0
             18.9777 1.45112 24.4536 81.3089 -0.191024  0.262967  0.163309 -0.106421   0.19761  0.180806  -0.00028264 -9.85003e-05 -0.000876311  -0.0026641 -0.00387218 -0.00129772 0.0266258         0         0
             18.9777 1.58169 24.4945  81.464 -0.196606  0.267449  0.161818 -0.143818  0.229425  0.170941  -0.00028586 -0.000108774 -0.000890992 -0.00279221 -0.00403657 -0.00130283 0.0266248         0         0
              19.078 2.95248 24.7584 80.2416 -0.209736  0.285015  0.182524 -0.112575  0.122684   0.23371 -0.000285846 -0.000108743 -0.000890967 -0.00279148 -0.00403656  -0.0013037 0.0214632         0         0
              19.078 3.10121 24.6295 80.4142 -0.210984  0.285805  0.179875 -0.120195  0.126979  0.214283 -0.000293849 -9.45278e-05 -0.000909849 -0.00284227 -0.00407272 -0.00123435 0.0214709         0         0
             19.1779 4.61656 24.7685 79.5205 -0.220458  0.293483  0.203047 -0.0695552  0.0257524   0.242065 -0.000293796 -9.45263e-05 -0.000909834 -0.00284228 -0.00407231 -0.00123689 0.0224048         0         0
             19.1779 4.70076 24.7989 79.6389 -0.217715  0.292835  0.202556 -0.050157 0.0210092  0.238208 -0.000300523 -9.84068e-05 -0.000923824  -0.0028412 -0.00399245 -0.00122147 0.0224058         0         0
             19.2777 5.91525 25.6792 79.7115 -0.220074  0.289845  0.225596 0.00856955  -0.076031   0.213743 -0.000300573 -9.84391e-05 -0.000923843 -0.00284159 -0.00399262 -0.00122174 0.0269027         0         0
             19.2777 5.91108 25.7256 79.9082 -0.216399   0.29077  0.225006  0.0334407 -0.0697493   0.209557 -0.000292789 -0.000107265 -0.000946545 -0.00288632 -0.00389597 -0.00122831 0.0269035         0         0
              19.378 6.31373   27.43 80.4856 -0.21007 0.279565 0.242959 0.0936113 -0.151421  0.144631 -0.000292779 -0.000107287 -0.000946565 -0.00288782 -0.00389849 -0.00122803 0.0273758         0         0
              19.378 6.21786 27.5091 80.5687 -0.21509 0.281964  0.24345 0.0585743  -0.13324  0.148784  -0.00027221 -0.000119188  -0.00095229 -0.00292354 -0.00405638  -0.0012496 0.0273885         0         0
             19.4779 6.42386 29.1219 82.0865 -0.206829  0.264932   0.25463  0.110062 -0.202729 0.0686452 -0.000272168 -0.000119176 -0.000952282 -0.00292377 -0.00405777 -0.00125064 0.021427        0        0
             19.4779 6.46507 29.0794  82.257 -0.209613  0.265895  0.255071 0.0913669  -0.19574  0.072031 -0.000264991 -0.000116527 -0.000969622 -0.00293258 -0.00414293 -0.00126241 0.0214261         0         0
             19.5777 6.50531 29.5406 84.1628 -0.198957  0.243618  0.257651   0.114698  -0.249438 -0.0167342 -0.000264967 -0.000116572 -0.000969602 -0.00293222 -0.00414289 -0.00126403 0.0197602         0         0
             19.5777 6.58528 29.4389  84.277 -0.20136 0.241144 0.256232 0.0988079 -0.267781 -0.027707 -0.000266831 -0.000102992 -0.000982565 -0.00288151 -0.00419138 -0.00117739 0.0197583         0         0
              19.678 6.57318 28.5759  86.912 -0.190504  0.213601  0.249318  0.115664 -0.272836 -0.110165 -0.000266697 -0.000102901 -0.000982505 -0.00288103 -0.00419052    -0.00118 0.0234149         0         0
              19.678 6.62317 28.3853 87.0123 -0.189432   0.21655  0.247058   0.12278 -0.253479 -0.126358 -0.000267654 -8.39483e-05 -0.000996068  -0.0029948 -0.00416901 -0.00116457 0.023409        0        0
             19.7779 5.95269 27.5833 89.0527 -0.176621  0.193543   0.22965  0.128348 -0.203553 -0.222197  -0.00026763 -8.39335e-05 -0.000996058 -0.00299498 -0.00416851 -0.00116414 0.0274911         0         0
             19.7779 6.00234 27.6525 89.1151 -0.176814  0.192047  0.228117  0.127448 -0.214271 -0.233796 -0.000270119  -9.1712e-05  -0.00100198 -0.00297775 -0.00416295 -0.00109724 0.0275007         0         0
             19.8777  4.2612 27.1593 90.6654 -0.165276  0.172905   0.20108  0.106708 -0.171642   -0.2955  -0.00027008 -9.16444e-05  -0.00100195 -0.00297751 -0.00416432 -0.00109507 0.0227546         0         0
             19.8777 4.25104 27.1786 90.7508 -0.168704  0.176373  0.205358 0.0828103 -0.145706 -0.263151 -0.000261016 -9.72463e-05  -0.00100906 -0.00300571 -0.00428575 -0.00125813 0.0227506         0         0
              19.978 2.80258 25.1571 91.8628 -0.161808  0.164501  0.179136  0.0544004 -0.0818213   -0.25155 -0.000261036 -9.72981e-05  -0.00100909 -0.00300619 -0.00428513 -0.00125718 0.0208848         0         0
              19.978 2.90581 25.0254 91.8937 -0.161677   0.16997  0.178126 0.0552083 -0.044301  -0.25818 -0.000271949 -8.65426e-05  -0.00101277 -0.00316573 -0.00428716 -0.00130693 0.0208837         0         0
             20.0779 2.49505 22.8074  92.365 -0.157873  0.170693  0.153323 0.0108336 0.0598007 -0.240352 -0.000271983  -8.6572e-05  -0.00101278 -0.00316611 -0.00428754  -0.0013059 0.025686        0        0
             20.0779 2.60703 22.7799 92.3893 -0.15705 0.171661  0.15466 0.0168802 0.0666224 -0.230249 -0.000285242 -8.42809e-05  -0.00101611 -0.00317299 -0.00426747 -0.00135981 0.0256828         0         0
             20.1777 1.54378 21.8869 91.6434 -0.158623  0.183297  0.132796 -0.0495422   0.160195  -0.204004 -0.000285256 -8.42683e-05  -0.00101613 -0.00317172 -0.00426741 -0.00136178 0.0266809         0         0
             20.1777 1.47342 22.0072 91.5887 -0.160482  0.184183    0.1329 -0.062662  0.167508 -0.203169 -0.000277644 -9.98799e-05  -0.00100853 -0.00319726 -0.00432011 -0.00137549 0.0266856         0         0
              20.278 -0.0177393    22.1072    89.4797 -0.169153  0.204545  0.115394 -0.109593  0.227445 -0.136478 -0.000277666 -9.98946e-05  -0.00100854 -0.00319786 -0.00432044 -0.00137502 0.0220405         0         0
              20.278 0.0198922   22.2481   89.4522 -0.171014   0.20562  0.116507 -0.122123  0.236225 -0.128224 -0.000282326 -0.000118277  -0.00100461 -0.00321652 -0.00437498 -0.00142114 0.0220431         0         0
             20.3779 -0.845524   22.2938   86.3465 -0.183923  0.230909  0.108841 -0.132259  0.262195 -0.024286 -0.000282272 -0.000118317  -0.00100459 -0.00321575 -0.00437561  -0.0014232 0.021448        0        0
             20.3779 -0.783394   22.2557   86.2641 -0.18464  0.23198 0.109811  -0.136886   0.269641 -0.0170448 -0.000293158 -0.000114673 -0.000994761 -0.00323498 -0.00439689  -0.0014654 0.0214504         0         0
             20.4777 -0.64711  22.5074  83.4372 -0.197874  0.258509  0.113851 -0.122516  0.255337 0.0934646  -0.00029319 -0.000114723 -0.000994809 -0.00323432 -0.00439745 -0.00146694 0.0262146         0         0
             20.4777 -0.491221   22.5724   83.6026 -0.198764  0.260322  0.112449  -0.12774   0.26808 0.0836167 -0.000304161 -0.000124202  -0.00101363 -0.00329831 -0.00442608 -0.00144613 0.0262118         0         0
              20.578 -0.0196023    23.7129    81.4807 -0.211042  0.285147  0.124463 -0.109798  0.225048   0.15473 -0.000304228 -0.000124307  -0.00101367 -0.00330014 -0.00442713 -0.00144198 0.0284646         0         0
              20.578 -0.0197959    23.7795    81.5589 -0.211445  0.284944  0.126644 -0.112471  0.224565  0.170775 -0.000300095 -0.000132443  -0.00102252  -0.0032682 -0.00443775 -0.00150619 0.0284593         0         0
             20.7777 0.861126  26.6699  78.0788 -0.228859  0.313421  0.170781 -0.0507082  0.0425636   0.255591 -0.000300073 -0.000132443  -0.00102251 -0.00326804 -0.00443776 -0.00150726 0.0217884         0         0
             20.7777 1.01803 26.6691  78.202 -0.231874  0.316952  0.168672 -0.0644798  0.0602186   0.244965 -0.000311383 -0.000134561  -0.00103589 -0.00334627 -0.00451229 -0.00148939 0.0217861         0         0
              20.878 2.55804 27.3481 77.6015 -0.234343  0.317914  0.193998  0.0115877 -0.0388558   0.251386 -0.000311318  -0.00013456  -0.00103587  -0.0033457  -0.0045116 -0.00149169 0.0245193         0         0
              20.878 2.74258 27.1915 77.8527 -0.235258  0.317955  0.189136 0.00622674 -0.0406819   0.213549 -0.000319533 -0.000115235  -0.00106396 -0.00341784 -0.00453561 -0.00133596 0.0245045         0         0
             20.9779 4.66053 27.8628 78.8236 -0.231775  0.308558  0.208923 0.0538973 -0.143884  0.174592 -0.000319503 -0.000115235  -0.00106394 -0.00341732 -0.00453497  -0.0013359 0.027072        0        0
             20.9779 4.72604  27.856 79.0375 -0.230115  0.312755  0.206813 0.0654334 -0.114201  0.159047 -0.000316336 -0.000120094  -0.00108878 -0.00356495 -0.00451595 -0.00133185 0.0270773         0         0
             21.0777 5.26315 28.5381   80.57 -0.221975  0.297161  0.218733 0.0960064  -0.19478 0.0809067 -0.000316337  -0.00012004  -0.00108875 -0.00356389 -0.00451496 -0.00133308 0.0209929         0         0
             21.0777 5.16236 28.5336 80.6653 -0.224854   0.29596  0.222071 0.0759341 -0.202335  0.105641 -0.000295703 -0.000119082    -0.001098 -0.00346915  -0.0045949 -0.00140393 0.0209976         0         0
              21.178 5.21195 29.0408 82.4629 -0.214522  0.272873  0.228623  0.124221 -0.253894 0.0270181 -0.000295741 -0.000119128  -0.00109803 -0.00347024 -0.00459475 -0.00140308 0.0189038         0         0
              21.178 5.26613 28.9936 82.5605 -0.219391  0.272259  0.228995 0.0912041 -0.258031 0.0297263 -0.000293267 -0.000112683  -0.00110708 -0.00342816 -0.00473425 -0.00138272 0.0188995         0         0
             21.2779 5.41055 29.1334 84.8706 -0.208506  0.245354  0.227743   0.119779  -0.276222 -0.0535613 -0.000293306 -0.000112728  -0.00110709 -0.00342797 -0.00473445 -0.00138264 0.0218368         0         0
             21.2779  5.4583 29.1279 84.9599 -0.208165  0.250561  0.230164   0.121857  -0.238457 -0.0345445  -0.00029287 -0.000117934  -0.00111625 -0.00353189 -0.00476328 -0.00153472 0.0218455         0         0
             21.3777 4.90937 28.8858 87.4181 -0.195547  0.227272  0.222764   0.13096  -0.22706 -0.104424 -0.000292917 -0.000118007  -0.00111627 -0.00353244 -0.00476275 -0.00153381 0.0263758         0         0
             21.3777 4.98456 28.8304 87.5619 -0.197259    0.2275  0.220961  0.119652 -0.225899 -0.117956 -0.000292463 -0.000112426   -0.0011322 -0.00356375 -0.00480963 -0.00147652 0.026374        0        0
              21.478 4.77051 27.6016 90.4673 -0.184522  0.206232  0.207278  0.131611 -0.196863 -0.147995 -0.000292483 -0.000112461  -0.00113219 -0.00356495 -0.00480981 -0.00147405 0.020997        0        0
              21.478 4.82544 27.4665  90.559 -0.184196  0.204839  0.206373  0.134283 -0.207654 -0.154954 -0.000294782 -9.52622e-05  -0.00114448 -0.00354303 -0.00479309 -0.00142696 0.0209991         0         0
             21.5779 4.86001 25.6208 92.8488 -0.170591  0.187346  0.188719  0.131548  -0.13801 -0.201185 -0.000294837 -9.52739e-05  -0.00114452 -0.00354396 -0.00479336  -0.0014255 0.0199039         0         0
             21.5779 4.99494 25.6756 92.8968 -0.171521  0.187876  0.186541  0.125818 -0.134122 -0.217398  -0.00030837 -0.000103412  -0.00114906 -0.00359187 -0.00481739 -0.00136534 0.0199003         0         0
             21.6777  3.7285 24.8482 94.1519 -0.161151  0.178214  0.162288   0.075894 -0.0690732  -0.257956 -0.000308444  -0.00010351  -0.00114911 -0.00359288 -0.00481925 -0.00136275 0.0235157         0         0
             21.6777 3.59615  24.877 94.1118 -0.161197  0.184033  0.167021 0.0741511 -0.026776 -0.221987 -0.000293482 -0.000111844  -0.00114337 -0.00368657 -0.00483384 -0.00159313 0.0235157         0         0
              21.778 1.69402 23.8849 94.6361 -0.156655  0.184449  0.145557 0.0229277 0.0370789 -0.197356 -0.000293384 -0.000111942  -0.00114331 -0.00368536 -0.00483348 -0.00159617 0.0263689         0         0
              21.778 1.71784 23.8801 94.6566 -0.155409   0.18492  0.145297 0.0315295 0.0401711 -0.199261 -0.000296367 -0.000111939  -0.00114613 -0.00369897 -0.00479511  -0.0015957 0.026369        0        0
             21.8779 1.04948 22.4445 93.6836 -0.154765  0.192076  0.128617 -0.0221905   0.103896  -0.136669 -0.000296368 -0.000111942  -0.00114614 -0.00369948 -0.00479519  -0.0015959 0.0236615         0         0
             21.8779 1.17767 22.4365 93.6087 -0.158168  0.195134  0.129442 -0.045135  0.126118 -0.129978 -0.000313671 -0.000113744  -0.00113582  -0.0037845 -0.00489417 -0.00166338 0.0236515         0         0
             21.9777 0.664819  21.5204  91.5105 -0.165525  0.211066   0.11893  -0.100324    0.18803 -0.0767139 -0.000313721 -0.000113775  -0.00113585 -0.00378569 -0.00489357 -0.00166157 0.0213218         0         0
             21.9777 0.693643  21.5787   91.467 -0.165541  0.211603  0.115174 -0.100118  0.191523 -0.104375 -0.000319493 -0.000121852  -0.00113045 -0.00384661 -0.00488946 -0.00155033 0.0213159         0         0
             22.0781 -0.422152   22.0329   88.5029 -0.176889  0.232623  0.108448  -0.112718   0.225266 -0.0294164 -0.000319428 -0.000121742  -0.00113043   -0.003845 -0.00488821 -0.00155189 0.0230509         0         0
             22.0781 -0.352893   22.1397   88.5425 -0.180637  0.233881  0.107258  -0.137646   0.234828 -0.0379218 -0.000323358  -0.00013703  -0.00113378 -0.00390141 -0.00499765 -0.00153184 0.0230476         0         0
             22.1779 -0.667125   23.0217   85.5817 -0.193781  0.256804   0.10804 -0.123889   0.21424 0.0497856 -0.000323325 -0.000137137  -0.00113377 -0.00390113 -0.00499825 -0.00153253 0.0245015         0         0
             22.1779 -0.59286  23.0147  85.6146 -0.193198  0.257998  0.110147 -0.119639  0.222972 0.0654979 -0.000331976 -0.000137133  -0.00113783 -0.00391018 -0.00498137 -0.00161385 0.0245022         0         0
             22.2777 0.166896  23.3788  83.1954 -0.203385  0.277691  0.120598 -0.0776545   0.168966   0.137708 -0.000332066 -0.000137213  -0.00113788 -0.00390972 -0.00498121 -0.00161593 0.0217874         0         0
             22.2777 0.274524  23.3653  83.2789 -0.206542   0.27736  0.126611 -0.098607  0.168037  0.182189 -0.000338425 -0.000135461  -0.00114651 -0.00382571 -0.00507497 -0.00180367 0.0217987         0         0
             22.3781 1.84289 23.5308 81.7637 -0.214636  0.290628  0.147049 -0.0580779  0.0921264    0.22178 -0.000338483 -0.000135467  -0.00114653 -0.00382677 -0.00507534 -0.00180151 0.0216884         0         0
             22.3781 1.96826 23.4995 81.9217 -0.211681  0.290953  0.144796 -0.037291 0.0934819  0.204878 -0.000349304 -0.000131623   -0.0011665 -0.00387077  -0.0049887  -0.0017352 0.0216838         0         0
             22.4779  3.4429 24.0781 81.1981 -0.212866  0.295945  0.166343  0.0116417 0.00294738   0.222385   -0.0003493 -0.000131696  -0.00116652 -0.00387099 -0.00498902 -0.00173665 0.0243829         0         0
             22.4779  3.4612 24.1056  81.334 -0.215342  0.296865  0.165267 -0.0053303 0.00977869   0.214534 -0.000342295 -0.000136863  -0.00118138 -0.00390403 -0.00506813 -0.00170985 0.0243819         0         0
             22.5777 4.61216 25.2581 81.8221 -0.213459  0.293203   0.18619  0.0341192 -0.0845212    0.19692 -0.000342264 -0.000136923  -0.00118139 -0.00390354 -0.00506783 -0.00171238 0.0257487         0         0
             22.5777 4.64965 25.2518 81.9612 -0.217919  0.296388  0.183953 0.00369651 -0.0619603   0.180615 -0.000335435 -0.000139928   -0.0011959 -0.00400886 -0.00521613 -0.00166918 0.0257497         0         0
             22.6781  4.7298 26.5518 82.5881 -0.216195  0.285602  0.199755 0.0349266  -0.15035  0.130867 -0.000335442 -0.000139902  -0.00119593 -0.00400898 -0.00521603 -0.00167187 0.0199418         0         0
             22.6781 4.59771    26.6  82.676 -0.216376  0.286531  0.198641 0.0330751 -0.143589  0.122601 -0.000313096 -0.000147578  -0.00120571 -0.00405019  -0.0052234 -0.00164729 0.0199412         0         0
             22.7779 4.59482 27.5612 83.7233 -0.211313  0.268323  0.208124 0.0686039 -0.217011 0.0651839 -0.000313112 -0.000147591  -0.00120573 -0.00405114 -0.00522227 -0.00164659 0.0200256         0         0
             22.7779 4.73656  27.498 83.9043 -0.211735  0.269698  0.206065 0.0663343 -0.207971   0.04995 -0.000320394 -0.000142265  -0.00122691 -0.00411912 -0.00523818 -0.00159942 0.0200253         0         0
             22.8777  4.9494 27.4522 85.5938 -0.203382  0.246089   0.20812    0.104896   -0.251321 -0.00755658 -0.000320566 -0.000142388  -0.00122698 -0.00412133 -0.00523884 -0.00159587 0.024823        0        0
             22.8777 4.99217 27.3443 85.6911 -0.204429   0.24776  0.210386  0.0976154  -0.239396 0.00978916 -0.000319231 -0.000130913  -0.00123884 -0.00413183 -0.00528634 -0.00168821 0.024827        0        0
             22.9781 5.27533 26.9036 87.7177 -0.193163  0.223533  0.207904   0.117987  -0.239535 -0.0570884 -0.000319385 -0.000130912  -0.00123893 -0.00413312 -0.00528714 -0.00168517 0.0252132         0         0
             22.9781 5.29138 26.8938 87.7762 -0.195356  0.225443   0.20749   0.102854  -0.225731 -0.0598481 -0.000316023 -0.000131686   -0.0012447 -0.00419017 -0.00536219 -0.00169348 0.0252089         0         0
             23.1777  3.5654 25.7426 91.1892 -0.174701  0.182654  0.183147  0.117267 -0.194597 -0.177961 -0.000315961  -0.00013173  -0.00124468 -0.00419132 -0.00536189 -0.00169348 0.0206073         0         0
             23.1777 3.52733 25.7223 91.2526 -0.173559  0.183525  0.183597  0.122653 -0.190273 -0.175577 -0.000307626 -0.000130267  -0.00125268 -0.00420489 -0.00533839 -0.00171521 0.0206075         0         0
             23.2781  2.5853 24.5904 92.4211 -0.160106  0.165732  0.163243  0.143283 -0.164263 -0.226823 -0.000307664 -0.000130284   -0.0012527 -0.00420488  -0.0053397 -0.00171467 0.0250762         0         0
             23.2781 2.70631 24.5267 92.5597 -0.158247  0.167739  0.162283  0.156717 -0.149921 -0.233914 -0.000316967 -0.000125464  -0.00126998 -0.00427473 -0.00528426 -0.00171519 0.0250754         0         0
             23.3779 1.77545 23.7155 93.5469 -0.142014  0.154809    0.1365  0.158334 -0.117018 -0.281776 -0.000316965 -0.000125377     -0.00127 -0.00427351 -0.00528291 -0.00171717 0.0275981         0         0
             23.3779 1.81022 23.7562 93.6035 -0.143769  0.156777  0.138694  0.146145 -0.102271 -0.264906 -0.000316774 -0.000132625  -0.00127549 -0.00429993  -0.0053391 -0.00181484 0.0276026         0         0
             23.4777 0.14031 22.6876 94.2304 -0.13065  0.14708 0.111171   0.121947 -0.0887643  -0.279858 -0.000316785 -0.000132674   -0.0012755 -0.00430068 -0.00533916 -0.00181497 0.0232094         0         0
             23.4777 0.176794  22.7082  94.3136 -0.133652  0.148073  0.110417   0.101545 -0.0815052  -0.285155 -0.000314687 -0.000136468  -0.00128436 -0.00434614 -0.00542975 -0.00180453 0.0231972         0         0
             23.5781 -1.15744  21.1834  94.6008 -0.124543  0.140164 0.0831657  0.0805022 -0.0742485  -0.250091  -0.00031477 -0.000136499   -0.0012844 -0.00434633 -0.00542995 -0.00180304 0.0214218         0         0
             23.5781 -1.09997   21.114  94.6255 -0.128063  0.139268 0.0827857  0.0574799 -0.0805625  -0.252928 -0.000318143 -0.000126544  -0.00128613 -0.00433538 -0.00553957 -0.00178203 0.0214146         0         0
             23.6779 -1.64208  19.9389  94.9192 -0.123698  0.131541  0.060988  0.0345043 -0.0659017  -0.184465 -0.000318105 -0.000126581  -0.00128611 -0.00433658 -0.00553992  -0.0017815 0.0250469         0         0
             23.6779 -1.57623  19.9979  95.0079  -0.12766  0.129098 0.0610584 0.00866695 -0.0819603  -0.184175 -0.000319028 -0.000131974  -0.00129588   -0.004276 -0.00566755 -0.00175983 0.0250477         0         0
             23.7777 -2.15109  20.2387  94.6145 -0.127509  0.122252 0.0453683 -0.00263506  -0.0537219   -0.140236 -0.000319047 -0.000132177  -0.00129587 -0.00427664 -0.00566661 -0.00175973 0.0270064         0         0
             23.7777 -2.07536  20.3899   94.581 -0.125995   0.12698 0.0475111 0.00680535 -0.0199626   -0.12383 -0.000332452 -0.000157032  -0.00129292  -0.0043847 -0.00560733 -0.00188252 0.0270179         0         0
             23.8781 -1.80997  22.6138   93.993 -0.124636  0.127434 0.0403831 -0.000202814    -0.001696   -0.0451475 -0.000332442 -0.000157131  -0.00129292 -0.00438658 -0.00560751 -0.00188057 0.022718        0        0
             23.8781 -1.74827  22.7751  94.0165 -0.122519  0.135977 0.0410698   0.013014  0.0577416 -0.0386832 -0.000342321 -0.000186807  -0.00129744 -0.00461986 -0.00551782 -0.00199629 0.0227157         0         0
             23.9779 -2.36176  24.0597  93.6238 -0.122759  0.140016 0.0376289 -0.00587434   0.0353761  -0.0038777 -0.000342517 -0.000187056  -0.00129753 -0.00462189 -0.00551871 -0.00199309 0.0211979         0         0
             23.9779 -2.31561  23.9839  93.7265 -0.12518 0.139192 0.035673 -0.0210718  0.0291004 -0.0179403 -0.000340824 -0.000175917  -0.00130894 -0.00462818 -0.00559496 -0.00192641 0.0212031         0         0
             24.0778 -2.57293   24.026  93.6716 -0.126927  0.140844 0.0372849  -0.0128675 0.000833796   0.0495506 -0.000340885 -0.000175965  -0.00130899 -0.00462876 -0.00559548 -0.00192453 0.0227994         0         0
             24.0778 -2.51773  23.9171  93.7787 -0.127745  0.140491 0.0336692  -0.0175041 -0.00293833    0.023178 -0.000341603 -0.000160467  -0.00132116 -0.00466787 -0.00562499 -0.00180512 0.022804        0        0
             24.1781 -1.11378  23.0314  94.4323  -0.12745   0.14019 0.0393959   0.0193614 -0.00308975   0.0887053 -0.000341626 -0.000160525  -0.00132117 -0.00466853 -0.00562554 -0.00180407 0.0257559         0         0
             24.1781 -0.857159   22.8791   94.5811 -0.127332  0.138174 0.0447391 0.0215048 -0.016512  0.126708  -0.00036791 -0.000138129  -0.00133882 -0.00454216 -0.00562287 -0.00194825 0.0257523         0         0
             24.2779 0.391669  21.8607  95.8098 -0.124949   0.13481 0.0596569  0.0343489 -0.0443737   0.170103 -0.000367982 -0.000138171  -0.00133886 -0.00454259  -0.0056225 -0.00194589 0.0219152         0         0
             24.2779 0.39223 21.8636 95.9221 -0.127621  0.134329 0.0617259  0.0166646 -0.0468624   0.185167 -0.000359821 -0.000138426  -0.00135158 -0.00450956 -0.00570252 -0.00201291 0.0219088         0         0
             24.3778 1.07407 20.5027 97.2793 -0.124952  0.127642 0.0825252  0.0455999 -0.0744174   0.228636 -0.000359772 -0.000138422  -0.00135157 -0.00451065 -0.00570172 -0.00201199 0.0212965         0         0
             24.3778 1.05851 20.4764  97.362 -0.124331  0.128785 0.0859621  0.0491897 -0.0659907   0.253747 -0.000354126 -0.000136265  -0.00136235 -0.00449958  -0.0056793 -0.00213742 0.0213096         0         0
             24.4781 2.26384 20.0175 98.8275 -0.118684  0.122088  0.112581  0.0629438 -0.0688465   0.274218 -0.000354208 -0.000136364   -0.0013624 -0.00450105 -0.00567997 -0.00213597 0.0221783         0         0
             24.4781 2.35558   20.07   98.87 -0.120611  0.128472  0.109125 0.0499596   -0.0245  0.250367 -0.000363075   -0.0001503  -0.00136734 -0.00473884 -0.00571582  -0.0021044 0.0221869         0         0
             24.5779 3.07399   20.75 100.092 -0.115709  0.126545   0.13366  0.0470208 -0.0204757   0.240258 -0.000362961 -0.000150437   -0.0013673 -0.00473931 -0.00571781 -0.00210549 0.0228043         0         0
             24.5779 3.07102 20.8406 100.151 -0.118854  0.127304  0.129492  0.0260743 -0.0149019   0.210177 -0.000357026 -0.000164071  -0.00137298 -0.00482479  -0.0058062 -0.00197983 0.022804        0        0
             24.6778 3.56656  21.447 100.738 -0.115543  0.125548  0.150159  0.0530887 -0.0174585   0.206654 -0.000356955  -0.00016413  -0.00137296  -0.0048242 -0.00580721 -0.00198172 0.0218216         0         0
             24.6778 3.64343 21.4192 100.774 -0.116901   0.12891  0.149591  0.0440493 0.00605226   0.203063 -0.000364753 -0.000164181  -0.00137728 -0.00493995 -0.00583249 -0.00200489 0.0218237         0         0
             24.7781 5.71507 20.4648 101.037  -0.1117 0.127963 0.169269  0.0546133 -0.0256528   0.182432 -0.000364719 -0.000164204  -0.00137729 -0.00493939 -0.00583091 -0.00200699 0.0217274         0         0
             24.7781 5.85336 20.3566 101.025 -0.115913  0.128205  0.170203  0.0273109 -0.0237171   0.189219 -0.000380238 -0.000150591  -0.00137585  -0.0049631 -0.00596182 -0.00204402 0.0217294         0         0
             24.8779 7.37453 18.8674 101.647 -0.113607  0.125165  0.186709 0.0146166 -0.038061  0.142197 -0.000380183 -0.000150554  -0.00137581 -0.00496451 -0.00596218 -0.00204214 0.0224693         0         0
             24.8779 7.34991 18.7665 101.722 -0.114034  0.124729  0.184801  0.0119481 -0.0420318   0.128092 -0.000373114 -0.000137722  -0.00138665 -0.00497722 -0.00597154 -0.00197301 0.022466        0        0
             24.9778 7.78715 18.6157 102.383 -0.112138  0.122226  0.194678  0.0262262 -0.0070875  0.0687259 -0.000373199 -0.000137821   -0.0013867 -0.00497874 -0.00597159   -0.001971 0.0201562         0         0
             24.9778 7.74328 18.7232 102.493 -0.112484  0.121712   0.19679   0.0235546 -0.00970368   0.0841101 -0.000362012 -0.000153761  -0.00139877 -0.00494143 -0.00599279 -0.00203522 0.0201581         0         0
             25.0781 8.32932 20.8194 102.935 -0.108122  0.122885  0.199232  0.0492444  0.0166445 -0.0537879 -0.000362031 -0.000153772  -0.00139878 -0.00494103 -0.00599078 -0.00203501 0.0210325         0         0
             25.0781 8.37796 21.0093 102.944 -0.110286  0.121873    0.2013 0.0345196 0.0111353 -0.038485 -0.000366041 -0.000178891  -0.00139559 -0.00490244 -0.00607459 -0.00209058 0.0210374         0         0
             25.1779 7.09869 23.2082 101.993 -0.108441  0.120165  0.188194 -0.00252409  -0.0579851   -0.211474 -0.000365964 -0.000178878  -0.00139555 -0.00490148 -0.00607482 -0.00209253 0.0229036         0         0
             25.1779 6.92094 23.2007 101.882 -0.108799  0.126627  0.184029 -0.00679501  -0.0128799    -0.24133 -0.000348288 -0.000181945  -0.00138166 -0.00515266 -0.00602964  -0.0020331 0.0228784         0         0
             25.2778 4.81051 22.7679 99.8235 -0.109647  0.123359  0.157196 0.00723901   -0.02454  -0.280008  -0.00034835 -0.000181961  -0.00138172 -0.00515286 -0.00603028  -0.0020328 0.0231986         0         0
             25.2778 4.87967 22.4782 99.8696 -0.109478   0.12383  0.154413 0.00911813 -0.0233002  -0.300587 -0.000354827 -0.000143269  -0.00139121 -0.00520352 -0.00600978 -0.00194621 0.0231721         0         0
             25.3781 4.72458 21.5091 98.4705 -0.108887  0.121775  0.125328 -0.00449639  -0.0148713   -0.284856 -0.000354747 -0.000143275  -0.00139119 -0.00520286 -0.00601122 -0.00194732 0.0203405         0         0
             25.3781 4.88289 21.5037 98.5278 -0.112414  0.119968  0.128335 -0.0274758 -0.0264565  -0.262919 -0.000370238 -0.000142144  -0.00139744 -0.00513287 -0.00614437 -0.00202109 0.0203452         0         0
             25.4779 3.87859  20.872 97.0892 -0.116637  0.117059   0.10181 -0.0590788 -0.0317616  -0.264825 -0.000370392 -0.000142049  -0.00139753 -0.00513552  -0.0061456 -0.00201684 0.022503        0        0
             25.4779 3.87455 20.8539 97.2005 -0.115795  0.117984  0.104958 -0.0537123 -0.0248009   -0.24191  -0.00036529 -0.000141494  -0.00141226 -0.00511968 -0.00612483 -0.00213389 0.0224982         0         0
             25.5778 1.53179 20.9912 95.3615 -0.121774  0.116249 0.0813774 -0.0540157 -0.0134348  -0.225758 -0.000365377   -0.0001415   -0.0014123 -0.00512225 -0.00612654 -0.00213252 0.0224013         0         0
             25.5778  1.4323  21.092 95.3883 -0.121372  0.117503 0.0822072  -0.0521914 -0.00403785   -0.219572 -0.000351178 -0.000156903   -0.0014153 -0.00514743 -0.00611109  -0.0021762 0.0224006         0         0
             25.6781 -0.632438   21.8167   93.3079 -0.125657  0.115431 0.0622229 -0.0280521 -0.0413252  -0.178206 -0.000351145  -0.00015697  -0.00141527 -0.00514696 -0.00611155 -0.00217635 0.0226307         0         0
             25.6781 -0.575499   21.9281    93.363 -0.125727   0.11814 0.0603891 -0.0285004  -0.022071  -0.191048 -0.000356828 -0.000174844  -0.00142214 -0.00525132 -0.00610334 -0.00214842 0.0226317         0         0
             25.7779 -2.0776 23.2304 92.0403 -0.127098  0.113811 0.0437405  -0.001066 -0.0608925  -0.141813 -0.000356848 -0.000174814  -0.00142209 -0.00525216 -0.00610245 -0.00214658 0.0202832         0         0
             25.7779 -2.01962  23.3054  92.1908 -0.127904  0.116171 0.0454004 -0.00653829  -0.0436405   -0.129267 -0.000356496 -0.000187252    -0.001441 -0.00530525 -0.00612361 -0.00223359 0.0202837         0         0
             25.8778 -3.29605  24.9988  90.9387 -0.126956  0.109947 0.0346865  0.0254122 -0.0753762 -0.0783296 -0.000356668 -0.000187411  -0.00144107  -0.0053072 -0.00612375 -0.00222938 0.0235539         0         0
             25.8778 -3.21114  25.0478  91.0198 -0.128692  0.109445 0.0336342  0.0145932 -0.0785237 -0.0858805 -0.000362237 -0.000193217  -0.00145083 -0.00530918 -0.00618026 -0.00219104 0.0235525         0         0
             25.9781 -3.26344  26.5458   90.815 -0.125973  0.100146 0.0287584  0.0317181  -0.116648 -0.0325205 -0.000362337 -0.000193217   -0.0014509 -0.00531085 -0.00617951  -0.0021879 0.0242417         0         0
             25.9781 -3.06304  26.5712  90.9858 -0.125789  0.102888 0.0279829  0.0337814 -0.0978886 -0.0374455 -0.000379989   -0.0001983   -0.0014722 -0.00540146 -0.00617216 -0.00220098 0.0242332         0         0
              26.078 -2.31491  26.7212  90.9111 -0.120464 0.0930338 0.0240618  0.0603294  -0.075103 -0.0334873 -0.000380029 -0.000198339  -0.00147223 -0.00540028 -0.00617199 -0.00220074 0.0209766         0         0
              26.078 -2.14459  26.5663  91.0441 -0.121821 0.0928754 0.0256087  0.0522298 -0.0766356 -0.0223591 -0.000393991 -0.000176258  -0.00148706 -0.00537578 -0.00621316 -0.00225262 0.0209692         0         0
             26.1778 -2.79562  27.7852  90.1066 -0.117469  0.087937 0.0217198  0.0257673 -0.0286583   -0.05266  -0.00039401 -0.000176292  -0.00148708 -0.00537751 -0.00621349 -0.00225189 0.0206082         0         0
             26.1778 -2.97178  27.8387  90.0368  -0.11875  0.085874 0.0237606  0.0165459 -0.0419053 -0.0384357   -0.0003728 -0.000182318  -0.00147838   -0.005288  -0.0062519 -0.00228869 0.0206052         0         0
             26.2776 -5.13087  29.2798  88.6782 -0.119857 0.0829928 0.0197185  -0.0342897  -0.0208429 -0.00802345   -0.0003728 -0.000182421  -0.00147839 -0.00528909 -0.00625403 -0.00228949 0.0233384         0         0
             26.2776 -5.15534  29.3767  88.7344 -0.121054  0.084745 0.0152679  -0.0422797 -0.00902654  -0.0394663 -0.000364681 -0.000197373  -0.00148591 -0.00540963 -0.00629655 -0.00217754 0.0233308         0         0
              26.378 -5.3133 29.7365 88.6268 -0.120268 0.0832648 0.0131014  0.0256779 -0.0344448 -0.0130726 -0.000364688 -0.000197448  -0.00148593 -0.00541013 -0.00630001 -0.00217838 0.0219723         0         0
              26.378 -5.09151  29.7095  88.7956 -0.123636 0.0820448 0.0153133 0.00480532 -0.0420649  0.0026011 -0.000381086 -0.000190826  -0.00150463 -0.00534101 -0.00640451 -0.00223836 0.0219606         0         0
             26.4778 -5.15419  29.7983  88.0452  -0.12155 0.0783599 0.0156124  0.0294695 -0.0494924  0.0107221 -0.000381045 -0.000190838  -0.00150461 -0.00534038 -0.00640431   -0.002238 0.0191015         0         0
             26.4778 -5.12285  29.7064  87.9842 -0.124008 0.0820172 0.0140042   0.0132317  -0.0253529 0.000148443 -0.000387561 -0.000182425  -0.00149522 -0.00547078 -0.00648326 -0.00225784 0.0190936         0         0
             26.5776 -4.88388  29.5848  87.0864 -0.121031 0.0788705  0.013709  0.0361277 -0.0280893  0.0162205 -0.000387658 -0.000182611   -0.0014953 -0.00547116 -0.00648404 -0.00225756 0.0229948         0         0
             26.5776 -4.83533  29.5387  87.0831 -0.118147 0.0830619 0.0123066    0.0548256 -0.000892931   0.00693999 -0.000396923  -0.00017992  -0.00149614 -0.00561166 -0.00639533 -0.00227629 0.0229808         0         0
              26.678 -3.70043  28.8327  86.0901 -0.111006  0.083853 0.0138439  0.0843627 0.00466663 -0.0141288 -0.000396965 -0.000180034   -0.0014962 -0.00561279 -0.00639638 -0.00227708 0.0233467         0         0
              26.678 -3.4832 28.7663 86.2296 -0.110766 0.0865545 0.0147045   0.0865591   0.0227884 -0.00754666 -0.000417955 -0.000171925  -0.00151316 -0.00567501 -0.00638806 -0.00235078 0.0233376         0         0
             26.7778 -3.42526  30.5419  85.5996  -0.10409 0.0913169 0.0087131  0.0414096  0.0673311 -0.0226272 -0.000418047 -0.000171962   -0.0015132 -0.00567579 -0.00638904 -0.00234829 0.0202029         0         0
             26.7778 -3.55989  30.8213  85.5722  -0.104583  0.0937789 0.00718066  0.0374347  0.0857819 -0.0332546 -0.000400759 -0.000213614  -0.00151255 -0.00576946 -0.00640888  -0.0023419 0.0202029         0         0
             26.8776 -3.04172  31.5799  85.2771   -0.10008   0.099425 0.00356191 0.0668397 0.0186016 -0.034999 -0.000400879 -0.000213733  -0.00151262 -0.00577199 -0.00640986 -0.00233906 0.022399        0        0
             26.8776 -2.97625  31.4803  85.3165  -0.102352  0.0983177 0.00863316  0.0520207  0.0115654 0.00128008 -0.000405412 -0.000198628  -0.00151539 -0.00564944 -0.00647185 -0.00248491 0.0224065         0         0
              26.978 -0.452885   32.9597   87.9991 -0.0991126   0.100751 0.00806936  0.086191 0.0415714 0.0328797 -0.000405446 -0.000198708  -0.00151542 -0.00564985 -0.00647169 -0.00248563 0.0250107         0         0
              26.978 -0.261605   32.9955   88.3192 -0.100207 0.0951957 0.0107696  0.0804866 0.00476507  0.0514785 -0.000407832 -0.000197865  -0.00155241 -0.00544329 -0.00649357 -0.00247388 0.0250222         0         0
             27.0778 -0.591264   33.0463   88.2886 -0.0972619  0.0917904   0.015146 0.0214676   -0.0506 0.0510536 -0.000407803 -0.000197854  -0.00155243 -0.00544164 -0.00649198  -0.0024803 0.0222268         0         0
             27.0778 -0.820412   32.9277   88.0335 -0.0960715  0.0964093  0.0118712   0.027673 -0.0208085  0.0282249 -0.000395748 -0.000185971  -0.00152306 -0.00563172 -0.00646265 -0.00246243 0.0222367         0         0
             27.1776 -0.46663  33.0384  88.2273 -0.0904575  0.0952755  0.0143681  0.0301561 -0.0219068  0.0145191 -0.000395738 -0.000185936  -0.00152308 -0.00563224 -0.00646396 -0.00246298 0.0215362         0         0
             27.1776 -0.266429   33.0719   88.3645 -0.0981896  0.0944084  0.0117862 -0.0185067 -0.0272428 -0.0032612 -0.000407486  -0.00018942   -0.0015355 -0.00565282 -0.00670902 -0.00237276 0.021534        0        0
              27.278 -0.307381   33.0804   88.3227 -0.0974706   0.091868  0.0125213 0.00935757 -0.0335742 0.00329814 -0.000407495 -0.000189544  -0.00153555 -0.00565341 -0.00670768 -0.00237801 0.0258386         0         0
              27.278 -0.33178  33.0451  88.3288 -0.101626 0.0920536 0.0121748 -0.0176512 -0.0320231 0.00129716 -0.000400424 -0.000184598  -0.00153416 -0.00566431 -0.00684029 -0.00237412 0.0258376         0         0
             27.3778 -0.453497   33.0693   88.2458 -0.102977 0.0888392 0.0126644 -0.00526767  -0.0391306  0.00493694 -0.000400391 -0.000184615  -0.00153418 -0.00566215 -0.00684088 -0.00237815 0.0247216         0         0
             27.3778 -0.446118   33.0503   88.2701  -0.10086 0.0940973 0.0119272  0.00797386 -0.00378777 0.000301426 -0.000401017    -0.000187  -0.00153812 -0.00582241 -0.00677804 -0.00245471 0.0247189         0         0
             27.4776 -0.520741   33.0522   88.1993 -0.100103 0.0936163 0.0121635   0.0142489 -0.00972313  0.00112703 -0.000400963 -0.000187045  -0.00153813 -0.00582103 -0.00677943 -0.00246071 0.0221171         0         0
             27.4776 -0.408269   33.0754   88.3335 -0.0988463  0.0981002  0.0109523   0.0224331   0.0206172 -0.00703342 -0.000407371 -0.000194664   -0.0015547 -0.00596871 -0.00674493 -0.00250755 0.0221109         0         0
             27.6778 -0.53694  33.0687  88.2266 -0.0934152   0.100751 0.00959342   0.0335185  0.00592193 -0.00761823 -0.000407362 -0.000194638  -0.00155475 -0.00596938 -0.00674542 -0.00250955 0.0236764         0         0
             27.6778 -0.540013   33.0077   88.2342 -0.0994326  0.0968505  0.0118709 0.00405933 -0.0138437 0.00401408  -0.00040286 -0.000183085  -0.00155324 -0.00586056 -0.00688157 -0.00251106 0.02368       0       0
             27.7776 -0.604277   33.0062   88.1732 -0.0986051   0.095119  0.0124711  0.0101967 -0.0223097 0.00448528 -0.000402836 -0.000183138  -0.00155328 -0.00586071 -0.00688157 -0.00251398 0.022196        0        0
             27.7776 -0.469242   33.0135   88.2631    -0.1023  0.0948774 0.00954291  -0.013184 -0.0240191 -0.0166943 -0.000412326 -0.000183737  -0.00156217 -0.00591311   -0.006993 -0.00241781 0.0222013         0         0
              27.878 -0.524221   33.0235   88.2131  -0.103098  0.0921745 0.00804793 -0.00554509  -0.0315966  -0.0161186 -0.000412284 -0.000183726  -0.00156219 -0.00591274 -0.00699349 -0.00242136 0.0207551         0         0
              27.878 -0.351822   33.0178   88.2739  -0.104775  0.0941758 0.00643038 -0.0157424 -0.0179971 -0.0274977 -0.000430894  -0.00018474  -0.00156864 -0.00599865 -0.00704841 -0.00240742 0.0207549         0         0
             27.9778 -0.409446   33.0204    88.214  -0.105829  0.0921367 0.00395102 -0.00593374   -0.025661  -0.0253503 -0.000430909 -0.000184841  -0.00156871 -0.00599954 -0.00704919 -0.00241221 0.024046        0        0
             27.9778 -0.422301   33.0194   88.2919  -0.105127  0.0951607 0.00726873   -0.0023084  -0.00454349 -0.000988401 -0.000423333 -0.000187692  -0.00157839 -0.00601752 -0.00703154 -0.00257417 0.0240368         0         0
              28.178 -0.504351   33.0463   88.2013  -0.103922     0.0928 0.00751578  0.0126309 -0.0208661 0.00203084 -0.000423237  -0.00018772  -0.00157838 -0.00601525 -0.00703178   -0.002581 0.0256322         0         0
              28.178 -0.478769   32.9961   88.2312  -0.102032  0.0960349 0.00925524   0.0218545 -0.00496663   0.0110282 -0.000425538 -0.000182567  -0.00158265 -0.00605659    -0.00699 -0.00266382 0.0256281         0         0
             28.2778 -0.532575   33.0014   88.1794 -0.0994447   0.095214  0.0103915  0.0288681 -0.0129928  0.0117949 -0.000425528 -0.000182624  -0.00158267 -0.00605687 -0.00698995 -0.00266582 0.0207265         0         0
             28.2778 -0.435239   33.0223   88.2857 -0.100837 0.0971667   0.01003  0.0198001 0.00119705 0.00971863  -0.00043004 -0.000187545   -0.0015948 -0.00611607  -0.0070355  -0.0026918 0.0207232         0         0
             28.3776 -0.489203   33.0339   88.2354 -0.0984729   0.096909  0.0109466   0.0269885 -0.00719574    0.010477 -0.000430058 -0.000187602  -0.00159483  -0.0061167 -0.00703624 -0.00269187 0.0237624         0         0
             28.3776 -0.359924   33.0554   88.3087  -0.101886  0.0974184 0.00959113  0.00491548 -0.00331135 0.000944192 -0.000440281 -0.000191128  -0.00160192 -0.00615741 -0.00714625 -0.00265989 0.0237629         0         0
              28.478 -0.408221   33.0615   88.2545  -0.100901  0.0968346 0.00970794   0.0146539 -0.00984843  0.00128967 -0.000440314 -0.000191157  -0.00160201 -0.00615819 -0.00714701 -0.00266265 0.0256285         0         0
              28.478 -0.414436   33.0023    88.296 -0.102751 0.0982706 0.0093432   0.00251012 -0.000242536  -0.00093779 -0.000434686 -0.000183957  -0.00160604 -0.00620551 -0.00720772 -0.00268016 0.0256246         0         0
             28.5778 -0.470177    33.007   88.2422  -0.102129  0.0978207 0.00930107    0.0107251  -0.00863276 -0.000771546 -0.000434666 -0.000183928  -0.00160604  -0.0062052 -0.00720783 -0.00268253 0.0217546         0         0
             28.5778 -0.433609    33.054    88.248   -0.10214  0.0967561 0.00900602  0.0110061 -0.0156827 -0.0030843 -0.000439508  -0.00018965  -0.00160679 -0.00618066 -0.00720723 -0.00265212 0.0217565         0         0
             28.6776 -0.488503   33.0616   88.1942  -0.100688  0.0948762 0.00875978   0.0181661  -0.0232948 -0.00309071 -0.000439512 -0.000189732  -0.00160684 -0.00618145 -0.00720706 -0.00265488 0.0202122         0         0
             28.6776 -0.433563   33.0311   88.2862 -0.101708  0.094131 0.0102177  0.0116345 -0.0281603 0.00738079 -0.000439413 -0.000184563  -0.00161749  -0.0061313 -0.00724094 -0.00268754 0.0202118         0         0
              28.778 -0.485057   33.0391    88.236 -0.100135 0.0909814 0.0112046   0.019752  -0.035595 0.00783607 -0.000439389 -0.000184647  -0.00161751 -0.00612958 -0.00724088 -0.00269298 0.0238842         0         0
              28.778 -0.415313   33.0654   88.2694 -0.102456  0.094228 0.0118238 0.00462755 -0.0127819   0.013039 -0.000445004 -0.000191605  -0.00162041 -0.00620918 -0.00732114 -0.00277829 0.023875        0        0
             28.8778 -0.470205     33.07   88.2155 -0.101679 0.0926309 0.0132742  0.0128244 -0.0195699  0.0132258 -0.000444987 -0.000191625  -0.00162045  -0.0062089 -0.00732217 -0.00278136 0.025518        0        0
             28.8778 -0.386983   33.0441   88.3293  -0.100583  0.0956135 0.00912771    0.0204516 -0.000188197   -0.0163875 -0.000448907 -0.000190554  -0.00163496  -0.0063781 -0.00728907 -0.00270621 0.0255183         0         0
             28.9777 -0.442274   33.0494   88.2756  -0.098208  0.0952041 0.00768351   0.0282597 -0.00823508  -0.0160071 -0.000448881 -0.000190588  -0.00163497 -0.00637752 -0.00728941 -0.00270973 0.0220684         0         0
             28.9777 -0.435881   33.0533   88.2752  -0.100159  0.0966358 0.00929853   0.0152054  0.00212207 -0.00393774 -0.000448236 -0.000192643  -0.00163387 -0.00638538 -0.00735595  -0.0027912 0.0220622         0         0
              29.078 -0.495607   33.0575   88.2288 -0.0983337  0.0964586 0.00894343   0.0223879 -0.00572634 -0.00428404 -0.000448256  -0.00019265   -0.0016339 -0.00638575 -0.00735684 -0.00279131 0.0196279         0         0
              29.078 -0.410382   33.0707    88.264   -0.10258  0.0965202 0.00959587 -0.00495914 -0.00465137 0.000895716 -0.000454602 -0.000194653  -0.00163599 -0.00637268 -0.00749878 -0.00281662 0.0196266         0         0
             29.1778 -0.472726   33.0775    88.214 -0.102733 0.0957544 0.0100275 0.00289856 -0.0113785 0.00213553 -0.000454507  -0.00019466  -0.00163596 -0.00637049 -0.00749932 -0.00282252 0.0240174         0         0
             29.1778 -0.434315   33.0044    88.308  -0.101226  0.0975761 0.00935242   0.0127531 0.000419997 -0.00256313 -0.000453748 -0.000185671  -0.00164825 -0.00643758 -0.00745136 -0.00283643 0.0240193         0         0
             29.2777 -0.488409   33.0103   88.2536 -0.0996815  0.0972176 0.00933774   0.0197643 -0.00823399  -0.0018195 -0.000453725 -0.000185689  -0.00164828 -0.00643616 -0.00745297 -0.00283994 0.0254375         0         0
             29.2777 -0.411521   33.0564    88.322  -0.100651  0.0986874 0.00895087   0.0136834  0.00217291 -0.00433686 -0.000458787 -0.000193835  -0.00165626 -0.00648592  -0.0074874 -0.00285688 0.0254354         0         0
              29.378 -0.462788   33.0644   88.2729 -0.0988347  0.0986711 0.00869045   0.0217373 -0.00405004 -0.00373484 -0.000458786 -0.000193895  -0.00165631 -0.00648619 -0.00748694 -0.00286027 0.0213829         0         0
              29.378 -0.385549    33.068   88.3311  -0.102037  0.0976339 0.00960502 0.00121703 -0.0105708 0.00311424 -0.000462973 -0.000193418   -0.0016618 -0.00643652 -0.00759368 -0.00287209 0.0213847         0         0
             29.4778 -0.439647   33.0725   88.2765 -0.101494 0.0962536 0.0100575 0.00927349 -0.0180286 0.00312581 -0.000462991 -0.000193431  -0.00166185 -0.00643616 -0.00759339 -0.00287557 0.0202624         0         0
             29.4778 -0.405114   33.0615   88.2544  -0.103209  0.0953941 0.00799787 -0.00142381  -0.0242511   -0.011722 -0.000468554 -0.000190881  -0.00165822 -0.00645235 -0.00764954 -0.00279278 0.0202659         0         0
             29.5777 -0.45892  33.0644  88.2019  -0.102967  0.0926132 0.00687133 0.00659149 -0.0316644 -0.0110723 -0.000468566 -0.000190923  -0.00165824 -0.00645317 -0.00765024 -0.00279285 0.0229496         0         0
             29.5777 -0.38515   33.035  88.3095  -0.101186   0.095864 0.00742768   0.0182541 -0.00951264 -0.00666273 -0.000472068 -0.000189697   -0.0016725 -0.00653705 -0.00759425 -0.00287527 0.0229436         0         0
              29.678 -0.438979   33.0364   88.2578 -0.0990003    0.09454 0.00678744   0.0257674  -0.0176222 -0.00597456 -0.000472066 -0.000189746  -0.00167253 -0.00653815 -0.00759518 -0.00287601 0.0261675         0         0
              29.678 -0.404042   33.0548   88.2996   -0.09867  0.0960411 0.00818984   0.0277337 -0.00706299  0.00441134  -0.00047403 -0.000193939  -0.00167785 -0.00655266 -0.00758648 -0.00295168 0.0261651         0         0
             29.7778 -0.459262   33.0578   88.2456 -0.0955384  0.0949795 0.00866331  0.0347932 -0.0150949 0.00514421 -0.000474033 -0.000193957  -0.00167787 -0.00655297 -0.00758709 -0.00295265 0.0215192         0         0
             29.7778 -0.386859   33.0279   88.3041 -0.100573 0.0961241 0.0100042  0.00169223 -0.00648092    0.015648 -0.000475913 -0.000190741  -0.00168232 -0.00655749 -0.00775975 -0.00302379 0.0215161         0         0
             29.8777 -0.438977   33.0395   88.2508 -0.0999575  0.0952399  0.0116589 0.00890143 -0.0152559    0.01715 -0.000475925 -0.000190789  -0.00168235 -0.00655781 -0.00776003 -0.00302648 0.0196563         0         0
